condition,dataset,model,seed,qid,historical_entropy,raw_entropy,raw_historical_partition_match,normalized_entropy,normalized_historical_partition_match,normalization_partition_changed,raw_order_partition_change_fraction,raw_order_entropy_change_fraction,raw_order_entropy_range,normalized_order_partition_change_fraction,normalized_order_entropy_change_fraction,normalized_order_entropy_range
chat_0shot,nqopen,meta-llama_Llama-3.1-70B-Instruct,42,014b3024a63a5fe732951ad85db7b2b6fcdf27cde83d3d42ee6396d39ece5133,2.1639556568820564,2.1639556568820564,True,2.1639556568820564,True,False,0.0,0.0,0.0,0.0,0.0,0.0
chat_0shot,nqopen,meta-llama_Llama-3.1-70B-Instruct,42,0413ae198cc06d84721086d8cb98246c9ebe18ffeee70f7d332f88e771812e2c,1.1682824501765625,1.1682824501765625,True,1.1682824501765625,True,False,0.0,0.0,0.0,0.0,0.0,0.0
chat_0shot,nqopen,meta-llama_Llama-3.1-70B-Instruct,42,0602a62395dfe52f9cd2231de632af8e0e24a607b1f87c75b223cde612c708c1,1.6094379124341003,1.6094379124341005,True,1.7480673485460891,False,True,0.56,0.26,0.19095425048844383,0.0,0.0,0.0
chat_0shot,nqopen,meta-llama_Llama-3.1-70B-Instruct,42,2eead6e6cf31d5470eae4cd197c56f827a92ab6fef61956f93a6d36802201b95,1.9730014063936123,1.9730014063936128,True,1.8866967846580787,False,True,0.0,0.0,0.0,0.92,0.86,0.468213122712422
chat_0shot,nqopen,meta-llama_Llama-3.1-70B-Instruct,42,328ab41ed3800ab4195dbc715ba1e745a556dcd315a49ef94c7f5bba30bc573e,1.0888999753452235,1.0888999753452235,True,1.0888999753452235,True,False,0.0,0.0,0.0,0.0,0.0,0.0
chat_0shot,nqopen,meta-llama_Llama-3.1-70B-Instruct,42,42d5bff75c2711746321bd994bb06777fa9176abb51b1c599717e0f095614970,0.8979457248567797,0.8979457248567797,True,0.639031859650177,False,True,0.0,0.0,0.0,0.98,0.98,0.3043165326788624
chat_0shot,nqopen,meta-llama_Llama-3.1-70B-Instruct,42,4a29a777fc433f40c0e56138613caa38350cbf3a3f719eaf63ffcf7641b9abe7,1.0888999753452235,1.0888999753452235,True,1.0888999753452235,True,False,0.0,0.0,0.0,0.68,0.68,0.47803567329033025
chat_0shot,nqopen,meta-llama_Llama-3.1-70B-Instruct,42,52ecc2eb7f2fbd206b2c440063a1e94ff609aa31733c8991857dc9186bf6119e,0.5004024235381879,0.5004024235381879,True,0.5004024235381879,True,False,0.0,0.0,0.0,0.0,0.0,0.0
chat_0shot,nqopen,meta-llama_Llama-3.1-70B-Instruct,42,62d564cdcc762ee9f68eea3dc56aedc5e2596d254010957bf73e8d364bd65f88,1.2275294114572126,1.2275294114572126,True,0.9404479886553264,False,True,0.82,0.72,0.19095425048844406,0.0,0.0,0.0
chat_0shot,nqopen,meta-llama_Llama-3.1-70B-Instruct,42,727f18113bffe90e8b67050699c6333174658ff8a2d8b2c599f0cf0368c961f3,1.6434177197931796,1.6434177197931799,True,1.6434177197931799,True,False,0.0,0.0,0.0,0.0,0.0,0.0
chat_0shot,nqopen,meta-llama_Llama-3.1-70B-Instruct,42,739347c6bf57ff11ad885ba999e3821a5cf2c0c96db979108854102acb881077,1.4708084763221114,1.4708084763221114,True,1.5571130980576458,False,True,0.94,0.68,0.41588830833596724,0.7,0.7,0.27725887222397816
chat_0shot,nqopen,meta-llama_Llama-3.1-70B-Instruct,42,7fd9dec4732e923c2427a5accc3ffde69e29205103d0d809e23149d644ab61b0,2.3025850929940455,2.3025850929940455,True,2.1639556568820564,False,True,0.0,0.0,0.0,0.0,0.0,0.0
chat_0shot,nqopen,meta-llama_Llama-3.1-70B-Instruct,42,8232dce80592684f709640bccdb880a4b077ca6f4a7a4211cf2330c972636b1a,2.1639556568820564,2.1639556568820564,True,2.3025850929940455,False,True,0.0,0.0,0.0,0.0,0.0,0.0
chat_0shot,nqopen,meta-llama_Llama-3.1-70B-Instruct,42,8ba3bcbf1c0c5c613505441dc45712c1259f0dd02b903603c694d4838c726713,1.7480673485460891,1.7480673485460891,True,1.7480673485460891,True,False,0.0,0.0,0.0,0.0,0.0,0.0
chat_0shot,nqopen,meta-llama_Llama-3.1-70B-Instruct,42,9b7bf0491c787584fe718dc4aed469090faea5cf489e1c5f6f9b8989d4a588ef,2.3025850929940455,2.3025850929940455,True,2.3025850929940455,True,False,0.0,0.0,0.0,0.0,0.0,0.0
chat_0shot,nqopen,meta-llama_Llama-3.1-70B-Instruct,42,9fc8872d1a75b8bec1be62cedb5a99f18f38d85af0c60b3ed3a2a8c2522c4822,0.9404479886553263,0.9404479886553264,True,0.9404479886553264,True,False,0.0,0.0,0.0,0.26,0.26,0.47803567329033025
chat_0shot,nqopen,meta-llama_Llama-3.1-70B-Instruct,42,a368dadfabd5452e4a375bec52f63b5bc4d5e271a91ea0d7948627e82b8e3894,1.1682824501765625,1.1682824501765625,True,1.6434177197931799,False,True,0.96,0.94,0.67480217354257,0.86,0.62,0.5274600839930723
chat_0shot,nqopen,meta-llama_Llama-3.1-70B-Instruct,42,a6c4a48ac29e8dbb8737a30700e64233736853c3f246e05bf7c12dfe0d36ce83,0.3250829733914482,0.3250829733914482,True,0.3250829733914482,True,False,0.0,0.0,0.0,0.0,0.0,0.0
chat_0shot,nqopen,meta-llama_Llama-3.1-70B-Instruct,42,a9d438c48e015f6f57b24735f0675d9baac0c37c47da0073ae4c37280035f765,1.0549201679861442,1.0549201679861442,True,1.0549201679861442,True,False,0.0,0.0,0.0,0.0,0.0,0.0
chat_0shot,nqopen,meta-llama_Llama-3.1-70B-Instruct,42,c4095162e975ae9e902e639075e286229bbe31cc3bb692c22fd4b6d92f5afb80,0.6108643020548935,0.6108643020548935,True,0.8018185525433373,False,True,0.0,0.0,0.0,0.0,0.0,0.0
chat_0shot,nqopen,meta-llama_Llama-3.1-70B-Instruct,42,ca01e8e927d0afe120aa0ae8125b2be82b52dcfbbf46e8dd1aef005a863c7f85,2.0253262207700673,2.0253262207700677,True,2.0253262207700677,True,False,0.0,0.0,0.0,0.0,0.0,0.0
chat_0shot,nqopen,meta-llama_Llama-3.1-70B-Instruct,42,d76920d7663086920ebe31a1a0b4ad00421eab647340116f3565c3aedf0f7b38,0.3250829733914482,0.3250829733914482,True,0.8979457248567797,False,True,0.0,0.0,0.0,0.0,0.0,0.0
chat_0shot,nqopen,meta-llama_Llama-3.1-70B-Instruct,42,e4f72a0f716b802a3d9dffb70a02d72fcf5713765cdf0887068cab7166e3b623,0.3250829733914482,0.3250829733914482,True,0.3250829733914482,True,False,0.58,0.58,0.5004024235381879,0.58,0.58,0.5004024235381879
chat_0shot,nqopen,meta-llama_Llama-3.1-70B-Instruct,42,e7d880797945683dd8850d01a1b65c62a1a3c74b342c271f754789529edcea37,2.1639556568820564,2.1639556568820564,True,2.1639556568820564,True,False,0.0,0.0,0.0,0.0,0.0,0.0
chat_0shot,nqopen,meta-llama_Llama-3.1-70B-Instruct,42,e8acce5cd65fc0767731d32080019eaf4e6f3308959204fe91c0bf4351181762,0.9404479886553263,0.9404479886553264,True,1.2275294114572126,False,True,0.0,0.0,0.0,0.0,0.0,0.0
chat_0shot,nqopen,meta-llama_Llama-3.1-70B-Instruct,42,e9c6e4a554bfb56b9bed499f741646e94f81ee2ad2cdd516bacae06d64e7567c,2.3025850929940455,2.3025850929940455,True,2.3025850929940455,True,False,0.0,0.0,0.0,0.0,0.0,0.0
chat_0shot,nqopen,meta-llama_Llama-3.1-70B-Instruct,42,f27661bfd0dbe768c113f5b8001b2466667d4b5f7f823f8c65cd4ab05fdb9fbf,2.1639556568820564,2.1639556568820564,True,2.1639556568820564,True,False,0.0,0.0,0.0,0.0,0.0,0.0
chat_0shot,nqopen,meta-llama_Llama-3.1-70B-Instruct,42,f29a02198aa504e766b0781b191d5db224877b4fca6e7314daa4f512018ac82f,0.639031859650177,0.639031859650177,True,0.9404479886553264,False,True,0.58,0.58,0.5545177444479563,0.0,0.0,0.0
chat_0shot,nqopen,meta-llama_Llama-3.1-70B-Instruct,42,f2e6a577b3b4dbb48890b79b656753f85b223f3dfcf96fe93b17d7a538f3768a,0.639031859650177,0.639031859650177,True,0.3250829733914482,False,True,0.22,0.22,0.5545177444479563,0.22,0.22,0.6182654189375911
chat_0shot,nqopen,meta-llama_Llama-3.1-70B-Instruct,42,fd9e6277ae791a7fa389032de85facbc280153e71c623273b1f9e3877d8088d8,-0.0,-0.0,True,0.5004024235381879,False,True,0.0,0.0,0.0,0.88,0.74,0.19274475702175742
chat_0shot,nqopen,meta-llama_Llama-3.1-8B-Instruct,42,014b3024a63a5fe732951ad85db7b2b6fcdf27cde83d3d42ee6396d39ece5133,2.3025850929940455,2.3025850929940455,True,2.3025850929940455,True,False,0.0,0.0,0.0,0.0,0.0,0.0
chat_0shot,nqopen,meta-llama_Llama-3.1-8B-Instruct,42,0413ae198cc06d84721086d8cb98246c9ebe18ffeee70f7d332f88e771812e2c,2.0253262207700673,2.0253262207700677,True,2.0253262207700677,False,True,0.0,0.0,0.0,0.0,0.0,0.0
chat_0shot,nqopen,meta-llama_Llama-3.1-8B-Instruct,42,0602a62395dfe52f9cd2231de632af8e0e24a607b1f87c75b223cde612c708c1,2.0253262207700673,2.0253262207700677,True,2.1639556568820564,False,True,0.82,0.5,0.19095425048844406,0.0,0.0,0.0
chat_0shot,nqopen,meta-llama_Llama-3.1-8B-Instruct,42,2eead6e6cf31d5470eae4cd197c56f827a92ab6fef61956f93a6d36802201b95,2.0253262207700673,2.0253262207700677,True,2.0253262207700677,False,True,0.0,0.0,0.0,0.0,0.0,0.0
chat_0shot,nqopen,meta-llama_Llama-3.1-8B-Instruct,42,328ab41ed3800ab4195dbc715ba1e745a556dcd315a49ef94c7f5bba30bc573e,1.7480673485460891,1.7480673485460891,True,1.2798542258336676,False,True,0.0,0.0,0.0,0.88,0.7,0.33650583350462826
chat_0shot,nqopen,meta-llama_Llama-3.1-8B-Instruct,42,42d5bff75c2711746321bd994bb06777fa9176abb51b1c599717e0f095614970,1.7480673485460891,1.7480673485460891,True,1.9730014063936128,False,True,0.7,0.7,0.41588830833596724,0.58,0.58,0.1909542504884436
chat_0shot,nqopen,meta-llama_Llama-3.1-8B-Instruct,42,4a29a777fc433f40c0e56138613caa38350cbf3a3f719eaf63ffcf7641b9abe7,1.9730014063936123,1.9730014063936128,True,1.9730014063936128,True,False,0.64,0.64,0.2772588722239786,0.66,0.66,0.5274600839930723
chat_0shot,nqopen,meta-llama_Llama-3.1-8B-Instruct,42,52ecc2eb7f2fbd206b2c440063a1e94ff609aa31733c8991857dc9186bf6119e,0.9404479886553263,0.9404479886553264,True,1.2275294114572126,False,True,0.0,0.0,0.0,0.62,0.62,0.41878871200968015
chat_0shot,nqopen,meta-llama_Llama-3.1-8B-Instruct,42,62d564cdcc762ee9f68eea3dc56aedc5e2596d254010957bf73e8d364bd65f88,2.3025850929940455,2.3025850929940455,True,2.3025850929940455,True,False,0.0,0.0,0.0,0.0,0.0,0.0
chat_0shot,nqopen,meta-llama_Llama-3.1-8B-Instruct,42,727f18113bffe90e8b67050699c6333174658ff8a2d8b2c599f0cf0368c961f3,1.6094379124341005,1.6094379124341005,True,1.7480673485460891,False,True,0.76,0.76,0.38883064788108324,0.78,0.68,0.08630462173553455
chat_0shot,nqopen,meta-llama_Llama-3.1-8B-Instruct,42,739347c6bf57ff11ad885ba999e3821a5cf2c0c96db979108854102acb881077,2.1639556568820564,2.1639556568820564,True,2.3025850929940455,False,True,0.0,0.0,0.0,0.0,0.0,0.0
chat_0shot,nqopen,meta-llama_Llama-3.1-8B-Instruct,42,7fd9dec4732e923c2427a5accc3ffde69e29205103d0d809e23149d644ab61b0,2.1639556568820564,2.1639556568820564,True,2.1639556568820564,True,False,0.0,0.0,0.0,0.0,0.0,0.0
chat_0shot,nqopen,meta-llama_Llama-3.1-8B-Instruct,42,8232dce80592684f709640bccdb880a4b077ca6f4a7a4211cf2330c972636b1a,2.1639556568820564,2.1639556568820564,True,2.0253262207700677,False,True,0.0,0.0,0.0,0.68,0.68,0.2772588722239786
chat_0shot,nqopen,meta-llama_Llama-3.1-8B-Instruct,42,8ba3bcbf1c0c5c613505441dc45712c1259f0dd02b903603c694d4838c726713,2.3025850929940455,2.3025850929940455,True,2.3025850929940455,True,False,0.0,0.0,0.0,0.0,0.0,0.0
chat_0shot,nqopen,meta-llama_Llama-3.1-8B-Instruct,42,9b7bf0491c787584fe718dc4aed469090faea5cf489e1c5f6f9b8989d4a588ef,2.3025850929940455,2.3025850929940455,True,2.1639556568820564,False,True,0.0,0.0,0.0,0.0,0.0,0.0
chat_0shot,nqopen,meta-llama_Llama-3.1-8B-Instruct,42,9fc8872d1a75b8bec1be62cedb5a99f18f38d85af0c60b3ed3a2a8c2522c4822,2.1639556568820564,2.1639556568820564,True,2.1639556568820564,False,True,0.0,0.0,0.0,0.0,0.0,0.0
chat_0shot,nqopen,meta-llama_Llama-3.1-8B-Instruct,42,a368dadfabd5452e4a375bec52f63b5bc4d5e271a91ea0d7948627e82b8e3894,1.2798542258336674,1.2798542258336676,True,1.6957425341696348,False,True,0.98,0.96,0.9180812384074688,0.38,0.1,0.08630462173553433
chat_0shot,nqopen,meta-llama_Llama-3.1-8B-Instruct,42,a6c4a48ac29e8dbb8737a30700e64233736853c3f246e05bf7c12dfe0d36ce83,2.0253262207700673,2.0253262207700677,True,1.9730014063936128,False,True,0.0,0.0,0.0,0.84,0.72,0.5274600839930723
chat_0shot,nqopen,meta-llama_Llama-3.1-8B-Instruct,42,a9d438c48e015f6f57b24735f0675d9baac0c37c47da0073ae4c37280035f765,1.0888999753452235,1.0888999753452235,True,0.9404479886553264,False,True,0.6,0.56,0.5643402950258644,0.64,0.64,0.4498681156950466
chat_0shot,nqopen,meta-llama_Llama-3.1-8B-Instruct,42,c4095162e975ae9e902e639075e286229bbe31cc3bb692c22fd4b6d92f5afb80,2.0253262207700673,2.0253262207700677,True,2.0253262207700677,True,False,0.0,0.0,0.0,0.0,0.0,0.0
chat_0shot,nqopen,meta-llama_Llama-3.1-8B-Instruct,42,ca01e8e927d0afe120aa0ae8125b2be82b52dcfbbf46e8dd1aef005a863c7f85,2.3025850929940455,2.3025850929940455,True,2.3025850929940455,True,False,0.0,0.0,0.0,0.0,0.0,0.0
chat_0shot,nqopen,meta-llama_Llama-3.1-8B-Instruct,42,d76920d7663086920ebe31a1a0b4ad00421eab647340116f3565c3aedf0f7b38,2.1639556568820564,2.1639556568820564,True,2.1639556568820564,False,True,0.72,0.38,0.1909542504884436,0.0,0.0,0.0
chat_0shot,nqopen,meta-llama_Llama-3.1-8B-Instruct,42,e4f72a0f716b802a3d9dffb70a02d72fcf5713765cdf0887068cab7166e3b623,0.639031859650177,0.639031859650177,True,0.639031859650177,True,False,0.68,0.68,0.5545177444479563,0.0,0.0,0.0
chat_0shot,nqopen,meta-llama_Llama-3.1-8B-Instruct,42,e7d880797945683dd8850d01a1b65c62a1a3c74b342c271f754789529edcea37,2.1639556568820564,2.1639556568820564,True,2.1639556568820564,True,False,0.0,0.0,0.0,0.0,0.0,0.0
chat_0shot,nqopen,meta-llama_Llama-3.1-8B-Instruct,42,e8acce5cd65fc0767731d32080019eaf4e6f3308959204fe91c0bf4351181762,1.9730014063936123,1.9730014063936128,True,1.8343719702816237,False,True,0.64,0.64,0.1909542504884436,0.0,0.0,0.0
chat_0shot,nqopen,meta-llama_Llama-3.1-8B-Instruct,42,e9c6e4a554bfb56b9bed499f741646e94f81ee2ad2cdd516bacae06d64e7567c,2.3025850929940455,2.3025850929940455,True,2.1639556568820564,False,True,0.0,0.0,0.0,0.76,0.44,0.1909542504884436
chat_0shot,nqopen,meta-llama_Llama-3.1-8B-Instruct,42,f27661bfd0dbe768c113f5b8001b2466667d4b5f7f823f8c65cd4ab05fdb9fbf,1.9730014063936125,1.9730014063936128,True,1.9730014063936128,True,False,0.0,0.0,0.0,0.0,0.0,0.0
chat_0shot,nqopen,meta-llama_Llama-3.1-8B-Instruct,42,f29a02198aa504e766b0781b191d5db224877b4fca6e7314daa4f512018ac82f,1.8343719702816235,1.8343719702816237,True,1.4978661367769954,False,True,0.94,0.94,0.5274600839930723,0.86,0.86,0.33650583350462826
chat_0shot,nqopen,meta-llama_Llama-3.1-8B-Instruct,42,f2e6a577b3b4dbb48890b79b656753f85b223f3dfcf96fe93b17d7a538f3768a,2.0253262207700673,2.0253262207700677,True,1.6094379124341005,False,True,0.0,0.0,0.0,0.84,0.72,0.14555158301618443
chat_0shot,nqopen,meta-llama_Llama-3.1-8B-Instruct,42,fd9e6277ae791a7fa389032de85facbc280153e71c623273b1f9e3877d8088d8,1.8343719702816235,1.8343719702816237,True,1.8866967846580787,False,True,0.4,0.36,0.08630462173553455,0.64,0.44,0.27725887222397816
chat_0shot,nqopen,mistralai_Mistral-7B-Instruct-v0.3,42,014b3024a63a5fe732951ad85db7b2b6fcdf27cde83d3d42ee6396d39ece5133,1.5047882836811908,1.5047882836811908,True,1.2798542258336676,False,True,0.0,0.0,0.0,0.0,0.0,0.0
chat_0shot,nqopen,mistralai_Mistral-7B-Instruct-v0.3,42,0413ae198cc06d84721086d8cb98246c9ebe18ffeee70f7d332f88e771812e2c,1.5571130980576455,1.5571130980576458,True,1.5571130980576458,False,True,0.0,0.0,0.0,0.84,0.16,0.08630462173553433
chat_0shot,nqopen,mistralai_Mistral-7B-Instruct-v0.3,42,0602a62395dfe52f9cd2231de632af8e0e24a607b1f87c75b223cde612c708c1,0.639031859650177,0.639031859650177,True,0.639031859650177,True,False,0.0,0.0,0.0,0.0,0.0,0.0
chat_0shot,nqopen,mistralai_Mistral-7B-Instruct-v0.3,42,2eead6e6cf31d5470eae4cd197c56f827a92ab6fef61956f93a6d36802201b95,-0.0,-0.0,True,-0.0,True,False,0.0,0.0,0.0,0.0,0.0,0.0
chat_0shot,nqopen,mistralai_Mistral-7B-Instruct-v0.3,42,328ab41ed3800ab4195dbc715ba1e745a556dcd315a49ef94c7f5bba30bc573e,0.8018185525433373,0.8018185525433373,True,0.8018185525433373,True,False,0.0,0.0,0.0,0.0,0.0,0.0
chat_0shot,nqopen,mistralai_Mistral-7B-Instruct-v0.3,42,42d5bff75c2711746321bd994bb06777fa9176abb51b1c599717e0f095614970,-0.0,-0.0,True,-0.0,True,False,0.0,0.0,0.0,0.0,0.0,0.0
chat_0shot,nqopen,mistralai_Mistral-7B-Instruct-v0.3,42,4a29a777fc433f40c0e56138613caa38350cbf3a3f719eaf63ffcf7641b9abe7,2.3025850929940455,2.3025850929940455,True,2.3025850929940455,True,False,0.0,0.0,0.0,0.0,0.0,0.0
chat_0shot,nqopen,mistralai_Mistral-7B-Instruct-v0.3,42,52ecc2eb7f2fbd206b2c440063a1e94ff609aa31733c8991857dc9186bf6119e,0.3250829733914482,0.3250829733914482,True,0.3250829733914482,True,False,0.0,0.0,0.0,0.0,0.0,0.0
chat_0shot,nqopen,mistralai_Mistral-7B-Instruct-v0.3,42,62d564cdcc762ee9f68eea3dc56aedc5e2596d254010957bf73e8d364bd65f88,2.3025850929940455,2.3025850929940455,True,2.3025850929940455,True,False,0.0,0.0,0.0,0.0,0.0,0.0
chat_0shot,nqopen,mistralai_Mistral-7B-Instruct-v0.3,42,727f18113bffe90e8b67050699c6333174658ff8a2d8b2c599f0cf0368c961f3,1.3592367006650063,1.3592367006650066,True,1.3592367006650066,False,True,0.0,0.0,0.0,0.76,0.26,0.41588830833596724
chat_0shot,nqopen,mistralai_Mistral-7B-Instruct-v0.3,42,739347c6bf57ff11ad885ba999e3821a5cf2c0c96db979108854102acb881077,2.0253262207700673,2.0253262207700677,True,2.1639556568820564,False,True,0.0,0.0,0.0,0.0,0.0,0.0
chat_0shot,nqopen,mistralai_Mistral-7B-Instruct-v0.3,42,7fd9dec4732e923c2427a5accc3ffde69e29205103d0d809e23149d644ab61b0,1.6957425341696346,1.6957425341696348,True,1.8343719702816237,False,True,1.0,0.84,0.388830647881083,0.62,0.62,0.27725887222397816
chat_0shot,nqopen,mistralai_Mistral-7B-Instruct-v0.3,42,8232dce80592684f709640bccdb880a4b077ca6f4a7a4211cf2330c972636b1a,1.8343719702816235,1.8343719702816237,True,1.4978661367769954,False,True,0.98,0.8,0.659167373200866,0.58,0.58,0.33650583350462826
chat_0shot,nqopen,mistralai_Mistral-7B-Instruct-v0.3,42,8ba3bcbf1c0c5c613505441dc45712c1259f0dd02b903603c694d4838c726713,1.4978661367769954,1.4978661367769954,True,1.4978661367769954,True,False,0.0,0.0,0.0,0.0,0.0,0.0
chat_0shot,nqopen,mistralai_Mistral-7B-Instruct-v0.3,42,9b7bf0491c787584fe718dc4aed469090faea5cf489e1c5f6f9b8989d4a588ef,2.3025850929940455,2.3025850929940455,True,2.3025850929940455,True,False,0.0,0.0,0.0,0.0,0.0,0.0
chat_0shot,nqopen,mistralai_Mistral-7B-Instruct-v0.3,42,9fc8872d1a75b8bec1be62cedb5a99f18f38d85af0c60b3ed3a2a8c2522c4822,0.3250829733914482,0.3250829733914482,True,0.3250829733914482,True,False,0.0,0.0,0.0,0.0,0.0,0.0
chat_0shot,nqopen,mistralai_Mistral-7B-Instruct-v0.3,42,a368dadfabd5452e4a375bec52f63b5bc4d5e271a91ea0d7948627e82b8e3894,1.5571130980576458,1.5571130980576458,True,1.9730014063936128,False,True,0.92,0.78,0.3819085009768879,0.0,0.0,0.0
chat_0shot,nqopen,mistralai_Mistral-7B-Instruct-v0.3,42,a6c4a48ac29e8dbb8737a30700e64233736853c3f246e05bf7c12dfe0d36ce83,0.9433483923290391,0.9433483923290393,True,1.2798542258336676,False,True,0.0,0.0,0.0,0.0,0.0,0.0
chat_0shot,nqopen,mistralai_Mistral-7B-Instruct-v0.3,42,a9d438c48e015f6f57b24735f0675d9baac0c37c47da0073ae4c37280035f765,-0.0,-0.0,True,-0.0,True,False,0.0,0.0,0.0,0.0,0.0,0.0
chat_0shot,nqopen,mistralai_Mistral-7B-Instruct-v0.3,42,c4095162e975ae9e902e639075e286229bbe31cc3bb692c22fd4b6d92f5afb80,0.3250829733914482,0.3250829733914482,True,0.3250829733914482,True,False,0.0,0.0,0.0,0.0,0.0,0.0
chat_0shot,nqopen,mistralai_Mistral-7B-Instruct-v0.3,42,ca01e8e927d0afe120aa0ae8125b2be82b52dcfbbf46e8dd1aef005a863c7f85,1.0888999753452235,1.0888999753452235,True,0.9404479886553264,False,True,0.62,0.56,0.25310161544280685,0.84,0.84,0.25310161544280685
chat_0shot,nqopen,mistralai_Mistral-7B-Instruct-v0.3,42,d76920d7663086920ebe31a1a0b4ad00421eab647340116f3565c3aedf0f7b38,0.5004024235381879,0.5004024235381879,True,0.5004024235381879,True,False,0.0,0.0,0.0,0.0,0.0,0.0
chat_0shot,nqopen,mistralai_Mistral-7B-Instruct-v0.3,42,e4f72a0f716b802a3d9dffb70a02d72fcf5713765cdf0887068cab7166e3b623,1.0888999753452235,1.0888999753452235,True,0.639031859650177,False,True,0.0,0.0,0.0,0.0,0.0,0.0
chat_0shot,nqopen,mistralai_Mistral-7B-Instruct-v0.3,42,e7d880797945683dd8850d01a1b65c62a1a3c74b342c271f754789529edcea37,2.3025850929940455,2.3025850929940455,True,2.3025850929940455,True,False,0.0,0.0,0.0,0.0,0.0,0.0
chat_0shot,nqopen,mistralai_Mistral-7B-Instruct-v0.3,42,e8acce5cd65fc0767731d32080019eaf4e6f3308959204fe91c0bf4351181762,0.9433483923290391,0.9433483923290393,True,0.9433483923290393,False,True,0.52,0.16,0.6182654189375911,0.0,0.0,0.0
chat_0shot,nqopen,mistralai_Mistral-7B-Instruct-v0.3,42,e9c6e4a554bfb56b9bed499f741646e94f81ee2ad2cdd516bacae06d64e7567c,1.6957425341696346,1.6957425341696348,True,1.6957425341696348,True,False,0.0,0.0,0.0,0.0,0.0,0.0
chat_0shot,nqopen,mistralai_Mistral-7B-Instruct-v0.3,42,f27661bfd0dbe768c113f5b8001b2466667d4b5f7f823f8c65cd4ab05fdb9fbf,2.3025850929940455,2.3025850929940455,True,2.3025850929940455,True,False,0.0,0.0,0.0,0.0,0.0,0.0
chat_0shot,nqopen,mistralai_Mistral-7B-Instruct-v0.3,42,f29a02198aa504e766b0781b191d5db224877b4fca6e7314daa4f512018ac82f,1.6094379124341003,1.6094379124341005,True,1.6094379124341005,True,False,0.0,0.0,0.0,0.0,0.0,0.0
chat_0shot,nqopen,mistralai_Mistral-7B-Instruct-v0.3,42,f2e6a577b3b4dbb48890b79b656753f85b223f3dfcf96fe93b17d7a538f3768a,1.6957425341696346,1.6957425341696348,True,1.6957425341696348,True,False,0.92,0.6,0.27725887222397816,0.92,0.6,0.27725887222397816
chat_0shot,nqopen,mistralai_Mistral-7B-Instruct-v0.3,42,fd9e6277ae791a7fa389032de85facbc280153e71c623273b1f9e3877d8088d8,0.3250829733914482,0.3250829733914482,True,-0.0,False,True,0.0,0.0,0.0,0.0,0.0,0.0
chat_0shot,svamp,meta-llama_Llama-3.1-70B-Instruct,42,004bc65ee89a10b5ef76ce5691b6419422ede33c4a5ab49292e9b29c0607d07b,0.6730116670092565,0.6730116670092565,True,-0.0,False,True,1.0,0.92,0.6931471805599453,0.0,0.0,0.0
chat_0shot,svamp,meta-llama_Llama-3.1-70B-Instruct,42,0a2a57b176707be7d9c3f313d986eb302350cfec2e695bfa2f97b278e14176c6,-0.0,-0.0,True,0.639031859650177,False,True,0.0,0.0,0.0,0.0,0.0,0.0
chat_0shot,svamp,meta-llama_Llama-3.1-70B-Instruct,42,24eb15fee109c4137191802bf9ae677c8609e137edc9a59c37607e9847b48016,1.6957425341696346,1.6957425341696348,True,1.8343719702816237,False,True,0.74,0.74,0.33650583350462826,0.0,0.0,0.0
chat_0shot,svamp,meta-llama_Llama-3.1-70B-Instruct,42,291b2273c741f4aff228f510bf3909ab1d4ced1b2879db7f4052f7c49fcaf416,1.6957425341696346,1.6957425341696348,True,1.6957425341696348,True,False,0.0,0.0,0.0,0.0,0.0,0.0
chat_0shot,svamp,meta-llama_Llama-3.1-70B-Instruct,42,3ac55743f881aaf9e314fb897b0148cdd4285d637d3c0c40658ed15a106be1b2,-0.0,-0.0,True,0.3250829733914482,False,True,0.0,0.0,0.0,0.0,0.0,0.0
chat_0shot,svamp,meta-llama_Llama-3.1-70B-Instruct,42,3e213ffca7c0fe2d534da8d1510f3598c7186e426cacad254a76d195164c2790,-0.0,-0.0,True,-0.0,True,False,0.4,0.4,0.6931471805599453,0.0,0.0,0.0
chat_0shot,svamp,meta-llama_Llama-3.1-70B-Instruct,42,4428bdd91bc27a2b62861973a9e95fc8d55b83cf90bf1ad08e7325b72c778c82,-0.0,-0.0,True,-0.0,True,False,0.0,0.0,0.0,0.0,0.0,0.0
chat_0shot,svamp,meta-llama_Llama-3.1-70B-Instruct,42,54cb60f622250aa5b6e09b5d09978cc42cf89ed73002dd643c20ff59eaefae81,-0.0,-0.0,True,-0.0,True,False,0.0,0.0,0.0,0.0,0.0,0.0
chat_0shot,svamp,meta-llama_Llama-3.1-70B-Instruct,42,5cca247b73c7e7800b4dffab4af6bc3d0a7de509dd6d5e05c87ddbed732fde17,0.6108643020548935,0.6108643020548935,True,-0.0,False,True,0.94,0.86,0.6931471805599453,0.0,0.0,0.0
chat_0shot,svamp,meta-llama_Llama-3.1-70B-Instruct,42,6efc2d0753072ee3e59e1f0da38a4091d57431ef7999f3a0c1e5874953718c14,-0.0,-0.0,True,-0.0,True,False,0.0,0.0,0.0,0.0,0.0,0.0
chat_0shot,svamp,meta-llama_Llama-3.1-70B-Instruct,42,73263111e8df71d59515fdaf45c3a19842ef6131332f10f1ce8ea7f4feaf7703,-0.0,-0.0,True,-0.0,True,False,0.0,0.0,0.0,0.0,0.0,0.0
chat_0shot,svamp,meta-llama_Llama-3.1-70B-Instruct,42,7d81a5ff9455ec4b69da60029bb28f7863c67e7550415fe59f3d834c00df684f,-0.0,-0.0,True,-0.0,True,False,0.0,0.0,0.0,0.0,0.0,0.0
chat_0shot,svamp,meta-llama_Llama-3.1-70B-Instruct,42,8036d136aac5d4b146c2c5d063c75fc77fa9b72d4b589626677be5a7668ac7bb,-0.0,-0.0,True,-0.0,True,False,0.0,0.0,0.0,0.0,0.0,0.0
chat_0shot,svamp,meta-llama_Llama-3.1-70B-Instruct,42,8069263ed43243cdb0f852b8ce0f160194e4f2a2f22e9b24eed659857b17fdc8,-0.0,-0.0,True,-0.0,True,False,0.0,0.0,0.0,0.0,0.0,0.0
chat_0shot,svamp,meta-llama_Llama-3.1-70B-Instruct,42,98d32fb83fc0b9ddbe4d54168c346a0805a5d5debf4966844890b5b7a728b5c4,-0.0,-0.0,True,-0.0,True,False,0.0,0.0,0.0,0.0,0.0,0.0
chat_0shot,svamp,meta-llama_Llama-3.1-70B-Instruct,42,9a9dfb2673e8f98b46ba7a5b1b57cb960a67dfa0d199663f68bcb69f65e22ec6,1.2798542258336676,1.2798542258336676,True,0.9502705392332347,False,True,0.92,0.8,0.41588830833596724,0.0,0.0,0.0
chat_0shot,svamp,meta-llama_Llama-3.1-70B-Instruct,42,9e94d3c46c57f224cd48d1d0444643dca60de71c7d014fd61ccf36b8aeb48dc5,0.6108643020548935,0.6108643020548935,True,-0.0,False,True,0.0,0.0,0.0,0.0,0.0,0.0
chat_0shot,svamp,meta-llama_Llama-3.1-70B-Instruct,42,a78a0e547921244ad1ab29f883b3f0726af6dd50cf3b9bda32210c50a7e731be,1.0888999753452235,1.0888999753452235,True,1.3592367006650066,False,True,0.9,0.9,0.41878871200968015,0.0,0.0,0.0
chat_0shot,svamp,meta-llama_Llama-3.1-70B-Instruct,42,abf771c1397a5ea4ae3e8ea877e2558e2431c4211857bee2db5b2e7cabbb8260,1.0549201679861442,1.0549201679861442,True,1.2798542258336676,False,True,0.86,0.6,1.0888999753452238,0.0,0.0,0.0
chat_0shot,svamp,meta-llama_Llama-3.1-70B-Instruct,42,adc9758b54f3f4f8366aa0031b6bd67d1b53bc6d2238a9f3eb4694efb320d010,-0.0,-0.0,True,-0.0,True,False,0.0,0.0,0.0,0.0,0.0,0.0
chat_0shot,svamp,meta-llama_Llama-3.1-70B-Instruct,42,b44378ec6b96d52b187a3df76585aa3089f5e500722354c573432562f1063785,0.8018185525433372,0.8018185525433373,True,0.8018185525433373,True,False,0.0,0.0,0.0,0.0,0.0,0.0
chat_0shot,svamp,meta-llama_Llama-3.1-70B-Instruct,42,b448b83bd5f17fb9f2ac89cbef57c6c99d37e4e8aa8740010cd1053a37d840d3,0.5004024235381879,0.5004024235381879,True,0.3250829733914482,False,True,0.54,0.54,0.5004024235381879,0.0,0.0,0.0
chat_0shot,svamp,meta-llama_Llama-3.1-70B-Instruct,42,c7f80664311b024001dcaac7d21749b1267f3ab7d29477cc823b4ff2f5332e2d,-0.0,-0.0,True,-0.0,True,False,0.0,0.0,0.0,0.0,0.0,0.0
chat_0shot,svamp,meta-llama_Llama-3.1-70B-Instruct,42,d2112fb47c9574f4d8c6cffef9088d17c128e8b271602def3a9c8e5988e93c39,-0.0,-0.0,True,-0.0,True,False,0.0,0.0,0.0,0.0,0.0,0.0
chat_0shot,svamp,meta-llama_Llama-3.1-70B-Instruct,42,da30e79449bea03b9815bfb7045b02eb9fdf2bd99eefc8e4bba3a7bf713cc4d3,-0.0,-0.0,True,-0.0,True,False,0.0,0.0,0.0,0.0,0.0,0.0
chat_0shot,svamp,meta-llama_Llama-3.1-70B-Instruct,42,e2e5d630fb43f9ba70d204069a92cbc8b904bb41469189648d46d0778d6ad207,0.8979457248567797,0.8979457248567797,True,0.6108643020548935,False,True,0.0,0.0,0.0,0.0,0.0,0.0
chat_0shot,svamp,meta-llama_Llama-3.1-70B-Instruct,42,e6b61846547584e4ba77b0368769b12bd5f88ab47bc1a73c793263c57d000d85,0.6108643020548935,0.6108643020548935,True,-0.0,False,True,0.26,0.26,0.19274475702175742,0.0,0.0,0.0
chat_0shot,svamp,meta-llama_Llama-3.1-70B-Instruct,42,e9f2f2c798f7ccab62a6ad038f19213a782cbd5581e4a14f3d9a1ef924f690d7,-0.0,-0.0,True,-0.0,True,False,0.0,0.0,0.0,0.0,0.0,0.0
chat_0shot,svamp,meta-llama_Llama-3.1-70B-Instruct,42,f284aa30d03b72286f53f9b997e8cbfd2069d4c0393896112817814bcb25e1a7,0.5004024235381879,0.5004024235381879,True,0.6108643020548935,False,True,0.2,0.2,0.5545177444479563,0.0,0.0,0.0
chat_0shot,svamp,meta-llama_Llama-3.1-70B-Instruct,42,fe6141fa32854b502c25c668eb2c6f49c6b160f4e254965fdb05790a546be29a,0.6730116670092565,0.6730116670092565,True,0.3250829733914482,False,True,0.88,0.5,0.3680642071684971,0.0,0.0,0.0
chat_0shot,svamp,meta-llama_Llama-3.1-8B-Instruct,42,004bc65ee89a10b5ef76ce5691b6419422ede33c4a5ab49292e9b29c0607d07b,-0.0,-0.0,True,0.3250829733914482,False,True,0.72,0.72,1.3661588475692017,0.0,0.0,0.0
chat_0shot,svamp,meta-llama_Llama-3.1-8B-Instruct,42,0a2a57b176707be7d9c3f313d986eb302350cfec2e695bfa2f97b278e14176c6,1.313834033192747,1.313834033192747,True,-0.0,False,True,1.0,1.0,1.3321790402101223,0.0,0.0,0.0
chat_0shot,svamp,meta-llama_Llama-3.1-8B-Instruct,42,24eb15fee109c4137191802bf9ae677c8609e137edc9a59c37607e9847b48016,0.9433483923290391,0.9433483923290393,True,1.7480673485460891,False,True,1.0,0.94,0.7638170019537756,0.0,0.0,0.0
chat_0shot,svamp,meta-llama_Llama-3.1-8B-Instruct,42,291b2273c741f4aff228f510bf3909ab1d4ced1b2879db7f4052f7c49fcaf416,1.0888999753452235,1.0888999753452235,True,1.4978661367769954,False,True,0.9,0.8,0.4682131227124222,0.0,0.0,0.0
chat_0shot,svamp,meta-llama_Llama-3.1-8B-Instruct,42,3ac55743f881aaf9e314fb897b0148cdd4285d637d3c0c40658ed15a106be1b2,1.0296530140645737,1.0296530140645737,True,0.639031859650177,False,True,1.0,0.88,1.0549201679861442,0.0,0.0,0.0
chat_0shot,svamp,meta-llama_Llama-3.1-8B-Instruct,42,3e213ffca7c0fe2d534da8d1510f3598c7186e426cacad254a76d195164c2790,0.9404479886553263,0.9404479886553264,True,2.1639556568820564,False,True,0.84,0.84,1.2320301246661975,0.0,0.0,0.0
chat_0shot,svamp,meta-llama_Llama-3.1-8B-Instruct,42,4428bdd91bc27a2b62861973a9e95fc8d55b83cf90bf1ad08e7325b72c778c82,0.639031859650177,0.639031859650177,True,0.3250829733914482,False,True,0.78,0.74,0.3043165326788624,0.0,0.0,0.0
chat_0shot,svamp,meta-llama_Llama-3.1-8B-Instruct,42,54cb60f622250aa5b6e09b5d09978cc42cf89ed73002dd643c20ff59eaefae81,0.639031859650177,0.639031859650177,True,0.8018185525433373,False,True,0.46,0.46,0.5545177444479563,0.0,0.0,0.0
chat_0shot,svamp,meta-llama_Llama-3.1-8B-Instruct,42,5cca247b73c7e7800b4dffab4af6bc3d0a7de509dd6d5e05c87ddbed732fde17,0.8018185525433372,0.8018185525433373,True,-0.0,False,True,1.0,0.92,0.7045700406731255,0.0,0.0,0.0
chat_0shot,svamp,meta-llama_Llama-3.1-8B-Instruct,42,6efc2d0753072ee3e59e1f0da38a4091d57431ef7999f3a0c1e5874953718c14,0.3250829733914482,0.3250829733914482,True,0.3250829733914482,False,True,0.82,0.82,1.2320301246661975,0.0,0.0,0.0
chat_0shot,svamp,meta-llama_Llama-3.1-8B-Instruct,42,73263111e8df71d59515fdaf45c3a19842ef6131332f10f1ce8ea7f4feaf7703,1.0888999753452238,1.0888999753452238,True,-0.0,False,True,1.0,0.96,1.0888999753452238,0.0,0.0,0.0
chat_0shot,svamp,meta-llama_Llama-3.1-8B-Instruct,42,7d81a5ff9455ec4b69da60029bb28f7863c67e7550415fe59f3d834c00df684f,-0.0,-0.0,True,-0.0,True,False,0.0,0.0,0.0,0.0,0.0,0.0
chat_0shot,svamp,meta-llama_Llama-3.1-8B-Instruct,42,8036d136aac5d4b146c2c5d063c75fc77fa9b72d4b589626677be5a7668ac7bb,0.3250829733914482,0.3250829733914482,True,-0.0,False,True,0.76,0.76,0.9547712524422194,0.0,0.0,0.0
chat_0shot,svamp,meta-llama_Llama-3.1-8B-Instruct,42,8069263ed43243cdb0f852b8ce0f160194e4f2a2f22e9b24eed659857b17fdc8,1.3592367006650063,1.3592367006650066,True,1.2798542258336676,False,True,1.0,0.74,0.5643402950258644,0.0,0.0,0.0
chat_0shot,svamp,meta-llama_Llama-3.1-8B-Instruct,42,98d32fb83fc0b9ddbe4d54168c346a0805a5d5debf4966844890b5b7a728b5c4,-0.0,-0.0,True,-0.0,True,False,0.0,0.0,0.0,0.0,0.0,0.0
chat_0shot,svamp,meta-llama_Llama-3.1-8B-Instruct,42,9a9dfb2673e8f98b46ba7a5b1b57cb960a67dfa0d199663f68bcb69f65e22ec6,0.9433483923290391,0.9433483923290393,True,2.0253262207700677,False,True,0.98,0.96,0.8501216236893099,0.0,0.0,0.0
chat_0shot,svamp,meta-llama_Llama-3.1-8B-Instruct,42,9e94d3c46c57f224cd48d1d0444643dca60de71c7d014fd61ccf36b8aeb48dc5,0.8018185525433373,0.8018185525433373,True,0.3250829733914482,False,True,0.94,0.92,0.9887510598012987,0.0,0.0,0.0
chat_0shot,svamp,meta-llama_Llama-3.1-8B-Instruct,42,a78a0e547921244ad1ab29f883b3f0726af6dd50cf3b9bda32210c50a7e731be,1.5047882836811908,1.5047882836811908,True,1.4708084763221114,False,True,1.0,0.82,0.5643402950258644,0.0,0.0,0.0
chat_0shot,svamp,meta-llama_Llama-3.1-8B-Instruct,42,abf771c1397a5ea4ae3e8ea877e2558e2431c4211857bee2db5b2e7cabbb8260,1.0888999753452238,1.0888999753452238,True,0.6730116670092565,False,True,1.0,0.86,1.0888999753452238,0.64,0.64,0.6730116670092565
chat_0shot,svamp,meta-llama_Llama-3.1-8B-Instruct,42,adc9758b54f3f4f8366aa0031b6bd67d1b53bc6d2238a9f3eb4694efb320d010,-0.0,-0.0,True,0.3250829733914482,False,True,0.92,0.92,1.0549201679861442,0.0,0.0,0.0
chat_0shot,svamp,meta-llama_Llama-3.1-8B-Instruct,42,b44378ec6b96d52b187a3df76585aa3089f5e500722354c573432562f1063785,-0.0,-0.0,True,1.6094379124341005,False,True,0.58,0.58,1.3661588475692017,0.46,0.46,0.14555158301618443
chat_0shot,svamp,meta-llama_Llama-3.1-8B-Instruct,42,b448b83bd5f17fb9f2ac89cbef57c6c99d37e4e8aa8740010cd1053a37d840d3,1.7480673485460891,1.7480673485460891,True,1.5047882836811908,False,True,0.72,0.54,0.08630462173553455,0.0,0.0,0.0
chat_0shot,svamp,meta-llama_Llama-3.1-8B-Instruct,42,c7f80664311b024001dcaac7d21749b1267f3ab7d29477cc823b4ff2f5332e2d,-0.0,-0.0,True,0.3250829733914482,False,True,0.92,0.92,0.6931471805599453,0.0,0.0,0.0
chat_0shot,svamp,meta-llama_Llama-3.1-8B-Instruct,42,d2112fb47c9574f4d8c6cffef9088d17c128e8b271602def3a9c8e5988e93c39,0.8979457248567798,0.8979457248567797,True,0.3250829733914482,False,True,0.98,0.94,0.6182654189375911,0.0,0.0,0.0
chat_0shot,svamp,meta-llama_Llama-3.1-8B-Instruct,42,da30e79449bea03b9815bfb7045b02eb9fdf2bd99eefc8e4bba3a7bf713cc4d3,1.2798542258336676,1.2798542258336676,True,-0.0,False,True,1.0,0.82,1.3661588475692017,0.0,0.0,0.0
chat_0shot,svamp,meta-llama_Llama-3.1-8B-Instruct,42,e2e5d630fb43f9ba70d204069a92cbc8b904bb41469189648d46d0778d6ad207,1.6434177197931796,1.6434177197931799,True,1.8343719702816237,False,True,0.98,0.9,0.4682131227124222,0.0,0.0,0.0
chat_0shot,svamp,meta-llama_Llama-3.1-8B-Instruct,42,e6b61846547584e4ba77b0368769b12bd5f88ab47bc1a73c793263c57d000d85,1.6957425341696346,1.6957425341696348,True,-0.0,False,True,0.66,0.12,0.33650583350462826,0.0,0.0,0.0
chat_0shot,svamp,meta-llama_Llama-3.1-8B-Instruct,42,e9f2f2c798f7ccab62a6ad038f19213a782cbd5581e4a14f3d9a1ef924f690d7,0.8018185525433372,0.8018185525433373,True,0.3250829733914482,False,True,0.98,0.82,0.7271269879190247,0.0,0.0,0.0
chat_0shot,svamp,meta-llama_Llama-3.1-8B-Instruct,42,f284aa30d03b72286f53f9b997e8cbfd2069d4c0393896112817814bcb25e1a7,-0.0,-0.0,True,0.639031859650177,False,True,0.76,0.76,0.6931471805599453,0.0,0.0,0.0
chat_0shot,svamp,meta-llama_Llama-3.1-8B-Instruct,42,fe6141fa32854b502c25c668eb2c6f49c6b160f4e254965fdb05790a546be29a,1.193549604098133,1.1935496040981333,True,0.5004024235381879,False,True,0.92,0.84,0.9547712524422194,0.0,0.0,0.0
chat_0shot,svamp,mistralai_Mistral-7B-Instruct-v0.3,42,004bc65ee89a10b5ef76ce5691b6419422ede33c4a5ab49292e9b29c0607d07b,-0.0,-0.0,True,-0.0,True,False,0.0,0.0,0.0,0.0,0.0,0.0
chat_0shot,svamp,mistralai_Mistral-7B-Instruct-v0.3,42,0a2a57b176707be7d9c3f313d986eb302350cfec2e695bfa2f97b278e14176c6,-0.0,-0.0,True,-0.0,True,False,0.0,0.0,0.0,0.0,0.0,0.0
chat_0shot,svamp,mistralai_Mistral-7B-Instruct-v0.3,42,24eb15fee109c4137191802bf9ae677c8609e137edc9a59c37607e9847b48016,-0.0,-0.0,True,-0.0,True,False,0.0,0.0,0.0,0.0,0.0,0.0
chat_0shot,svamp,mistralai_Mistral-7B-Instruct-v0.3,42,291b2273c741f4aff228f510bf3909ab1d4ced1b2879db7f4052f7c49fcaf416,0.5004024235381879,0.5004024235381879,True,0.5004024235381879,True,False,0.0,0.0,0.0,0.0,0.0,0.0
chat_0shot,svamp,mistralai_Mistral-7B-Instruct-v0.3,42,3ac55743f881aaf9e314fb897b0148cdd4285d637d3c0c40658ed15a106be1b2,-0.0,-0.0,True,-0.0,True,False,0.0,0.0,0.0,0.0,0.0,0.0
chat_0shot,svamp,mistralai_Mistral-7B-Instruct-v0.3,42,3e213ffca7c0fe2d534da8d1510f3598c7186e426cacad254a76d195164c2790,1.3592367006650063,1.3592367006650066,True,1.4978661367769954,False,True,0.32,0.32,0.19095425048844406,0.0,0.0,0.0
chat_0shot,svamp,mistralai_Mistral-7B-Instruct-v0.3,42,4428bdd91bc27a2b62861973a9e95fc8d55b83cf90bf1ad08e7325b72c778c82,0.3250829733914482,0.3250829733914482,True,1.2206072645530175,False,True,0.5,0.5,0.6182654189375911,0.0,0.0,0.0
chat_0shot,svamp,mistralai_Mistral-7B-Instruct-v0.3,42,54cb60f622250aa5b6e09b5d09978cc42cf89ed73002dd643c20ff59eaefae81,1.4708084763221112,1.4708084763221114,True,1.4708084763221114,True,False,0.0,0.0,0.0,0.0,0.0,0.0
chat_0shot,svamp,mistralai_Mistral-7B-Instruct-v0.3,42,5cca247b73c7e7800b4dffab4af6bc3d0a7de509dd6d5e05c87ddbed732fde17,-0.0,-0.0,True,-0.0,True,False,0.0,0.0,0.0,0.0,0.0,0.0
chat_0shot,svamp,mistralai_Mistral-7B-Instruct-v0.3,42,6efc2d0753072ee3e59e1f0da38a4091d57431ef7999f3a0c1e5874953718c14,-0.0,-0.0,True,-0.0,True,False,0.0,0.0,0.0,0.0,0.0,0.0
chat_0shot,svamp,mistralai_Mistral-7B-Instruct-v0.3,42,73263111e8df71d59515fdaf45c3a19842ef6131332f10f1ce8ea7f4feaf7703,-0.0,-0.0,True,-0.0,True,False,0.0,0.0,0.0,0.0,0.0,0.0
chat_0shot,svamp,mistralai_Mistral-7B-Instruct-v0.3,42,7d81a5ff9455ec4b69da60029bb28f7863c67e7550415fe59f3d834c00df684f,-0.0,-0.0,True,-0.0,True,False,0.0,0.0,0.0,0.0,0.0,0.0
chat_0shot,svamp,mistralai_Mistral-7B-Instruct-v0.3,42,8036d136aac5d4b146c2c5d063c75fc77fa9b72d4b589626677be5a7668ac7bb,-0.0,-0.0,True,-0.0,True,False,0.0,0.0,0.0,0.0,0.0,0.0
chat_0shot,svamp,mistralai_Mistral-7B-Instruct-v0.3,42,8069263ed43243cdb0f852b8ce0f160194e4f2a2f22e9b24eed659857b17fdc8,-0.0,-0.0,True,-0.0,True,False,0.0,0.0,0.0,0.0,0.0,0.0
chat_0shot,svamp,mistralai_Mistral-7B-Instruct-v0.3,42,98d32fb83fc0b9ddbe4d54168c346a0805a5d5debf4966844890b5b7a728b5c4,-0.0,-0.0,True,-0.0,True,False,0.0,0.0,0.0,0.0,0.0,0.0
chat_0shot,svamp,mistralai_Mistral-7B-Instruct-v0.3,42,9a9dfb2673e8f98b46ba7a5b1b57cb960a67dfa0d199663f68bcb69f65e22ec6,0.3250829733914482,0.3250829733914482,True,0.3250829733914482,True,False,0.0,0.0,0.0,0.0,0.0,0.0
chat_0shot,svamp,mistralai_Mistral-7B-Instruct-v0.3,42,9e94d3c46c57f224cd48d1d0444643dca60de71c7d014fd61ccf36b8aeb48dc5,-0.0,-0.0,True,-0.0,True,False,0.0,0.0,0.0,0.0,0.0,0.0
chat_0shot,svamp,mistralai_Mistral-7B-Instruct-v0.3,42,a78a0e547921244ad1ab29f883b3f0726af6dd50cf3b9bda32210c50a7e731be,1.7480673485460894,1.7480673485460896,True,1.8866967846580787,False,True,0.0,0.0,0.0,0.0,0.0,0.0
chat_0shot,svamp,mistralai_Mistral-7B-Instruct-v0.3,42,abf771c1397a5ea4ae3e8ea877e2558e2431c4211857bee2db5b2e7cabbb8260,-0.0,-0.0,True,-0.0,True,False,0.0,0.0,0.0,0.0,0.0,0.0
chat_0shot,svamp,mistralai_Mistral-7B-Instruct-v0.3,42,adc9758b54f3f4f8366aa0031b6bd67d1b53bc6d2238a9f3eb4694efb320d010,0.8018185525433373,0.8018185525433373,True,0.8018185525433373,True,False,0.0,0.0,0.0,0.0,0.0,0.0
chat_0shot,svamp,mistralai_Mistral-7B-Instruct-v0.3,42,b44378ec6b96d52b187a3df76585aa3089f5e500722354c573432562f1063785,0.6108643020548935,0.6108643020548935,True,0.9502705392332347,False,True,0.92,0.82,0.6931471805599453,0.0,0.0,0.0
chat_0shot,svamp,mistralai_Mistral-7B-Instruct-v0.3,42,b448b83bd5f17fb9f2ac89cbef57c6c99d37e4e8aa8740010cd1053a37d840d3,1.5047882836811908,1.5047882836811908,True,1.5047882836811908,True,False,0.0,0.0,0.0,0.0,0.0,0.0
chat_0shot,svamp,mistralai_Mistral-7B-Instruct-v0.3,42,c7f80664311b024001dcaac7d21749b1267f3ab7d29477cc823b4ff2f5332e2d,-0.0,-0.0,True,0.3250829733914482,False,True,0.0,0.0,0.0,0.0,0.0,0.0
chat_0shot,svamp,mistralai_Mistral-7B-Instruct-v0.3,42,d2112fb47c9574f4d8c6cffef9088d17c128e8b271602def3a9c8e5988e93c39,-0.0,-0.0,True,-0.0,True,False,0.0,0.0,0.0,0.0,0.0,0.0
chat_0shot,svamp,mistralai_Mistral-7B-Instruct-v0.3,42,da30e79449bea03b9815bfb7045b02eb9fdf2bd99eefc8e4bba3a7bf713cc4d3,-0.0,-0.0,True,-0.0,True,False,0.0,0.0,0.0,0.0,0.0,0.0
chat_0shot,svamp,mistralai_Mistral-7B-Instruct-v0.3,42,e2e5d630fb43f9ba70d204069a92cbc8b904bb41469189648d46d0778d6ad207,2.3025850929940455,2.3025850929940455,True,2.3025850929940455,True,False,0.0,0.0,0.0,0.0,0.0,0.0
chat_0shot,svamp,mistralai_Mistral-7B-Instruct-v0.3,42,e6b61846547584e4ba77b0368769b12bd5f88ab47bc1a73c793263c57d000d85,0.3250829733914482,0.3250829733914482,True,-0.0,False,True,0.5,0.5,0.5004024235381879,0.0,0.0,0.0
chat_0shot,svamp,mistralai_Mistral-7B-Instruct-v0.3,42,e9f2f2c798f7ccab62a6ad038f19213a782cbd5581e4a14f3d9a1ef924f690d7,1.2275294114572126,1.2275294114572126,True,1.2275294114572126,True,False,0.0,0.0,0.0,0.0,0.0,0.0
chat_0shot,svamp,mistralai_Mistral-7B-Instruct-v0.3,42,f284aa30d03b72286f53f9b997e8cbfd2069d4c0393896112817814bcb25e1a7,0.8979457248567797,0.8979457248567797,True,0.8979457248567797,True,False,0.0,0.0,0.0,0.0,0.0,0.0
chat_0shot,svamp,mistralai_Mistral-7B-Instruct-v0.3,42,fe6141fa32854b502c25c668eb2c6f49c6b160f4e254965fdb05790a546be29a,-0.0,-0.0,True,-0.0,True,False,0.0,0.0,0.0,0.0,0.0,0.0
chat_0shot,triviaqa,meta-llama_Llama-3.1-70B-Instruct,42,0c1ae59bc9b37eebdd2219cc999e4fda55adbed1edbc5eea7d4ebb53e5ff716e,0.3250829733914482,0.3250829733914482,True,0.3250829733914482,True,False,0.88,0.88,0.6182654189375911,0.0,0.0,0.0
chat_0shot,triviaqa,meta-llama_Llama-3.1-70B-Instruct,42,12134edd432b96145bb3d93b03e965817cb645ebefe07254a5c9e7ad91cc85c8,-0.0,-0.0,True,-0.0,True,False,0.0,0.0,0.0,0.0,0.0,0.0
chat_0shot,triviaqa,meta-llama_Llama-3.1-70B-Instruct,42,173fa561eff48687a321c241f8767a608aad223537a6ac0faf34cfb6f7e39a13,0.6730116670092565,0.6730116670092565,True,-0.0,False,True,0.9,0.9,0.6730116670092565,0.36,0.36,0.6931471805599453
chat_0shot,triviaqa,meta-llama_Llama-3.1-70B-Instruct,42,20e5f274409c5ca15cb6ef859321b044e4d5ba75e271e07165e7c9310bc79ba7,0.3250829733914482,0.3250829733914482,True,0.3250829733914482,True,False,0.0,0.0,0.0,0.0,0.0,0.0
chat_0shot,triviaqa,meta-llama_Llama-3.1-70B-Instruct,42,28c834ed85977ed256f3122624bf46747cc18bb5cbb92b3465f8694dbf3389ab,0.5004024235381879,0.5004024235381879,True,0.639031859650177,False,True,0.0,0.0,0.0,0.36,0.36,0.5545177444479563
chat_0shot,triviaqa,meta-llama_Llama-3.1-70B-Instruct,42,2b512c01338f4b86cbac20a4b6071a72dc4a6a5db0290cd6e06ac70a833678e8,-0.0,-0.0,True,-0.0,True,False,0.0,0.0,0.0,0.0,0.0,0.0
chat_0shot,triviaqa,meta-llama_Llama-3.1-70B-Instruct,42,345c6c842a38a028f239f18794a374526912c6d0a1f94f9dd5a5113ce21ff61b,0.3250829733914482,0.3250829733914482,True,0.3250829733914482,True,False,0.0,0.0,0.0,0.0,0.0,0.0
chat_0shot,triviaqa,meta-llama_Llama-3.1-70B-Instruct,42,3ad9553548bfd8bda66bb1bd4e03954969290bf076eeabb0c90a6652f1cf997b,0.9433483923290391,0.9433483923290393,True,0.9433483923290393,True,False,0.0,0.0,0.0,0.0,0.0,0.0
chat_0shot,triviaqa,meta-llama_Llama-3.1-70B-Instruct,42,3f0ec5d43e3494f5ed01b51d45b60b0328055927176dcab104f37335cefb301b,0.3250829733914482,0.3250829733914482,True,0.8979457248567797,False,True,0.1,0.1,0.6182654189375911,0.76,0.76,0.5728627514653315
chat_0shot,triviaqa,meta-llama_Llama-3.1-70B-Instruct,42,510cb8ba7d003d96c6b41dcf95e2dcebf6b96805d12c6e51c1f0d73798e66e49,-0.0,-0.0,True,-0.0,True,False,0.0,0.0,0.0,0.0,0.0,0.0
chat_0shot,triviaqa,meta-llama_Llama-3.1-70B-Instruct,42,544ddaf5a74c001fb848683d9c8903e95bfae26502fdbbbd486450c8bee65794,-0.0,-0.0,True,-0.0,True,False,0.0,0.0,0.0,0.0,0.0,0.0
chat_0shot,triviaqa,meta-llama_Llama-3.1-70B-Instruct,42,5b0cc6cbea37e04fa4a73aca4478579b3ef28af5a94fa1c22a4761e2ce2780e9,-0.0,-0.0,True,-0.0,True,False,0.0,0.0,0.0,0.0,0.0,0.0
chat_0shot,triviaqa,meta-llama_Llama-3.1-70B-Instruct,42,7c9e521cf9aec8ad1ba5445df7ec83185408cdbe26244f5258dca3cef54e2f4a,-0.0,-0.0,True,-0.0,True,False,0.0,0.0,0.0,0.0,0.0,0.0
chat_0shot,triviaqa,meta-llama_Llama-3.1-70B-Instruct,42,7ee18d8f1f23fe015f6596550d9fcf11d438d5614f597f400c6bab08d0a288d5,0.9502705392332347,0.9502705392332347,True,1.2206072645530175,False,True,0.34,0.34,0.052324814376454976,0.84,0.84,0.5815754049028405
chat_0shot,triviaqa,meta-llama_Llama-3.1-70B-Instruct,42,815b85c96f5d5a83b14d348b51451adb453221b46b14e0670af697db9fc3b6b0,0.5004024235381879,0.5004024235381879,True,0.5004024235381879,True,False,0.0,0.0,0.0,0.0,0.0,0.0
chat_0shot,triviaqa,meta-llama_Llama-3.1-70B-Instruct,42,8802795dbf95215f48a4e0deaaaf65efedd8622abaa7988b88735f245731b799,-0.0,-0.0,True,-0.0,True,False,0.0,0.0,0.0,0.0,0.0,0.0
chat_0shot,triviaqa,meta-llama_Llama-3.1-70B-Instruct,42,8bb2cccfb08d849fadcb2b2d979c835e536a16aec169bc4113cfb6536f14cba4,-0.0,-0.0,True,-0.0,True,False,0.0,0.0,0.0,0.0,0.0,0.0
chat_0shot,triviaqa,meta-llama_Llama-3.1-70B-Instruct,42,8c4aa626ac136956d42b75a46a206d0558b78ee6664eaa4872ece3ac9b5c4521,-0.0,-0.0,True,-0.0,True,False,0.0,0.0,0.0,0.0,0.0,0.0
chat_0shot,triviaqa,meta-llama_Llama-3.1-70B-Instruct,42,940a2fe309790dc8f764c1b2e0a7d96c712d870c8405090936adc92ad2d06113,1.4708084763221112,1.4708084763221114,True,1.0888999753452235,False,True,0.64,0.64,0.3819085009768879,0.0,0.0,0.0
chat_0shot,triviaqa,meta-llama_Llama-3.1-70B-Instruct,42,96d27ee60973538f0b2dc3e374df466c44beb7452cd7a6e6509801a8a61de3ca,0.3250829733914482,0.3250829733914482,True,0.3250829733914482,True,False,0.84,0.84,0.3680642071684971,0.84,0.84,0.3680642071684971
chat_0shot,triviaqa,meta-llama_Llama-3.1-70B-Instruct,42,b1499e4121f93e88b032b4c861cdfca1c78388a3e3fa74d3c27024e9bb2985df,1.3592367006650063,1.3592367006650066,True,1.4708084763221114,False,True,0.94,0.86,0.6068425588244111,0.9,0.68,0.6068425588244111
chat_0shot,triviaqa,meta-llama_Llama-3.1-70B-Instruct,42,b3d82852ea8f7a9bc7b8352aa917e289d6cd5761a29c3aba88c2d9025b848eb5,-0.0,-0.0,True,-0.0,True,False,0.8,0.8,0.6108643020548935,0.0,0.0,0.0
chat_0shot,triviaqa,meta-llama_Llama-3.1-70B-Instruct,42,c0d43d25e7ac9201c5abec2e932e8266c6effb73d117cfc4dba81abe6899929e,-0.0,-0.0,True,-0.0,True,False,0.0,0.0,0.0,0.0,0.0,0.0
chat_0shot,triviaqa,meta-llama_Llama-3.1-70B-Instruct,42,cac8d0cfedf748424d38f98af00797593d3531860ec6528eb65ed4ac9adf5758,0.639031859650177,0.639031859650177,True,0.3250829733914482,False,True,0.0,0.0,0.0,0.32,0.32,0.6182654189375911
chat_0shot,triviaqa,meta-llama_Llama-3.1-70B-Instruct,42,ce77d7df7310465c1483660fbdb84589be3c1cba0ae1ed57400921391f4afe00,-0.0,-0.0,True,-0.0,True,False,0.0,0.0,0.0,0.0,0.0,0.0
chat_0shot,triviaqa,meta-llama_Llama-3.1-70B-Instruct,42,d21d1bc42457a65499e4076bcdeebed5cdaa1fd5fbe00de9b156d2ddadbaef28,0.5004024235381879,0.5004024235381879,True,0.6108643020548935,False,True,0.96,0.9,0.6730116670092565,0.96,0.82,0.6730116670092565
chat_0shot,triviaqa,meta-llama_Llama-3.1-70B-Instruct,42,e9e71cff03029d37a35f10482be85d2c82204343d1cbb1b195e3b4b4b3599309,1.1682824501765625,1.1682824501765625,True,1.1682824501765625,True,False,0.76,0.76,0.19095425048844406,0.0,0.0,0.0
chat_0shot,triviaqa,meta-llama_Llama-3.1-70B-Instruct,42,ebab7a7c8cb1438d30e8620a0db9ad772e3f2a6eb37ea66238a6bf5ea52b9c5c,-0.0,-0.0,True,-0.0,True,False,0.0,0.0,0.0,0.0,0.0,0.0
chat_0shot,triviaqa,meta-llama_Llama-3.1-70B-Instruct,42,ed79a79cc847ad291ae53548dcbac15f22ee4cd9f95d9836d711edaa3851cb11,0.3250829733914482,0.3250829733914482,True,0.3250829733914482,True,False,0.0,0.0,0.0,0.0,0.0,0.0
chat_0shot,triviaqa,meta-llama_Llama-3.1-70B-Instruct,42,f0085c8c09a76a348f5d65f26fc064c39714a626dca3dc3aa2e037f78e42cc5f,-0.0,-0.0,True,-0.0,True,False,0.0,0.0,0.0,0.0,0.0,0.0
chat_0shot,triviaqa,meta-llama_Llama-3.1-8B-Instruct,42,0c1ae59bc9b37eebdd2219cc999e4fda55adbed1edbc5eea7d4ebb53e5ff716e,1.8343719702816235,1.8343719702816237,True,1.7480673485460891,False,True,0.48,0.4,0.08630462173553455,0.0,0.0,0.0
chat_0shot,triviaqa,meta-llama_Llama-3.1-8B-Instruct,42,12134edd432b96145bb3d93b03e965817cb645ebefe07254a5c9e7ad91cc85c8,1.7480673485460891,1.7480673485460891,True,1.4978661367769954,False,True,0.0,0.0,0.0,0.0,0.0,0.0
chat_0shot,triviaqa,meta-llama_Llama-3.1-8B-Instruct,42,173fa561eff48687a321c241f8767a608aad223537a6ac0faf34cfb6f7e39a13,1.8866967846580784,1.8866967846580787,True,1.8866967846580787,False,True,0.62,0.62,0.13862943611198952,0.76,0.44,0.659167373200866
chat_0shot,triviaqa,meta-llama_Llama-3.1-8B-Instruct,42,20e5f274409c5ca15cb6ef859321b044e4d5ba75e271e07165e7c9310bc79ba7,2.3025850929940455,2.3025850929940455,True,2.3025850929940455,True,False,0.0,0.0,0.0,0.0,0.0,0.0
chat_0shot,triviaqa,meta-llama_Llama-3.1-8B-Instruct,42,28c834ed85977ed256f3122624bf46747cc18bb5cbb92b3465f8694dbf3389ab,2.1639556568820564,2.1639556568820564,True,2.0253262207700677,False,True,0.0,0.0,0.0,0.0,0.0,0.0
chat_0shot,triviaqa,meta-llama_Llama-3.1-8B-Instruct,42,2b512c01338f4b86cbac20a4b6071a72dc4a6a5db0290cd6e06ac70a833678e8,0.9404479886553263,0.9404479886553264,True,1.0888999753452235,False,True,0.0,0.0,0.0,0.9,0.82,0.5292505905263856
chat_0shot,triviaqa,meta-llama_Llama-3.1-8B-Instruct,42,345c6c842a38a028f239f18794a374526912c6d0a1f94f9dd5a5113ce21ff61b,2.1639556568820564,2.1639556568820564,True,2.0253262207700677,False,True,0.0,0.0,0.0,0.0,0.0,0.0
chat_0shot,triviaqa,meta-llama_Llama-3.1-8B-Instruct,42,3ad9553548bfd8bda66bb1bd4e03954969290bf076eeabb0c90a6652f1cf997b,2.1639556568820564,2.1639556568820564,True,1.6094379124341005,False,True,0.74,0.22,0.41588830833596724,0.96,0.84,0.659167373200866
chat_0shot,triviaqa,meta-llama_Llama-3.1-8B-Instruct,42,3f0ec5d43e3494f5ed01b51d45b60b0328055927176dcab104f37335cefb301b,1.7480673485460891,1.7480673485460891,True,1.7480673485460891,True,False,0.0,0.0,0.0,0.0,0.0,0.0
chat_0shot,triviaqa,meta-llama_Llama-3.1-8B-Instruct,42,510cb8ba7d003d96c6b41dcf95e2dcebf6b96805d12c6e51c1f0d73798e66e49,1.3592367006650063,1.3592367006650066,True,0.639031859650177,False,True,1.0,0.82,0.4682131227124222,0.76,0.76,0.6408223661834906
chat_0shot,triviaqa,meta-llama_Llama-3.1-8B-Instruct,42,544ddaf5a74c001fb848683d9c8903e95bfae26502fdbbbd486450c8bee65794,1.2275294114572126,1.2275294114572126,True,0.9404479886553264,False,True,0.0,0.0,0.0,0.74,0.7,0.25310161544280685
chat_0shot,triviaqa,meta-llama_Llama-3.1-8B-Instruct,42,5b0cc6cbea37e04fa4a73aca4478579b3ef28af5a94fa1c22a4761e2ce2780e9,1.9730014063936123,1.9730014063936128,True,1.7480673485460891,False,True,0.0,0.0,0.0,0.0,0.0,0.0
chat_0shot,triviaqa,meta-llama_Llama-3.1-8B-Instruct,42,7c9e521cf9aec8ad1ba5445df7ec83185408cdbe26244f5258dca3cef54e2f4a,1.9730014063936125,1.9730014063936128,True,1.6094379124341005,False,True,0.96,0.82,0.5274600839930723,0.94,0.82,0.8076193598907632
chat_0shot,triviaqa,meta-llama_Llama-3.1-8B-Instruct,42,7ee18d8f1f23fe015f6596550d9fcf11d438d5614f597f400c6bab08d0a288d5,1.6094379124341,1.6094379124341005,True,1.7480673485460891,False,True,0.32,0.32,0.14555158301618443,0.0,0.0,0.0
chat_0shot,triviaqa,meta-llama_Llama-3.1-8B-Instruct,42,815b85c96f5d5a83b14d348b51451adb453221b46b14e0670af697db9fc3b6b0,2.0253262207700673,2.0253262207700677,True,1.7480673485460891,False,True,0.9,0.16,1.7002432473786195,0.78,0.66,0.2772588722239786
chat_0shot,triviaqa,meta-llama_Llama-3.1-8B-Instruct,42,8802795dbf95215f48a4e0deaaaf65efedd8622abaa7988b88735f245731b799,1.7480673485460891,1.7480673485460891,True,1.7480673485460891,False,True,0.0,0.0,0.0,0.0,0.0,0.0
chat_0shot,triviaqa,meta-llama_Llama-3.1-8B-Instruct,42,8bb2cccfb08d849fadcb2b2d979c835e536a16aec169bc4113cfb6536f14cba4,2.1639556568820564,2.1639556568820564,True,1.0888999753452235,False,True,0.64,0.4,0.1909542504884436,0.98,0.88,1.2320301246661975
chat_0shot,triviaqa,meta-llama_Llama-3.1-8B-Instruct,42,8c4aa626ac136956d42b75a46a206d0558b78ee6664eaa4872ece3ac9b5c4521,1.3592367006650063,1.3592367006650066,True,0.9404479886553264,False,True,0.92,0.76,0.8317766166719345,0.82,0.82,0.9547712524422194
chat_0shot,triviaqa,meta-llama_Llama-3.1-8B-Instruct,42,940a2fe309790dc8f764c1b2e0a7d96c712d870c8405090936adc92ad2d06113,1.4184836619456567,1.4184836619456567,True,2.0253262207700677,False,True,0.98,0.64,0.33650583350462826,0.68,0.52,0.5274600839930723
chat_0shot,triviaqa,meta-llama_Llama-3.1-8B-Instruct,42,96d27ee60973538f0b2dc3e374df466c44beb7452cd7a6e6509801a8a61de3ca,2.3025850929940455,2.3025850929940455,True,2.3025850929940455,True,False,0.0,0.0,0.0,0.0,0.0,0.0
chat_0shot,triviaqa,meta-llama_Llama-3.1-8B-Instruct,42,b1499e4121f93e88b032b4c861cdfca1c78388a3e3fa74d3c27024e9bb2985df,2.0253262207700673,2.0253262207700677,True,1.9730014063936128,False,True,0.0,0.0,0.0,0.0,0.0,0.0
chat_0shot,triviaqa,meta-llama_Llama-3.1-8B-Instruct,42,b3d82852ea8f7a9bc7b8352aa917e289d6cd5761a29c3aba88c2d9025b848eb5,2.1639556568820564,2.1639556568820564,True,1.8866967846580787,False,True,0.0,0.0,0.0,0.82,0.82,0.38883064788108324
chat_0shot,triviaqa,meta-llama_Llama-3.1-8B-Instruct,42,c0d43d25e7ac9201c5abec2e932e8266c6effb73d117cfc4dba81abe6899929e,0.639031859650177,0.639031859650177,True,1.2275294114572126,False,True,0.98,0.98,1.2476649250079017,0.88,0.88,0.659167373200866
chat_0shot,triviaqa,meta-llama_Llama-3.1-8B-Instruct,42,cac8d0cfedf748424d38f98af00797593d3531860ec6528eb65ed4ac9adf5758,1.4184836619456562,1.4184836619456567,True,0.9404479886553264,False,True,0.82,0.72,0.19095425048844406,0.4,0.4,0.47803567329033025
chat_0shot,triviaqa,meta-llama_Llama-3.1-8B-Instruct,42,ce77d7df7310465c1483660fbdb84589be3c1cba0ae1ed57400921391f4afe00,1.3592367006650063,1.3592367006650066,True,1.3592367006650066,False,True,0.24,0.24,0.19095425048844406,1.0,0.96,0.47803567329033025
chat_0shot,triviaqa,meta-llama_Llama-3.1-8B-Instruct,42,d21d1bc42457a65499e4076bcdeebed5cdaa1fd5fbe00de9b156d2ddadbaef28,1.4978661367769952,1.4978661367769954,True,1.4978661367769954,False,True,0.96,0.96,1.0567106745194579,0.58,0.58,0.3819085009768879
chat_0shot,triviaqa,meta-llama_Llama-3.1-8B-Instruct,42,e9e71cff03029d37a35f10482be85d2c82204343d1cbb1b195e3b4b4b3599309,2.0253262207700673,2.0253262207700677,True,1.6957425341696348,False,True,0.7,0.36,0.41588830833596724,0.96,0.28,0.08630462173553433
chat_0shot,triviaqa,meta-llama_Llama-3.1-8B-Instruct,42,ebab7a7c8cb1438d30e8620a0db9ad772e3f2a6eb37ea66238a6bf5ea52b9c5c,2.0253262207700677,2.0253262207700677,True,1.4978661367769954,False,True,0.6,0.6,0.2772588722239786,0.52,0.52,0.33650583350462826
chat_0shot,triviaqa,meta-llama_Llama-3.1-8B-Instruct,42,ed79a79cc847ad291ae53548dcbac15f22ee4cd9f95d9836d711edaa3851cb11,2.3025850929940455,2.3025850929940455,True,2.3025850929940455,True,False,0.0,0.0,0.0,0.0,0.0,0.0
chat_0shot,triviaqa,meta-llama_Llama-3.1-8B-Instruct,42,f0085c8c09a76a348f5d65f26fc064c39714a626dca3dc3aa2e037f78e42cc5f,1.4978661367769952,1.4978661367769954,True,1.4184836619456567,False,True,0.48,0.48,0.3819085009768879,0.82,0.82,0.4682131227124222
chat_0shot,triviaqa,mistralai_Mistral-7B-Instruct-v0.3,42,0c1ae59bc9b37eebdd2219cc999e4fda55adbed1edbc5eea7d4ebb53e5ff716e,-0.0,-0.0,True,-0.0,True,False,0.0,0.0,0.0,0.0,0.0,0.0
chat_0shot,triviaqa,mistralai_Mistral-7B-Instruct-v0.3,42,12134edd432b96145bb3d93b03e965817cb645ebefe07254a5c9e7ad91cc85c8,-0.0,-0.0,True,-0.0,True,False,0.0,0.0,0.0,0.0,0.0,0.0
chat_0shot,triviaqa,mistralai_Mistral-7B-Instruct-v0.3,42,173fa561eff48687a321c241f8767a608aad223537a6ac0faf34cfb6f7e39a13,-0.0,-0.0,True,-0.0,True,False,0.0,0.0,0.0,0.0,0.0,0.0
chat_0shot,triviaqa,mistralai_Mistral-7B-Instruct-v0.3,42,20e5f274409c5ca15cb6ef859321b044e4d5ba75e271e07165e7c9310bc79ba7,-0.0,-0.0,True,-0.0,True,False,0.0,0.0,0.0,0.0,0.0,0.0
chat_0shot,triviaqa,mistralai_Mistral-7B-Instruct-v0.3,42,28c834ed85977ed256f3122624bf46747cc18bb5cbb92b3465f8694dbf3389ab,-0.0,-0.0,True,0.6108643020548935,False,True,0.0,0.0,0.0,0.76,0.76,0.6108643020548935
chat_0shot,triviaqa,mistralai_Mistral-7B-Instruct-v0.3,42,2b512c01338f4b86cbac20a4b6071a72dc4a6a5db0290cd6e06ac70a833678e8,0.5004024235381879,0.5004024235381879,True,-0.0,False,True,0.9,0.82,0.6931471805599453,0.0,0.0,0.0
chat_0shot,triviaqa,mistralai_Mistral-7B-Instruct-v0.3,42,345c6c842a38a028f239f18794a374526912c6d0a1f94f9dd5a5113ce21ff61b,-0.0,-0.0,True,0.6730116670092565,False,True,0.0,0.0,0.0,0.46,0.46,0.6730116670092565
chat_0shot,triviaqa,mistralai_Mistral-7B-Instruct-v0.3,42,3ad9553548bfd8bda66bb1bd4e03954969290bf076eeabb0c90a6652f1cf997b,2.3025850929940455,2.3025850929940455,True,2.3025850929940455,True,False,0.0,0.0,0.0,0.0,0.0,0.0
chat_0shot,triviaqa,mistralai_Mistral-7B-Instruct-v0.3,42,3f0ec5d43e3494f5ed01b51d45b60b0328055927176dcab104f37335cefb301b,-0.0,-0.0,True,-0.0,True,False,0.0,0.0,0.0,0.0,0.0,0.0
chat_0shot,triviaqa,mistralai_Mistral-7B-Instruct-v0.3,42,510cb8ba7d003d96c6b41dcf95e2dcebf6b96805d12c6e51c1f0d73798e66e49,-0.0,-0.0,True,0.3250829733914482,False,True,0.0,0.0,0.0,0.8,0.8,0.6931471805599453
chat_0shot,triviaqa,mistralai_Mistral-7B-Instruct-v0.3,42,544ddaf5a74c001fb848683d9c8903e95bfae26502fdbbbd486450c8bee65794,0.6931471805599453,0.6931471805599453,True,0.6931471805599453,True,False,0.0,0.0,0.0,0.0,0.0,0.0
chat_0shot,triviaqa,mistralai_Mistral-7B-Instruct-v0.3,42,5b0cc6cbea37e04fa4a73aca4478579b3ef28af5a94fa1c22a4761e2ce2780e9,0.6108643020548935,0.6108643020548935,True,0.6108643020548935,True,False,0.0,0.0,0.0,0.0,0.0,0.0
chat_0shot,triviaqa,mistralai_Mistral-7B-Instruct-v0.3,42,7c9e521cf9aec8ad1ba5445df7ec83185408cdbe26244f5258dca3cef54e2f4a,-0.0,-0.0,True,-0.0,True,False,0.0,0.0,0.0,0.0,0.0,0.0
chat_0shot,triviaqa,mistralai_Mistral-7B-Instruct-v0.3,42,7ee18d8f1f23fe015f6596550d9fcf11d438d5614f597f400c6bab08d0a288d5,0.3250829733914482,0.3250829733914482,True,0.3250829733914482,True,False,0.0,0.0,0.0,0.0,0.0,0.0
chat_0shot,triviaqa,mistralai_Mistral-7B-Instruct-v0.3,42,815b85c96f5d5a83b14d348b51451adb453221b46b14e0670af697db9fc3b6b0,0.3250829733914482,0.3250829733914482,True,0.639031859650177,False,True,0.0,0.0,0.0,0.44,0.44,0.47673557915188913
chat_0shot,triviaqa,mistralai_Mistral-7B-Instruct-v0.3,42,8802795dbf95215f48a4e0deaaaf65efedd8622abaa7988b88735f245731b799,0.3250829733914482,0.3250829733914482,True,0.5004024235381879,False,True,0.0,0.0,0.0,0.54,0.54,0.5004024235381879
chat_0shot,triviaqa,mistralai_Mistral-7B-Instruct-v0.3,42,8bb2cccfb08d849fadcb2b2d979c835e536a16aec169bc4113cfb6536f14cba4,-0.0,-0.0,True,-0.0,True,False,0.0,0.0,0.0,0.0,0.0,0.0
chat_0shot,triviaqa,mistralai_Mistral-7B-Instruct-v0.3,42,8c4aa626ac136956d42b75a46a206d0558b78ee6664eaa4872ece3ac9b5c4521,0.5004024235381879,0.5004024235381879,True,0.5004024235381879,True,False,0.0,0.0,0.0,0.0,0.0,0.0
chat_0shot,triviaqa,mistralai_Mistral-7B-Instruct-v0.3,42,940a2fe309790dc8f764c1b2e0a7d96c712d870c8405090936adc92ad2d06113,0.3250829733914482,0.3250829733914482,True,0.3250829733914482,True,False,0.0,0.0,0.0,0.0,0.0,0.0
chat_0shot,triviaqa,mistralai_Mistral-7B-Instruct-v0.3,42,96d27ee60973538f0b2dc3e374df466c44beb7452cd7a6e6509801a8a61de3ca,1.1682824501765625,1.1682824501765625,True,1.3592367006650066,False,True,0.0,0.0,0.0,0.0,0.0,0.0
chat_0shot,triviaqa,mistralai_Mistral-7B-Instruct-v0.3,42,b1499e4121f93e88b032b4c861cdfca1c78388a3e3fa74d3c27024e9bb2985df,2.1639556568820564,2.1639556568820564,True,2.1639556568820564,False,True,0.0,0.0,0.0,0.0,0.0,0.0
chat_0shot,triviaqa,mistralai_Mistral-7B-Instruct-v0.3,42,b3d82852ea8f7a9bc7b8352aa917e289d6cd5761a29c3aba88c2d9025b848eb5,-0.0,-0.0,True,0.5004024235381879,False,True,0.0,0.0,0.0,0.0,0.0,0.0
chat_0shot,triviaqa,mistralai_Mistral-7B-Instruct-v0.3,42,c0d43d25e7ac9201c5abec2e932e8266c6effb73d117cfc4dba81abe6899929e,-0.0,-0.0,True,-0.0,True,False,0.0,0.0,0.0,0.0,0.0,0.0
chat_0shot,triviaqa,mistralai_Mistral-7B-Instruct-v0.3,42,cac8d0cfedf748424d38f98af00797593d3531860ec6528eb65ed4ac9adf5758,0.5004024235381879,0.5004024235381879,True,0.5004024235381879,True,False,0.0,0.0,0.0,0.0,0.0,0.0
chat_0shot,triviaqa,mistralai_Mistral-7B-Instruct-v0.3,42,ce77d7df7310465c1483660fbdb84589be3c1cba0ae1ed57400921391f4afe00,-0.0,-0.0,True,-0.0,True,False,0.0,0.0,0.0,0.0,0.0,0.0
chat_0shot,triviaqa,mistralai_Mistral-7B-Instruct-v0.3,42,d21d1bc42457a65499e4076bcdeebed5cdaa1fd5fbe00de9b156d2ddadbaef28,-0.0,-0.0,True,-0.0,True,False,0.0,0.0,0.0,0.0,0.0,0.0
chat_0shot,triviaqa,mistralai_Mistral-7B-Instruct-v0.3,42,e9e71cff03029d37a35f10482be85d2c82204343d1cbb1b195e3b4b4b3599309,-0.0,-0.0,True,0.9502705392332347,False,True,0.24,0.24,0.6931471805599453,0.88,0.8,0.7045700406731255
chat_0shot,triviaqa,mistralai_Mistral-7B-Instruct-v0.3,42,ebab7a7c8cb1438d30e8620a0db9ad772e3f2a6eb37ea66238a6bf5ea52b9c5c,-0.0,-0.0,True,-0.0,True,False,0.0,0.0,0.0,0.0,0.0,0.0
chat_0shot,triviaqa,mistralai_Mistral-7B-Instruct-v0.3,42,ed79a79cc847ad291ae53548dcbac15f22ee4cd9f95d9836d711edaa3851cb11,0.5004024235381879,0.5004024235381879,True,0.5004024235381879,True,False,0.0,0.0,0.0,0.0,0.0,0.0
chat_0shot,triviaqa,mistralai_Mistral-7B-Instruct-v0.3,42,f0085c8c09a76a348f5d65f26fc064c39714a626dca3dc3aa2e037f78e42cc5f,-0.0,-0.0,True,-0.0,True,False,0.0,0.0,0.0,0.0,0.0,0.0
default_5shot,nqopen,meta-llama_Llama-3.1-70B-Instruct,42,014b3024a63a5fe732951ad85db7b2b6fcdf27cde83d3d42ee6396d39ece5133,1.0888999753452235,1.0888999753452235,True,0.9502705392332347,False,True,0.0,0.0,0.0,0.0,0.0,0.0
default_5shot,nqopen,meta-llama_Llama-3.1-70B-Instruct,42,0413ae198cc06d84721086d8cb98246c9ebe18ffeee70f7d332f88e771812e2c,0.5004024235381879,0.5004024235381879,True,0.5004024235381879,True,False,0.0,0.0,0.0,0.0,0.0,0.0
default_5shot,nqopen,meta-llama_Llama-3.1-70B-Instruct,42,0602a62395dfe52f9cd2231de632af8e0e24a607b1f87c75b223cde612c708c1,-0.0,-0.0,True,-0.0,True,False,0.0,0.0,0.0,0.0,0.0,0.0
default_5shot,nqopen,meta-llama_Llama-3.1-70B-Instruct,42,2eead6e6cf31d5470eae4cd197c56f827a92ab6fef61956f93a6d36802201b95,-0.0,-0.0,True,-0.0,True,False,0.0,0.0,0.0,0.0,0.0,0.0
default_5shot,nqopen,meta-llama_Llama-3.1-70B-Instruct,42,328ab41ed3800ab4195dbc715ba1e745a556dcd315a49ef94c7f5bba30bc573e,0.8979457248567798,0.8979457248567797,True,0.8979457248567797,True,False,0.0,0.0,0.0,0.0,0.0,0.0
default_5shot,nqopen,meta-llama_Llama-3.1-70B-Instruct,42,42d5bff75c2711746321bd994bb06777fa9176abb51b1c599717e0f095614970,0.3250829733914482,0.3250829733914482,True,0.3250829733914482,False,True,0.0,0.0,0.0,0.0,0.0,0.0
default_5shot,nqopen,meta-llama_Llama-3.1-70B-Instruct,42,4a29a777fc433f40c0e56138613caa38350cbf3a3f719eaf63ffcf7641b9abe7,1.0296530140645737,1.0296530140645737,True,1.0296530140645737,True,False,0.0,0.0,0.0,0.0,0.0,0.0
default_5shot,nqopen,meta-llama_Llama-3.1-70B-Instruct,42,52ecc2eb7f2fbd206b2c440063a1e94ff609aa31733c8991857dc9186bf6119e,-0.0,-0.0,True,-0.0,True,False,0.0,0.0,0.0,0.0,0.0,0.0
default_5shot,nqopen,meta-llama_Llama-3.1-70B-Instruct,42,62d564cdcc762ee9f68eea3dc56aedc5e2596d254010957bf73e8d364bd65f88,-0.0,-0.0,True,-0.0,True,False,0.0,0.0,0.0,0.0,0.0,0.0
default_5shot,nqopen,meta-llama_Llama-3.1-70B-Instruct,42,727f18113bffe90e8b67050699c6333174658ff8a2d8b2c599f0cf0368c961f3,-0.0,-0.0,True,-0.0,True,False,0.0,0.0,0.0,0.0,0.0,0.0
default_5shot,nqopen,meta-llama_Llama-3.1-70B-Instruct,42,739347c6bf57ff11ad885ba999e3821a5cf2c0c96db979108854102acb881077,1.6957425341696346,1.6957425341696348,True,1.9730014063936128,False,True,0.0,0.0,0.0,0.0,0.0,0.0
default_5shot,nqopen,meta-llama_Llama-3.1-70B-Instruct,42,7fd9dec4732e923c2427a5accc3ffde69e29205103d0d809e23149d644ab61b0,2.1639556568820564,2.1639556568820564,True,2.1639556568820564,True,False,0.0,0.0,0.0,0.0,0.0,0.0
default_5shot,nqopen,meta-llama_Llama-3.1-70B-Instruct,42,8232dce80592684f709640bccdb880a4b077ca6f4a7a4211cf2330c972636b1a,2.0253262207700673,2.0253262207700677,True,2.0253262207700677,True,False,0.34,0.34,0.052324814376454976,0.0,0.0,0.0
default_5shot,nqopen,meta-llama_Llama-3.1-70B-Instruct,42,8ba3bcbf1c0c5c613505441dc45712c1259f0dd02b903603c694d4838c726713,0.8018185525433373,0.8018185525433373,True,0.8018185525433373,True,False,0.0,0.0,0.0,0.0,0.0,0.0
default_5shot,nqopen,meta-llama_Llama-3.1-70B-Instruct,42,9b7bf0491c787584fe718dc4aed469090faea5cf489e1c5f6f9b8989d4a588ef,1.2275294114572126,1.2275294114572126,True,1.2275294114572126,True,False,0.0,0.0,0.0,0.0,0.0,0.0
default_5shot,nqopen,meta-llama_Llama-3.1-70B-Instruct,42,9fc8872d1a75b8bec1be62cedb5a99f18f38d85af0c60b3ed3a2a8c2522c4822,1.2275294114572126,1.2275294114572126,True,0.9404479886553264,False,True,0.54,0.54,0.41588830833596724,0.74,0.74,0.7552945455143084
default_5shot,nqopen,meta-llama_Llama-3.1-70B-Instruct,42,a368dadfabd5452e4a375bec52f63b5bc4d5e271a91ea0d7948627e82b8e3894,1.2206072645530175,1.2206072645530175,True,1.4708084763221114,False,True,1.0,0.92,0.9547712524422194,0.9,0.6,0.7552945455143084
default_5shot,nqopen,meta-llama_Llama-3.1-70B-Instruct,42,a6c4a48ac29e8dbb8737a30700e64233736853c3f246e05bf7c12dfe0d36ce83,-0.0,-0.0,True,0.5004024235381879,False,True,0.72,0.72,0.6931471805599453,0.0,0.0,0.0
default_5shot,nqopen,meta-llama_Llama-3.1-70B-Instruct,42,a9d438c48e015f6f57b24735f0675d9baac0c37c47da0073ae4c37280035f765,-0.0,-0.0,True,-0.0,True,False,0.0,0.0,0.0,0.0,0.0,0.0
default_5shot,nqopen,meta-llama_Llama-3.1-70B-Instruct,42,c4095162e975ae9e902e639075e286229bbe31cc3bb692c22fd4b6d92f5afb80,-0.0,-0.0,True,-0.0,True,False,0.0,0.0,0.0,0.0,0.0,0.0
default_5shot,nqopen,meta-llama_Llama-3.1-70B-Instruct,42,ca01e8e927d0afe120aa0ae8125b2be82b52dcfbbf46e8dd1aef005a863c7f85,2.3025850929940455,2.3025850929940455,True,2.3025850929940455,True,False,0.0,0.0,0.0,0.0,0.0,0.0
default_5shot,nqopen,meta-llama_Llama-3.1-70B-Instruct,42,d76920d7663086920ebe31a1a0b4ad00421eab647340116f3565c3aedf0f7b38,0.3250829733914482,0.3250829733914482,True,0.3250829733914482,True,False,0.0,0.0,0.0,0.0,0.0,0.0
default_5shot,nqopen,meta-llama_Llama-3.1-70B-Instruct,42,e4f72a0f716b802a3d9dffb70a02d72fcf5713765cdf0887068cab7166e3b623,-0.0,-0.0,True,-0.0,True,False,0.0,0.0,0.0,0.0,0.0,0.0
default_5shot,nqopen,meta-llama_Llama-3.1-70B-Instruct,42,e7d880797945683dd8850d01a1b65c62a1a3c74b342c271f754789529edcea37,0.9404479886553263,0.9404479886553264,True,0.9404479886553264,True,False,0.0,0.0,0.0,0.88,0.88,0.47803567329033025
default_5shot,nqopen,meta-llama_Llama-3.1-70B-Instruct,42,e8acce5cd65fc0767731d32080019eaf4e6f3308959204fe91c0bf4351181762,0.8018185525433372,0.8018185525433373,True,1.0888999753452235,False,True,0.26,0.26,0.47803567329033025,0.0,0.0,0.0
default_5shot,nqopen,meta-llama_Llama-3.1-70B-Instruct,42,e9c6e4a554bfb56b9bed499f741646e94f81ee2ad2cdd516bacae06d64e7567c,2.0253262207700673,2.0253262207700677,True,2.0253262207700677,True,False,0.0,0.0,0.0,0.0,0.0,0.0
default_5shot,nqopen,meta-llama_Llama-3.1-70B-Instruct,42,f27661bfd0dbe768c113f5b8001b2466667d4b5f7f823f8c65cd4ab05fdb9fbf,1.0888999753452238,1.0888999753452235,True,1.0888999753452235,True,False,0.0,0.0,0.0,0.0,0.0,0.0
default_5shot,nqopen,meta-llama_Llama-3.1-70B-Instruct,42,f29a02198aa504e766b0781b191d5db224877b4fca6e7314daa4f512018ac82f,-0.0,-0.0,True,-0.0,True,False,0.0,0.0,0.0,0.0,0.0,0.0
default_5shot,nqopen,meta-llama_Llama-3.1-70B-Instruct,42,f2e6a577b3b4dbb48890b79b656753f85b223f3dfcf96fe93b17d7a538f3768a,0.8018185525433372,0.8018185525433373,True,0.8018185525433373,True,False,0.0,0.0,0.0,0.0,0.0,0.0
default_5shot,nqopen,meta-llama_Llama-3.1-70B-Instruct,42,fd9e6277ae791a7fa389032de85facbc280153e71c623273b1f9e3877d8088d8,0.3250829733914482,0.3250829733914482,True,0.9433483923290393,False,True,0.82,0.82,0.6931471805599453,0.0,0.0,0.0
default_5shot,nqopen,meta-llama_Llama-3.1-8B-Instruct,42,014b3024a63a5fe732951ad85db7b2b6fcdf27cde83d3d42ee6396d39ece5133,1.8343719702816235,1.8343719702816237,True,1.8343719702816237,True,False,0.0,0.0,0.0,0.0,0.0,0.0
default_5shot,nqopen,meta-llama_Llama-3.1-8B-Instruct,42,0413ae198cc06d84721086d8cb98246c9ebe18ffeee70f7d332f88e771812e2c,1.4708084763221112,1.4708084763221114,True,1.4708084763221114,True,False,0.0,0.0,0.0,0.0,0.0,0.0
default_5shot,nqopen,meta-llama_Llama-3.1-8B-Instruct,42,0602a62395dfe52f9cd2231de632af8e0e24a607b1f87c75b223cde612c708c1,0.3250829733914482,0.3250829733914482,True,0.3250829733914482,True,False,0.0,0.0,0.0,0.0,0.0,0.0
default_5shot,nqopen,meta-llama_Llama-3.1-8B-Instruct,42,2eead6e6cf31d5470eae4cd197c56f827a92ab6fef61956f93a6d36802201b95,1.8343719702816235,1.8343719702816237,True,1.8343719702816237,True,False,0.0,0.0,0.0,0.0,0.0,0.0
default_5shot,nqopen,meta-llama_Llama-3.1-8B-Instruct,42,328ab41ed3800ab4195dbc715ba1e745a556dcd315a49ef94c7f5bba30bc573e,1.3592367006650063,1.3592367006650066,True,1.3592367006650066,True,False,0.0,0.0,0.0,0.0,0.0,0.0
default_5shot,nqopen,meta-llama_Llama-3.1-8B-Instruct,42,42d5bff75c2711746321bd994bb06777fa9176abb51b1c599717e0f095614970,1.6957425341696346,1.6957425341696348,True,1.6434177197931799,False,True,0.94,0.56,0.33650583350462826,0.92,0.86,0.41588830833596724
default_5shot,nqopen,meta-llama_Llama-3.1-8B-Instruct,42,4a29a777fc433f40c0e56138613caa38350cbf3a3f719eaf63ffcf7641b9abe7,1.4184836619456564,1.4184836619456567,True,1.4184836619456567,True,False,0.0,0.0,0.0,0.0,0.0,0.0
default_5shot,nqopen,meta-llama_Llama-3.1-8B-Instruct,42,52ecc2eb7f2fbd206b2c440063a1e94ff609aa31733c8991857dc9186bf6119e,0.5004024235381879,0.5004024235381879,True,0.5004024235381879,True,False,0.0,0.0,0.0,0.0,0.0,0.0
default_5shot,nqopen,meta-llama_Llama-3.1-8B-Instruct,42,62d564cdcc762ee9f68eea3dc56aedc5e2596d254010957bf73e8d364bd65f88,2.1639556568820564,2.1639556568820564,True,2.1639556568820564,True,False,0.0,0.0,0.0,0.0,0.0,0.0
default_5shot,nqopen,meta-llama_Llama-3.1-8B-Instruct,42,727f18113bffe90e8b67050699c6333174658ff8a2d8b2c599f0cf0368c961f3,1.0888999753452235,1.0888999753452235,True,1.0888999753452235,True,False,0.0,0.0,0.0,0.0,0.0,0.0
default_5shot,nqopen,meta-llama_Llama-3.1-8B-Instruct,42,739347c6bf57ff11ad885ba999e3821a5cf2c0c96db979108854102acb881077,2.1639556568820564,2.1639556568820564,True,2.1639556568820564,True,False,0.0,0.0,0.0,0.0,0.0,0.0
default_5shot,nqopen,meta-llama_Llama-3.1-8B-Instruct,42,7fd9dec4732e923c2427a5accc3ffde69e29205103d0d809e23149d644ab61b0,2.1639556568820564,2.1639556568820564,True,2.1639556568820564,True,False,0.0,0.0,0.0,0.0,0.0,0.0
default_5shot,nqopen,meta-llama_Llama-3.1-8B-Instruct,42,8232dce80592684f709640bccdb880a4b077ca6f4a7a4211cf2330c972636b1a,1.4184836619456564,1.4184836619456567,True,1.4184836619456567,True,False,0.0,0.0,0.0,0.0,0.0,0.0
default_5shot,nqopen,meta-llama_Llama-3.1-8B-Instruct,42,8ba3bcbf1c0c5c613505441dc45712c1259f0dd02b903603c694d4838c726713,1.9730014063936125,1.9730014063936128,True,1.9730014063936128,True,False,0.0,0.0,0.0,0.0,0.0,0.0
default_5shot,nqopen,meta-llama_Llama-3.1-8B-Instruct,42,9b7bf0491c787584fe718dc4aed469090faea5cf489e1c5f6f9b8989d4a588ef,2.0253262207700673,2.0253262207700677,True,2.0253262207700677,True,False,0.0,0.0,0.0,0.0,0.0,0.0
default_5shot,nqopen,meta-llama_Llama-3.1-8B-Instruct,42,9fc8872d1a75b8bec1be62cedb5a99f18f38d85af0c60b3ed3a2a8c2522c4822,1.2798542258336676,1.2798542258336676,True,1.2206072645530175,False,True,0.68,0.28,0.47803567329033025,0.82,0.78,0.47803567329033025
default_5shot,nqopen,meta-llama_Llama-3.1-8B-Instruct,42,a368dadfabd5452e4a375bec52f63b5bc4d5e271a91ea0d7948627e82b8e3894,1.9730014063936125,1.9730014063936128,True,2.0253262207700677,False,True,0.9,0.9,0.19095425048844406,0.0,0.0,0.0
default_5shot,nqopen,meta-llama_Llama-3.1-8B-Instruct,42,a6c4a48ac29e8dbb8737a30700e64233736853c3f246e05bf7c12dfe0d36ce83,1.2798542258336674,1.2798542258336676,True,0.8979457248567797,False,True,0.88,0.86,0.7029697311378534,0.78,0.78,0.3819085009768879
default_5shot,nqopen,meta-llama_Llama-3.1-8B-Instruct,42,a9d438c48e015f6f57b24735f0675d9baac0c37c47da0073ae4c37280035f765,-0.0,-0.0,True,-0.0,True,False,0.0,0.0,0.0,0.0,0.0,0.0
default_5shot,nqopen,meta-llama_Llama-3.1-8B-Instruct,42,c4095162e975ae9e902e639075e286229bbe31cc3bb692c22fd4b6d92f5afb80,0.639031859650177,0.639031859650177,True,0.639031859650177,True,False,0.0,0.0,0.0,0.0,0.0,0.0
default_5shot,nqopen,meta-llama_Llama-3.1-8B-Instruct,42,ca01e8e927d0afe120aa0ae8125b2be82b52dcfbbf46e8dd1aef005a863c7f85,2.3025850929940455,2.3025850929940455,True,2.1639556568820564,False,True,0.0,0.0,0.0,0.0,0.0,0.0
default_5shot,nqopen,meta-llama_Llama-3.1-8B-Instruct,42,d76920d7663086920ebe31a1a0b4ad00421eab647340116f3565c3aedf0f7b38,-0.0,-0.0,True,-0.0,True,False,0.0,0.0,0.0,0.0,0.0,0.0
default_5shot,nqopen,meta-llama_Llama-3.1-8B-Instruct,42,e4f72a0f716b802a3d9dffb70a02d72fcf5713765cdf0887068cab7166e3b623,-0.0,-0.0,True,-0.0,True,False,0.0,0.0,0.0,0.0,0.0,0.0
default_5shot,nqopen,meta-llama_Llama-3.1-8B-Instruct,42,e7d880797945683dd8850d01a1b65c62a1a3c74b342c271f754789529edcea37,2.3025850929940455,2.3025850929940455,True,2.3025850929940455,True,False,0.0,0.0,0.0,0.0,0.0,0.0
default_5shot,nqopen,meta-llama_Llama-3.1-8B-Instruct,42,e8acce5cd65fc0767731d32080019eaf4e6f3308959204fe91c0bf4351181762,-0.0,-0.0,True,0.6730116670092565,False,True,0.0,0.0,0.0,0.0,0.0,0.0
default_5shot,nqopen,meta-llama_Llama-3.1-8B-Instruct,42,e9c6e4a554bfb56b9bed499f741646e94f81ee2ad2cdd516bacae06d64e7567c,2.3025850929940455,2.3025850929940455,True,2.3025850929940455,True,False,0.0,0.0,0.0,0.0,0.0,0.0
default_5shot,nqopen,meta-llama_Llama-3.1-8B-Instruct,42,f27661bfd0dbe768c113f5b8001b2466667d4b5f7f823f8c65cd4ab05fdb9fbf,1.0888999753452235,1.0888999753452235,True,1.2275294114572126,False,True,0.0,0.0,0.0,0.0,0.0,0.0
default_5shot,nqopen,meta-llama_Llama-3.1-8B-Instruct,42,f29a02198aa504e766b0781b191d5db224877b4fca6e7314daa4f512018ac82f,0.639031859650177,0.639031859650177,True,0.639031859650177,True,False,0.0,0.0,0.0,0.0,0.0,0.0
default_5shot,nqopen,meta-llama_Llama-3.1-8B-Instruct,42,f2e6a577b3b4dbb48890b79b656753f85b223f3dfcf96fe93b17d7a538f3768a,0.8018185525433372,0.8018185525433373,True,0.8018185525433373,True,False,0.82,0.82,0.47803567329033025,0.82,0.82,0.47803567329033025
default_5shot,nqopen,meta-llama_Llama-3.1-8B-Instruct,42,fd9e6277ae791a7fa389032de85facbc280153e71c623273b1f9e3877d8088d8,1.4184836619456564,1.4184836619456567,True,1.6094379124341005,False,True,0.86,0.64,0.27725887222397816,0.0,0.0,0.0
default_5shot,nqopen,mistralai_Mistral-7B-Instruct-v0.3,42,014b3024a63a5fe732951ad85db7b2b6fcdf27cde83d3d42ee6396d39ece5133,1.8343719702816235,1.8343719702816237,True,1.8343719702816237,True,False,0.0,0.0,0.0,0.0,0.0,0.0
default_5shot,nqopen,mistralai_Mistral-7B-Instruct-v0.3,42,0413ae198cc06d84721086d8cb98246c9ebe18ffeee70f7d332f88e771812e2c,1.2275294114572126,1.2275294114572126,True,1.0888999753452235,False,True,0.0,0.0,0.0,0.0,0.0,0.0
default_5shot,nqopen,mistralai_Mistral-7B-Instruct-v0.3,42,0602a62395dfe52f9cd2231de632af8e0e24a607b1f87c75b223cde612c708c1,0.639031859650177,0.639031859650177,True,0.639031859650177,True,False,0.0,0.0,0.0,0.0,0.0,0.0
default_5shot,nqopen,mistralai_Mistral-7B-Instruct-v0.3,42,2eead6e6cf31d5470eae4cd197c56f827a92ab6fef61956f93a6d36802201b95,1.7480673485460891,1.7480673485460891,True,1.7480673485460891,True,False,0.0,0.0,0.0,0.0,0.0,0.0
default_5shot,nqopen,mistralai_Mistral-7B-Instruct-v0.3,42,328ab41ed3800ab4195dbc715ba1e745a556dcd315a49ef94c7f5bba30bc573e,-0.0,-0.0,True,-0.0,True,False,0.0,0.0,0.0,0.0,0.0,0.0
default_5shot,nqopen,mistralai_Mistral-7B-Instruct-v0.3,42,42d5bff75c2711746321bd994bb06777fa9176abb51b1c599717e0f095614970,0.3250829733914482,0.3250829733914482,True,0.8018185525433373,False,True,0.0,0.0,0.0,0.0,0.0,0.0
default_5shot,nqopen,mistralai_Mistral-7B-Instruct-v0.3,42,4a29a777fc433f40c0e56138613caa38350cbf3a3f719eaf63ffcf7641b9abe7,1.9730014063936123,1.9730014063936128,True,1.9730014063936128,True,False,0.0,0.0,0.0,0.0,0.0,0.0
default_5shot,nqopen,mistralai_Mistral-7B-Instruct-v0.3,42,52ecc2eb7f2fbd206b2c440063a1e94ff609aa31733c8991857dc9186bf6119e,-0.0,-0.0,True,-0.0,True,False,0.0,0.0,0.0,0.0,0.0,0.0
default_5shot,nqopen,mistralai_Mistral-7B-Instruct-v0.3,42,62d564cdcc762ee9f68eea3dc56aedc5e2596d254010957bf73e8d364bd65f88,0.639031859650177,0.639031859650177,True,0.639031859650177,True,False,0.0,0.0,0.0,0.0,0.0,0.0
default_5shot,nqopen,mistralai_Mistral-7B-Instruct-v0.3,42,727f18113bffe90e8b67050699c6333174658ff8a2d8b2c599f0cf0368c961f3,1.2275294114572126,1.2275294114572126,True,1.2275294114572126,True,False,0.0,0.0,0.0,0.0,0.0,0.0
default_5shot,nqopen,mistralai_Mistral-7B-Instruct-v0.3,42,739347c6bf57ff11ad885ba999e3821a5cf2c0c96db979108854102acb881077,2.1639556568820564,2.1639556568820564,True,2.1639556568820564,True,False,0.0,0.0,0.0,0.0,0.0,0.0
default_5shot,nqopen,mistralai_Mistral-7B-Instruct-v0.3,42,7fd9dec4732e923c2427a5accc3ffde69e29205103d0d809e23149d644ab61b0,2.3025850929940455,2.3025850929940455,True,2.3025850929940455,True,False,0.0,0.0,0.0,0.0,0.0,0.0
default_5shot,nqopen,mistralai_Mistral-7B-Instruct-v0.3,42,8232dce80592684f709640bccdb880a4b077ca6f4a7a4211cf2330c972636b1a,1.8866967846580784,1.8866967846580787,True,2.0253262207700677,False,True,0.74,0.46,0.19095425048844383,0.0,0.0,0.0
default_5shot,nqopen,mistralai_Mistral-7B-Instruct-v0.3,42,8ba3bcbf1c0c5c613505441dc45712c1259f0dd02b903603c694d4838c726713,0.3250829733914482,0.3250829733914482,True,0.3250829733914482,True,False,0.0,0.0,0.0,0.0,0.0,0.0
default_5shot,nqopen,mistralai_Mistral-7B-Instruct-v0.3,42,9b7bf0491c787584fe718dc4aed469090faea5cf489e1c5f6f9b8989d4a588ef,2.3025850929940455,2.3025850929940455,True,2.3025850929940455,True,False,0.0,0.0,0.0,0.0,0.0,0.0
default_5shot,nqopen,mistralai_Mistral-7B-Instruct-v0.3,42,9fc8872d1a75b8bec1be62cedb5a99f18f38d85af0c60b3ed3a2a8c2522c4822,1.0549201679861442,1.0549201679861442,True,1.0549201679861442,True,False,0.0,0.0,0.0,0.0,0.0,0.0
default_5shot,nqopen,mistralai_Mistral-7B-Instruct-v0.3,42,a368dadfabd5452e4a375bec52f63b5bc4d5e271a91ea0d7948627e82b8e3894,1.5571130980576455,1.5571130980576458,True,2.1639556568820564,False,True,1.0,0.9,1.2843549390426523,0.6,0.3,0.1909542504884436
default_5shot,nqopen,mistralai_Mistral-7B-Instruct-v0.3,42,a6c4a48ac29e8dbb8737a30700e64233736853c3f246e05bf7c12dfe0d36ce83,0.8018185525433372,0.8018185525433373,True,1.0888999753452235,False,True,0.0,0.0,0.0,0.62,0.62,0.41878871200968015
default_5shot,nqopen,mistralai_Mistral-7B-Instruct-v0.3,42,a9d438c48e015f6f57b24735f0675d9baac0c37c47da0073ae4c37280035f765,-0.0,-0.0,True,-0.0,True,False,0.0,0.0,0.0,0.0,0.0,0.0
default_5shot,nqopen,mistralai_Mistral-7B-Instruct-v0.3,42,c4095162e975ae9e902e639075e286229bbe31cc3bb692c22fd4b6d92f5afb80,1.6957425341696346,1.6957425341696348,True,1.8866967846580787,False,True,0.0,0.0,0.0,0.0,0.0,0.0
default_5shot,nqopen,mistralai_Mistral-7B-Instruct-v0.3,42,ca01e8e927d0afe120aa0ae8125b2be82b52dcfbbf46e8dd1aef005a863c7f85,2.1639556568820564,2.1639556568820564,True,2.1639556568820564,True,False,0.0,0.0,0.0,0.0,0.0,0.0
default_5shot,nqopen,mistralai_Mistral-7B-Instruct-v0.3,42,d76920d7663086920ebe31a1a0b4ad00421eab647340116f3565c3aedf0f7b38,-0.0,-0.0,True,-0.0,True,False,0.0,0.0,0.0,0.0,0.0,0.0
default_5shot,nqopen,mistralai_Mistral-7B-Instruct-v0.3,42,e4f72a0f716b802a3d9dffb70a02d72fcf5713765cdf0887068cab7166e3b623,-0.0,-0.0,True,-0.0,True,False,0.0,0.0,0.0,0.0,0.0,0.0
default_5shot,nqopen,mistralai_Mistral-7B-Instruct-v0.3,42,e7d880797945683dd8850d01a1b65c62a1a3c74b342c271f754789529edcea37,2.3025850929940455,2.3025850929940455,True,2.3025850929940455,True,False,0.0,0.0,0.0,0.0,0.0,0.0
default_5shot,nqopen,mistralai_Mistral-7B-Instruct-v0.3,42,e8acce5cd65fc0767731d32080019eaf4e6f3308959204fe91c0bf4351181762,0.3250829733914482,0.3250829733914482,True,0.3250829733914482,True,False,0.0,0.0,0.0,0.0,0.0,0.0
default_5shot,nqopen,mistralai_Mistral-7B-Instruct-v0.3,42,e9c6e4a554bfb56b9bed499f741646e94f81ee2ad2cdd516bacae06d64e7567c,1.3592367006650063,1.3592367006650066,True,1.4978661367769954,False,True,0.0,0.0,0.0,0.0,0.0,0.0
default_5shot,nqopen,mistralai_Mistral-7B-Instruct-v0.3,42,f27661bfd0dbe768c113f5b8001b2466667d4b5f7f823f8c65cd4ab05fdb9fbf,2.0253262207700673,2.0253262207700677,True,2.0253262207700677,True,False,0.0,0.0,0.0,0.0,0.0,0.0
default_5shot,nqopen,mistralai_Mistral-7B-Instruct-v0.3,42,f29a02198aa504e766b0781b191d5db224877b4fca6e7314daa4f512018ac82f,0.8979457248567797,0.8979457248567797,True,0.8979457248567797,True,False,0.0,0.0,0.0,0.0,0.0,0.0
default_5shot,nqopen,mistralai_Mistral-7B-Instruct-v0.3,42,f2e6a577b3b4dbb48890b79b656753f85b223f3dfcf96fe93b17d7a538f3768a,2.1639556568820564,2.1639556568820564,True,2.0253262207700677,False,True,0.0,0.0,0.0,0.0,0.0,0.0
default_5shot,nqopen,mistralai_Mistral-7B-Instruct-v0.3,42,fd9e6277ae791a7fa389032de85facbc280153e71c623273b1f9e3877d8088d8,0.6730116670092565,0.6730116670092565,True,0.8979457248567797,False,True,1.0,0.98,0.6931471805599453,0.0,0.0,0.0
default_5shot,svamp,meta-llama_Llama-3.1-70B-Instruct,42,004bc65ee89a10b5ef76ce5691b6419422ede33c4a5ab49292e9b29c0607d07b,-0.0,-0.0,True,-0.0,True,False,0.0,0.0,0.0,0.0,0.0,0.0
default_5shot,svamp,meta-llama_Llama-3.1-70B-Instruct,42,0a2a57b176707be7d9c3f313d986eb302350cfec2e695bfa2f97b278e14176c6,-0.0,-0.0,True,-0.0,True,False,0.0,0.0,0.0,0.0,0.0,0.0
default_5shot,svamp,meta-llama_Llama-3.1-70B-Instruct,42,24eb15fee109c4137191802bf9ae677c8609e137edc9a59c37607e9847b48016,1.4708084763221112,1.4708084763221114,True,1.6957425341696348,False,True,0.0,0.0,0.0,0.0,0.0,0.0
default_5shot,svamp,meta-llama_Llama-3.1-70B-Instruct,42,291b2273c741f4aff228f510bf3909ab1d4ced1b2879db7f4052f7c49fcaf416,0.8018185525433373,0.8018185525433373,True,0.8018185525433373,True,False,0.0,0.0,0.0,0.0,0.0,0.0
default_5shot,svamp,meta-llama_Llama-3.1-70B-Instruct,42,3ac55743f881aaf9e314fb897b0148cdd4285d637d3c0c40658ed15a106be1b2,-0.0,-0.0,True,-0.0,True,False,0.0,0.0,0.0,0.0,0.0,0.0
default_5shot,svamp,meta-llama_Llama-3.1-70B-Instruct,42,3e213ffca7c0fe2d534da8d1510f3598c7186e426cacad254a76d195164c2790,-0.0,-0.0,True,-0.0,True,False,0.0,0.0,0.0,0.0,0.0,0.0
default_5shot,svamp,meta-llama_Llama-3.1-70B-Instruct,42,4428bdd91bc27a2b62861973a9e95fc8d55b83cf90bf1ad08e7325b72c778c82,-0.0,-0.0,True,-0.0,True,False,0.0,0.0,0.0,0.0,0.0,0.0
default_5shot,svamp,meta-llama_Llama-3.1-70B-Instruct,42,54cb60f622250aa5b6e09b5d09978cc42cf89ed73002dd643c20ff59eaefae81,-0.0,-0.0,True,-0.0,True,False,0.0,0.0,0.0,0.0,0.0,0.0
default_5shot,svamp,meta-llama_Llama-3.1-70B-Instruct,42,5cca247b73c7e7800b4dffab4af6bc3d0a7de509dd6d5e05c87ddbed732fde17,-0.0,-0.0,True,-0.0,True,False,0.0,0.0,0.0,0.0,0.0,0.0
default_5shot,svamp,meta-llama_Llama-3.1-70B-Instruct,42,6efc2d0753072ee3e59e1f0da38a4091d57431ef7999f3a0c1e5874953718c14,-0.0,-0.0,True,-0.0,True,False,0.0,0.0,0.0,0.0,0.0,0.0
default_5shot,svamp,meta-llama_Llama-3.1-70B-Instruct,42,73263111e8df71d59515fdaf45c3a19842ef6131332f10f1ce8ea7f4feaf7703,-0.0,-0.0,True,-0.0,True,False,0.0,0.0,0.0,0.0,0.0,0.0
default_5shot,svamp,meta-llama_Llama-3.1-70B-Instruct,42,7d81a5ff9455ec4b69da60029bb28f7863c67e7550415fe59f3d834c00df684f,-0.0,-0.0,True,-0.0,True,False,0.0,0.0,0.0,0.0,0.0,0.0
default_5shot,svamp,meta-llama_Llama-3.1-70B-Instruct,42,8036d136aac5d4b146c2c5d063c75fc77fa9b72d4b589626677be5a7668ac7bb,-0.0,-0.0,True,-0.0,True,False,0.0,0.0,0.0,0.0,0.0,0.0
default_5shot,svamp,meta-llama_Llama-3.1-70B-Instruct,42,8069263ed43243cdb0f852b8ce0f160194e4f2a2f22e9b24eed659857b17fdc8,-0.0,-0.0,True,-0.0,True,False,0.0,0.0,0.0,0.0,0.0,0.0
default_5shot,svamp,meta-llama_Llama-3.1-70B-Instruct,42,98d32fb83fc0b9ddbe4d54168c346a0805a5d5debf4966844890b5b7a728b5c4,-0.0,-0.0,True,-0.0,True,False,0.0,0.0,0.0,0.0,0.0,0.0
default_5shot,svamp,meta-llama_Llama-3.1-70B-Instruct,42,9a9dfb2673e8f98b46ba7a5b1b57cb960a67dfa0d199663f68bcb69f65e22ec6,-0.0,-0.0,True,-0.0,True,False,0.0,0.0,0.0,0.0,0.0,0.0
default_5shot,svamp,meta-llama_Llama-3.1-70B-Instruct,42,9e94d3c46c57f224cd48d1d0444643dca60de71c7d014fd61ccf36b8aeb48dc5,-0.0,-0.0,True,-0.0,True,False,0.0,0.0,0.0,0.0,0.0,0.0
default_5shot,svamp,meta-llama_Llama-3.1-70B-Instruct,42,a78a0e547921244ad1ab29f883b3f0726af6dd50cf3b9bda32210c50a7e731be,2.0253262207700673,2.0253262207700677,True,2.0253262207700677,True,False,0.0,0.0,0.0,0.0,0.0,0.0
default_5shot,svamp,meta-llama_Llama-3.1-70B-Instruct,42,abf771c1397a5ea4ae3e8ea877e2558e2431c4211857bee2db5b2e7cabbb8260,1.5047882836811908,1.5047882836811908,True,1.5047882836811908,True,False,0.0,0.0,0.0,0.0,0.0,0.0
default_5shot,svamp,meta-llama_Llama-3.1-70B-Instruct,42,adc9758b54f3f4f8366aa0031b6bd67d1b53bc6d2238a9f3eb4694efb320d010,-0.0,-0.0,True,-0.0,True,False,0.0,0.0,0.0,0.0,0.0,0.0
default_5shot,svamp,meta-llama_Llama-3.1-70B-Instruct,42,b44378ec6b96d52b187a3df76585aa3089f5e500722354c573432562f1063785,1.0888999753452235,1.0888999753452235,True,1.0888999753452235,True,False,0.0,0.0,0.0,0.0,0.0,0.0
default_5shot,svamp,meta-llama_Llama-3.1-70B-Instruct,42,b448b83bd5f17fb9f2ac89cbef57c6c99d37e4e8aa8740010cd1053a37d840d3,0.6108643020548935,0.6108643020548935,True,0.6108643020548935,True,False,0.0,0.0,0.0,0.0,0.0,0.0
default_5shot,svamp,meta-llama_Llama-3.1-70B-Instruct,42,c7f80664311b024001dcaac7d21749b1267f3ab7d29477cc823b4ff2f5332e2d,0.9502705392332347,0.9502705392332347,True,0.8018185525433373,False,True,0.78,0.78,0.4498681156950468,0.0,0.0,0.0
default_5shot,svamp,meta-llama_Llama-3.1-70B-Instruct,42,d2112fb47c9574f4d8c6cffef9088d17c128e8b271602def3a9c8e5988e93c39,-0.0,-0.0,True,-0.0,True,False,0.0,0.0,0.0,0.0,0.0,0.0
default_5shot,svamp,meta-llama_Llama-3.1-70B-Instruct,42,da30e79449bea03b9815bfb7045b02eb9fdf2bd99eefc8e4bba3a7bf713cc4d3,-0.0,-0.0,True,-0.0,True,False,0.0,0.0,0.0,0.0,0.0,0.0
default_5shot,svamp,meta-llama_Llama-3.1-70B-Instruct,42,e2e5d630fb43f9ba70d204069a92cbc8b904bb41469189648d46d0778d6ad207,0.3250829733914482,0.3250829733914482,True,0.3250829733914482,True,False,0.0,0.0,0.0,0.0,0.0,0.0
default_5shot,svamp,meta-llama_Llama-3.1-70B-Instruct,42,e6b61846547584e4ba77b0368769b12bd5f88ab47bc1a73c793263c57d000d85,-0.0,-0.0,True,-0.0,True,False,0.0,0.0,0.0,0.0,0.0,0.0
default_5shot,svamp,meta-llama_Llama-3.1-70B-Instruct,42,e9f2f2c798f7ccab62a6ad038f19213a782cbd5581e4a14f3d9a1ef924f690d7,-0.0,-0.0,True,-0.0,True,False,0.0,0.0,0.0,0.0,0.0,0.0
default_5shot,svamp,meta-llama_Llama-3.1-70B-Instruct,42,f284aa30d03b72286f53f9b997e8cbfd2069d4c0393896112817814bcb25e1a7,-0.0,-0.0,True,-0.0,True,False,0.0,0.0,0.0,0.0,0.0,0.0
default_5shot,svamp,meta-llama_Llama-3.1-70B-Instruct,42,fe6141fa32854b502c25c668eb2c6f49c6b160f4e254965fdb05790a546be29a,-0.0,-0.0,True,-0.0,True,False,0.0,0.0,0.0,0.0,0.0,0.0
default_5shot,svamp,meta-llama_Llama-3.1-8B-Instruct,42,004bc65ee89a10b5ef76ce5691b6419422ede33c4a5ab49292e9b29c0607d07b,-0.0,-0.0,True,-0.0,True,False,0.0,0.0,0.0,0.0,0.0,0.0
default_5shot,svamp,meta-llama_Llama-3.1-8B-Instruct,42,0a2a57b176707be7d9c3f313d986eb302350cfec2e695bfa2f97b278e14176c6,-0.0,-0.0,True,-0.0,True,False,0.0,0.0,0.0,0.0,0.0,0.0
default_5shot,svamp,meta-llama_Llama-3.1-8B-Instruct,42,24eb15fee109c4137191802bf9ae677c8609e137edc9a59c37607e9847b48016,0.9404479886553263,0.9404479886553264,True,0.9404479886553264,True,False,0.0,0.0,0.0,0.0,0.0,0.0
default_5shot,svamp,meta-llama_Llama-3.1-8B-Instruct,42,291b2273c741f4aff228f510bf3909ab1d4ced1b2879db7f4052f7c49fcaf416,1.0888999753452238,1.0888999753452235,True,1.0888999753452235,True,False,0.0,0.0,0.0,0.0,0.0,0.0
default_5shot,svamp,meta-llama_Llama-3.1-8B-Instruct,42,3ac55743f881aaf9e314fb897b0148cdd4285d637d3c0c40658ed15a106be1b2,-0.0,-0.0,True,-0.0,True,False,0.0,0.0,0.0,0.0,0.0,0.0
default_5shot,svamp,meta-llama_Llama-3.1-8B-Instruct,42,3e213ffca7c0fe2d534da8d1510f3598c7186e426cacad254a76d195164c2790,1.7480673485460891,1.7480673485460891,True,1.7480673485460891,True,False,0.0,0.0,0.0,0.0,0.0,0.0
default_5shot,svamp,meta-llama_Llama-3.1-8B-Instruct,42,4428bdd91bc27a2b62861973a9e95fc8d55b83cf90bf1ad08e7325b72c778c82,-0.0,-0.0,True,-0.0,True,False,0.0,0.0,0.0,0.0,0.0,0.0
default_5shot,svamp,meta-llama_Llama-3.1-8B-Instruct,42,54cb60f622250aa5b6e09b5d09978cc42cf89ed73002dd643c20ff59eaefae81,0.3250829733914482,0.3250829733914482,True,0.3250829733914482,True,False,0.0,0.0,0.0,0.0,0.0,0.0
default_5shot,svamp,meta-llama_Llama-3.1-8B-Instruct,42,5cca247b73c7e7800b4dffab4af6bc3d0a7de509dd6d5e05c87ddbed732fde17,-0.0,-0.0,True,-0.0,True,False,0.0,0.0,0.0,0.0,0.0,0.0
default_5shot,svamp,meta-llama_Llama-3.1-8B-Instruct,42,6efc2d0753072ee3e59e1f0da38a4091d57431ef7999f3a0c1e5874953718c14,-0.0,-0.0,True,-0.0,True,False,0.0,0.0,0.0,0.0,0.0,0.0
default_5shot,svamp,meta-llama_Llama-3.1-8B-Instruct,42,73263111e8df71d59515fdaf45c3a19842ef6131332f10f1ce8ea7f4feaf7703,-0.0,-0.0,True,-0.0,True,False,0.0,0.0,0.0,0.0,0.0,0.0
default_5shot,svamp,meta-llama_Llama-3.1-8B-Instruct,42,7d81a5ff9455ec4b69da60029bb28f7863c67e7550415fe59f3d834c00df684f,-0.0,-0.0,True,-0.0,True,False,0.0,0.0,0.0,0.0,0.0,0.0
default_5shot,svamp,meta-llama_Llama-3.1-8B-Instruct,42,8036d136aac5d4b146c2c5d063c75fc77fa9b72d4b589626677be5a7668ac7bb,-0.0,-0.0,True,-0.0,True,False,0.0,0.0,0.0,0.0,0.0,0.0
default_5shot,svamp,meta-llama_Llama-3.1-8B-Instruct,42,8069263ed43243cdb0f852b8ce0f160194e4f2a2f22e9b24eed659857b17fdc8,0.8979457248567797,0.8979457248567797,True,0.8979457248567797,True,False,0.0,0.0,0.0,0.0,0.0,0.0
default_5shot,svamp,meta-llama_Llama-3.1-8B-Instruct,42,98d32fb83fc0b9ddbe4d54168c346a0805a5d5debf4966844890b5b7a728b5c4,-0.0,-0.0,True,-0.0,True,False,0.0,0.0,0.0,0.0,0.0,0.0
default_5shot,svamp,meta-llama_Llama-3.1-8B-Instruct,42,9a9dfb2673e8f98b46ba7a5b1b57cb960a67dfa0d199663f68bcb69f65e22ec6,0.639031859650177,0.639031859650177,True,0.639031859650177,True,False,0.0,0.0,0.0,0.0,0.0,0.0
default_5shot,svamp,meta-llama_Llama-3.1-8B-Instruct,42,9e94d3c46c57f224cd48d1d0444643dca60de71c7d014fd61ccf36b8aeb48dc5,-0.0,-0.0,True,-0.0,True,False,0.0,0.0,0.0,0.0,0.0,0.0
default_5shot,svamp,meta-llama_Llama-3.1-8B-Instruct,42,a78a0e547921244ad1ab29f883b3f0726af6dd50cf3b9bda32210c50a7e731be,1.2275294114572126,1.2275294114572126,True,1.2275294114572126,True,False,0.0,0.0,0.0,0.0,0.0,0.0
default_5shot,svamp,meta-llama_Llama-3.1-8B-Instruct,42,abf771c1397a5ea4ae3e8ea877e2558e2431c4211857bee2db5b2e7cabbb8260,-0.0,-0.0,True,-0.0,True,False,0.0,0.0,0.0,0.0,0.0,0.0
default_5shot,svamp,meta-llama_Llama-3.1-8B-Instruct,42,adc9758b54f3f4f8366aa0031b6bd67d1b53bc6d2238a9f3eb4694efb320d010,0.3250829733914482,0.3250829733914482,True,0.3250829733914482,True,False,0.0,0.0,0.0,0.0,0.0,0.0
default_5shot,svamp,meta-llama_Llama-3.1-8B-Instruct,42,b44378ec6b96d52b187a3df76585aa3089f5e500722354c573432562f1063785,1.8343719702816235,1.8343719702816237,True,1.8343719702816237,True,False,0.0,0.0,0.0,0.0,0.0,0.0
default_5shot,svamp,meta-llama_Llama-3.1-8B-Instruct,42,b448b83bd5f17fb9f2ac89cbef57c6c99d37e4e8aa8740010cd1053a37d840d3,1.4708084763221112,1.4708084763221114,True,1.4708084763221114,True,False,0.0,0.0,0.0,0.0,0.0,0.0
default_5shot,svamp,meta-llama_Llama-3.1-8B-Instruct,42,c7f80664311b024001dcaac7d21749b1267f3ab7d29477cc823b4ff2f5332e2d,0.639031859650177,0.639031859650177,True,0.639031859650177,True,False,0.0,0.0,0.0,0.0,0.0,0.0
default_5shot,svamp,meta-llama_Llama-3.1-8B-Instruct,42,d2112fb47c9574f4d8c6cffef9088d17c128e8b271602def3a9c8e5988e93c39,-0.0,-0.0,True,-0.0,True,False,0.0,0.0,0.0,0.0,0.0,0.0
default_5shot,svamp,meta-llama_Llama-3.1-8B-Instruct,42,da30e79449bea03b9815bfb7045b02eb9fdf2bd99eefc8e4bba3a7bf713cc4d3,-0.0,-0.0,True,-0.0,True,False,0.0,0.0,0.0,0.0,0.0,0.0
default_5shot,svamp,meta-llama_Llama-3.1-8B-Instruct,42,e2e5d630fb43f9ba70d204069a92cbc8b904bb41469189648d46d0778d6ad207,2.1639556568820564,2.1639556568820564,True,2.1639556568820564,True,False,0.0,0.0,0.0,0.0,0.0,0.0
default_5shot,svamp,meta-llama_Llama-3.1-8B-Instruct,42,e6b61846547584e4ba77b0368769b12bd5f88ab47bc1a73c793263c57d000d85,-0.0,-0.0,True,-0.0,True,False,0.0,0.0,0.0,0.0,0.0,0.0
default_5shot,svamp,meta-llama_Llama-3.1-8B-Instruct,42,e9f2f2c798f7ccab62a6ad038f19213a782cbd5581e4a14f3d9a1ef924f690d7,1.2275294114572126,1.2275294114572126,True,1.2275294114572126,True,False,0.0,0.0,0.0,0.0,0.0,0.0
default_5shot,svamp,meta-llama_Llama-3.1-8B-Instruct,42,f284aa30d03b72286f53f9b997e8cbfd2069d4c0393896112817814bcb25e1a7,-0.0,-0.0,True,-0.0,True,False,0.0,0.0,0.0,0.0,0.0,0.0
default_5shot,svamp,meta-llama_Llama-3.1-8B-Instruct,42,fe6141fa32854b502c25c668eb2c6f49c6b160f4e254965fdb05790a546be29a,-0.0,-0.0,True,-0.0,True,False,0.0,0.0,0.0,0.0,0.0,0.0
default_5shot,svamp,mistralai_Mistral-7B-Instruct-v0.3,42,004bc65ee89a10b5ef76ce5691b6419422ede33c4a5ab49292e9b29c0607d07b,-0.0,-0.0,True,-0.0,True,False,0.0,0.0,0.0,0.0,0.0,0.0
default_5shot,svamp,mistralai_Mistral-7B-Instruct-v0.3,42,0a2a57b176707be7d9c3f313d986eb302350cfec2e695bfa2f97b278e14176c6,0.6108643020548935,0.6108643020548935,True,0.3250829733914482,False,True,0.74,0.74,0.6108643020548935,0.0,0.0,0.0
default_5shot,svamp,mistralai_Mistral-7B-Instruct-v0.3,42,24eb15fee109c4137191802bf9ae677c8609e137edc9a59c37607e9847b48016,1.6094379124341003,1.6094379124341005,True,1.6094379124341005,True,False,0.0,0.0,0.0,0.0,0.0,0.0
default_5shot,svamp,mistralai_Mistral-7B-Instruct-v0.3,42,291b2273c741f4aff228f510bf3909ab1d4ced1b2879db7f4052f7c49fcaf416,0.6108643020548935,0.6108643020548935,True,0.6108643020548935,True,False,0.0,0.0,0.0,0.0,0.0,0.0
default_5shot,svamp,mistralai_Mistral-7B-Instruct-v0.3,42,3ac55743f881aaf9e314fb897b0148cdd4285d637d3c0c40658ed15a106be1b2,-0.0,-0.0,True,-0.0,True,False,0.0,0.0,0.0,0.0,0.0,0.0
default_5shot,svamp,mistralai_Mistral-7B-Instruct-v0.3,42,3e213ffca7c0fe2d534da8d1510f3598c7186e426cacad254a76d195164c2790,0.639031859650177,0.639031859650177,True,0.639031859650177,True,False,0.0,0.0,0.0,0.0,0.0,0.0
default_5shot,svamp,mistralai_Mistral-7B-Instruct-v0.3,42,4428bdd91bc27a2b62861973a9e95fc8d55b83cf90bf1ad08e7325b72c778c82,0.6108643020548935,0.6108643020548935,True,1.2206072645530175,False,True,0.28,0.28,0.19274475702175742,0.0,0.0,0.0
default_5shot,svamp,mistralai_Mistral-7B-Instruct-v0.3,42,54cb60f622250aa5b6e09b5d09978cc42cf89ed73002dd643c20ff59eaefae81,1.3592367006650063,1.3592367006650066,True,1.4978661367769954,False,True,0.0,0.0,0.0,0.0,0.0,0.0
default_5shot,svamp,mistralai_Mistral-7B-Instruct-v0.3,42,5cca247b73c7e7800b4dffab4af6bc3d0a7de509dd6d5e05c87ddbed732fde17,-0.0,-0.0,True,-0.0,True,False,0.0,0.0,0.0,0.0,0.0,0.0
default_5shot,svamp,mistralai_Mistral-7B-Instruct-v0.3,42,6efc2d0753072ee3e59e1f0da38a4091d57431ef7999f3a0c1e5874953718c14,-0.0,-0.0,True,-0.0,True,False,0.0,0.0,0.0,0.0,0.0,0.0
default_5shot,svamp,mistralai_Mistral-7B-Instruct-v0.3,42,73263111e8df71d59515fdaf45c3a19842ef6131332f10f1ce8ea7f4feaf7703,-0.0,-0.0,True,-0.0,True,False,0.0,0.0,0.0,0.0,0.0,0.0
default_5shot,svamp,mistralai_Mistral-7B-Instruct-v0.3,42,7d81a5ff9455ec4b69da60029bb28f7863c67e7550415fe59f3d834c00df684f,-0.0,-0.0,True,-0.0,True,False,0.0,0.0,0.0,0.0,0.0,0.0
default_5shot,svamp,mistralai_Mistral-7B-Instruct-v0.3,42,8036d136aac5d4b146c2c5d063c75fc77fa9b72d4b589626677be5a7668ac7bb,-0.0,-0.0,True,-0.0,True,False,0.0,0.0,0.0,0.0,0.0,0.0
default_5shot,svamp,mistralai_Mistral-7B-Instruct-v0.3,42,8069263ed43243cdb0f852b8ce0f160194e4f2a2f22e9b24eed659857b17fdc8,-0.0,-0.0,True,-0.0,True,False,0.0,0.0,0.0,0.0,0.0,0.0
default_5shot,svamp,mistralai_Mistral-7B-Instruct-v0.3,42,98d32fb83fc0b9ddbe4d54168c346a0805a5d5debf4966844890b5b7a728b5c4,-0.0,-0.0,True,-0.0,True,False,0.0,0.0,0.0,0.0,0.0,0.0
default_5shot,svamp,mistralai_Mistral-7B-Instruct-v0.3,42,9a9dfb2673e8f98b46ba7a5b1b57cb960a67dfa0d199663f68bcb69f65e22ec6,1.8343719702816235,1.8343719702816237,True,1.8343719702816237,False,True,0.0,0.0,0.0,0.0,0.0,0.0
default_5shot,svamp,mistralai_Mistral-7B-Instruct-v0.3,42,9e94d3c46c57f224cd48d1d0444643dca60de71c7d014fd61ccf36b8aeb48dc5,-0.0,-0.0,True,-0.0,True,False,0.0,0.0,0.0,0.0,0.0,0.0
default_5shot,svamp,mistralai_Mistral-7B-Instruct-v0.3,42,a78a0e547921244ad1ab29f883b3f0726af6dd50cf3b9bda32210c50a7e731be,0.639031859650177,0.639031859650177,True,0.639031859650177,True,False,0.0,0.0,0.0,0.0,0.0,0.0
default_5shot,svamp,mistralai_Mistral-7B-Instruct-v0.3,42,abf771c1397a5ea4ae3e8ea877e2558e2431c4211857bee2db5b2e7cabbb8260,-0.0,-0.0,True,-0.0,True,False,0.0,0.0,0.0,0.0,0.0,0.0
default_5shot,svamp,mistralai_Mistral-7B-Instruct-v0.3,42,adc9758b54f3f4f8366aa0031b6bd67d1b53bc6d2238a9f3eb4694efb320d010,1.8343719702816235,1.8343719702816237,True,1.8343719702816237,True,False,0.0,0.0,0.0,0.0,0.0,0.0
default_5shot,svamp,mistralai_Mistral-7B-Instruct-v0.3,42,b44378ec6b96d52b187a3df76585aa3089f5e500722354c573432562f1063785,0.8979457248567797,0.8979457248567797,True,0.8979457248567797,True,False,0.0,0.0,0.0,0.0,0.0,0.0
default_5shot,svamp,mistralai_Mistral-7B-Instruct-v0.3,42,b448b83bd5f17fb9f2ac89cbef57c6c99d37e4e8aa8740010cd1053a37d840d3,1.1682824501765625,1.1682824501765625,True,1.1682824501765625,True,False,0.0,0.0,0.0,0.0,0.0,0.0
default_5shot,svamp,mistralai_Mistral-7B-Instruct-v0.3,42,c7f80664311b024001dcaac7d21749b1267f3ab7d29477cc823b4ff2f5332e2d,-0.0,-0.0,True,-0.0,True,False,0.0,0.0,0.0,0.0,0.0,0.0
default_5shot,svamp,mistralai_Mistral-7B-Instruct-v0.3,42,d2112fb47c9574f4d8c6cffef9088d17c128e8b271602def3a9c8e5988e93c39,-0.0,-0.0,True,-0.0,True,False,0.0,0.0,0.0,0.0,0.0,0.0
default_5shot,svamp,mistralai_Mistral-7B-Instruct-v0.3,42,da30e79449bea03b9815bfb7045b02eb9fdf2bd99eefc8e4bba3a7bf713cc4d3,-0.0,-0.0,True,-0.0,True,False,0.0,0.0,0.0,0.0,0.0,0.0
default_5shot,svamp,mistralai_Mistral-7B-Instruct-v0.3,42,e2e5d630fb43f9ba70d204069a92cbc8b904bb41469189648d46d0778d6ad207,2.0253262207700677,2.0253262207700677,True,2.0253262207700677,True,False,0.0,0.0,0.0,0.0,0.0,0.0
default_5shot,svamp,mistralai_Mistral-7B-Instruct-v0.3,42,e6b61846547584e4ba77b0368769b12bd5f88ab47bc1a73c793263c57d000d85,-0.0,-0.0,True,-0.0,True,False,0.0,0.0,0.0,0.0,0.0,0.0
default_5shot,svamp,mistralai_Mistral-7B-Instruct-v0.3,42,e9f2f2c798f7ccab62a6ad038f19213a782cbd5581e4a14f3d9a1ef924f690d7,0.3250829733914482,0.3250829733914482,True,0.3250829733914482,True,False,0.0,0.0,0.0,0.0,0.0,0.0
default_5shot,svamp,mistralai_Mistral-7B-Instruct-v0.3,42,f284aa30d03b72286f53f9b997e8cbfd2069d4c0393896112817814bcb25e1a7,-0.0,-0.0,True,0.3250829733914482,False,True,0.0,0.0,0.0,0.0,0.0,0.0
default_5shot,svamp,mistralai_Mistral-7B-Instruct-v0.3,42,fe6141fa32854b502c25c668eb2c6f49c6b160f4e254965fdb05790a546be29a,0.6108643020548935,0.6108643020548935,True,0.6108643020548935,True,False,0.0,0.0,0.0,0.0,0.0,0.0
default_5shot,triviaqa,meta-llama_Llama-3.1-70B-Instruct,42,0c1ae59bc9b37eebdd2219cc999e4fda55adbed1edbc5eea7d4ebb53e5ff716e,-0.0,-0.0,True,-0.0,True,False,0.0,0.0,0.0,0.0,0.0,0.0
default_5shot,triviaqa,meta-llama_Llama-3.1-70B-Instruct,42,12134edd432b96145bb3d93b03e965817cb645ebefe07254a5c9e7ad91cc85c8,-0.0,-0.0,True,-0.0,True,False,0.0,0.0,0.0,0.0,0.0,0.0
default_5shot,triviaqa,meta-llama_Llama-3.1-70B-Instruct,42,173fa561eff48687a321c241f8767a608aad223537a6ac0faf34cfb6f7e39a13,-0.0,-0.0,True,-0.0,True,False,0.0,0.0,0.0,0.0,0.0,0.0
default_5shot,triviaqa,meta-llama_Llama-3.1-70B-Instruct,42,20e5f274409c5ca15cb6ef859321b044e4d5ba75e271e07165e7c9310bc79ba7,-0.0,-0.0,True,-0.0,True,False,0.0,0.0,0.0,0.0,0.0,0.0
default_5shot,triviaqa,meta-llama_Llama-3.1-70B-Instruct,42,28c834ed85977ed256f3122624bf46747cc18bb5cbb92b3465f8694dbf3389ab,-0.0,-0.0,True,-0.0,True,False,0.0,0.0,0.0,0.0,0.0,0.0
default_5shot,triviaqa,meta-llama_Llama-3.1-70B-Instruct,42,2b512c01338f4b86cbac20a4b6071a72dc4a6a5db0290cd6e06ac70a833678e8,-0.0,-0.0,True,-0.0,True,False,0.0,0.0,0.0,0.0,0.0,0.0
default_5shot,triviaqa,meta-llama_Llama-3.1-70B-Instruct,42,345c6c842a38a028f239f18794a374526912c6d0a1f94f9dd5a5113ce21ff61b,0.6108643020548935,0.6108643020548935,True,0.6108643020548935,True,False,0.0,0.0,0.0,0.0,0.0,0.0
default_5shot,triviaqa,meta-llama_Llama-3.1-70B-Instruct,42,3ad9553548bfd8bda66bb1bd4e03954969290bf076eeabb0c90a6652f1cf997b,-0.0,-0.0,True,-0.0,True,False,0.0,0.0,0.0,0.0,0.0,0.0
default_5shot,triviaqa,meta-llama_Llama-3.1-70B-Instruct,42,3f0ec5d43e3494f5ed01b51d45b60b0328055927176dcab104f37335cefb301b,-0.0,-0.0,True,-0.0,True,False,0.0,0.0,0.0,0.0,0.0,0.0
default_5shot,triviaqa,meta-llama_Llama-3.1-70B-Instruct,42,510cb8ba7d003d96c6b41dcf95e2dcebf6b96805d12c6e51c1f0d73798e66e49,-0.0,-0.0,True,-0.0,True,False,0.0,0.0,0.0,0.0,0.0,0.0
default_5shot,triviaqa,meta-llama_Llama-3.1-70B-Instruct,42,544ddaf5a74c001fb848683d9c8903e95bfae26502fdbbbd486450c8bee65794,-0.0,-0.0,True,-0.0,True,False,0.0,0.0,0.0,0.0,0.0,0.0
default_5shot,triviaqa,meta-llama_Llama-3.1-70B-Instruct,42,5b0cc6cbea37e04fa4a73aca4478579b3ef28af5a94fa1c22a4761e2ce2780e9,-0.0,-0.0,True,-0.0,True,False,0.0,0.0,0.0,0.0,0.0,0.0
default_5shot,triviaqa,meta-llama_Llama-3.1-70B-Instruct,42,7c9e521cf9aec8ad1ba5445df7ec83185408cdbe26244f5258dca3cef54e2f4a,-0.0,-0.0,True,-0.0,True,False,0.0,0.0,0.0,0.0,0.0,0.0
default_5shot,triviaqa,meta-llama_Llama-3.1-70B-Instruct,42,7ee18d8f1f23fe015f6596550d9fcf11d438d5614f597f400c6bab08d0a288d5,-0.0,-0.0,True,-0.0,True,False,0.0,0.0,0.0,0.0,0.0,0.0
default_5shot,triviaqa,meta-llama_Llama-3.1-70B-Instruct,42,815b85c96f5d5a83b14d348b51451adb453221b46b14e0670af697db9fc3b6b0,-0.0,-0.0,True,-0.0,True,False,0.0,0.0,0.0,0.0,0.0,0.0
default_5shot,triviaqa,meta-llama_Llama-3.1-70B-Instruct,42,8802795dbf95215f48a4e0deaaaf65efedd8622abaa7988b88735f245731b799,-0.0,-0.0,True,-0.0,True,False,0.0,0.0,0.0,0.0,0.0,0.0
default_5shot,triviaqa,meta-llama_Llama-3.1-70B-Instruct,42,8bb2cccfb08d849fadcb2b2d979c835e536a16aec169bc4113cfb6536f14cba4,-0.0,-0.0,True,0.3250829733914482,False,True,0.0,0.0,0.0,0.0,0.0,0.0
default_5shot,triviaqa,meta-llama_Llama-3.1-70B-Instruct,42,8c4aa626ac136956d42b75a46a206d0558b78ee6664eaa4872ece3ac9b5c4521,-0.0,-0.0,True,-0.0,True,False,0.0,0.0,0.0,0.0,0.0,0.0
default_5shot,triviaqa,meta-llama_Llama-3.1-70B-Instruct,42,940a2fe309790dc8f764c1b2e0a7d96c712d870c8405090936adc92ad2d06113,-0.0,-0.0,True,-0.0,True,False,0.0,0.0,0.0,0.0,0.0,0.0
default_5shot,triviaqa,meta-llama_Llama-3.1-70B-Instruct,42,96d27ee60973538f0b2dc3e374df466c44beb7452cd7a6e6509801a8a61de3ca,-0.0,-0.0,True,-0.0,True,False,0.0,0.0,0.0,0.0,0.0,0.0
default_5shot,triviaqa,meta-llama_Llama-3.1-70B-Instruct,42,b1499e4121f93e88b032b4c861cdfca1c78388a3e3fa74d3c27024e9bb2985df,-0.0,-0.0,True,-0.0,True,False,0.0,0.0,0.0,0.0,0.0,0.0
default_5shot,triviaqa,meta-llama_Llama-3.1-70B-Instruct,42,b3d82852ea8f7a9bc7b8352aa917e289d6cd5761a29c3aba88c2d9025b848eb5,0.3250829733914482,0.3250829733914482,True,0.3250829733914482,True,False,0.4,0.4,0.5004024235381879,0.0,0.0,0.0
default_5shot,triviaqa,meta-llama_Llama-3.1-70B-Instruct,42,c0d43d25e7ac9201c5abec2e932e8266c6effb73d117cfc4dba81abe6899929e,-0.0,-0.0,True,-0.0,True,False,0.0,0.0,0.0,0.0,0.0,0.0
default_5shot,triviaqa,meta-llama_Llama-3.1-70B-Instruct,42,cac8d0cfedf748424d38f98af00797593d3531860ec6528eb65ed4ac9adf5758,-0.0,-0.0,True,-0.0,True,False,0.0,0.0,0.0,0.0,0.0,0.0
default_5shot,triviaqa,meta-llama_Llama-3.1-70B-Instruct,42,ce77d7df7310465c1483660fbdb84589be3c1cba0ae1ed57400921391f4afe00,0.5004024235381879,0.5004024235381879,True,0.5004024235381879,True,False,0.0,0.0,0.0,0.0,0.0,0.0
default_5shot,triviaqa,meta-llama_Llama-3.1-70B-Instruct,42,d21d1bc42457a65499e4076bcdeebed5cdaa1fd5fbe00de9b156d2ddadbaef28,-0.0,-0.0,True,-0.0,True,False,0.0,0.0,0.0,0.0,0.0,0.0
default_5shot,triviaqa,meta-llama_Llama-3.1-70B-Instruct,42,e9e71cff03029d37a35f10482be85d2c82204343d1cbb1b195e3b4b4b3599309,-0.0,-0.0,True,-0.0,True,False,0.34,0.34,0.6931471805599453,0.34,0.34,0.6931471805599453
default_5shot,triviaqa,meta-llama_Llama-3.1-70B-Instruct,42,ebab7a7c8cb1438d30e8620a0db9ad772e3f2a6eb37ea66238a6bf5ea52b9c5c,-0.0,-0.0,True,-0.0,True,False,0.0,0.0,0.0,0.0,0.0,0.0
default_5shot,triviaqa,meta-llama_Llama-3.1-70B-Instruct,42,ed79a79cc847ad291ae53548dcbac15f22ee4cd9f95d9836d711edaa3851cb11,0.639031859650177,0.639031859650177,True,0.639031859650177,True,False,0.0,0.0,0.0,0.0,0.0,0.0
default_5shot,triviaqa,meta-llama_Llama-3.1-70B-Instruct,42,f0085c8c09a76a348f5d65f26fc064c39714a626dca3dc3aa2e037f78e42cc5f,-0.0,-0.0,True,-0.0,True,False,0.0,0.0,0.0,0.0,0.0,0.0
default_5shot,triviaqa,meta-llama_Llama-3.1-8B-Instruct,42,0c1ae59bc9b37eebdd2219cc999e4fda55adbed1edbc5eea7d4ebb53e5ff716e,-0.0,-0.0,True,-0.0,True,False,0.0,0.0,0.0,0.0,0.0,0.0
default_5shot,triviaqa,meta-llama_Llama-3.1-8B-Instruct,42,12134edd432b96145bb3d93b03e965817cb645ebefe07254a5c9e7ad91cc85c8,-0.0,-0.0,True,-0.0,True,False,0.0,0.0,0.0,0.0,0.0,0.0
default_5shot,triviaqa,meta-llama_Llama-3.1-8B-Instruct,42,173fa561eff48687a321c241f8767a608aad223537a6ac0faf34cfb6f7e39a13,0.8018185525433372,0.8018185525433373,True,0.8018185525433373,True,False,0.0,0.0,0.0,0.0,0.0,0.0
default_5shot,triviaqa,meta-llama_Llama-3.1-8B-Instruct,42,20e5f274409c5ca15cb6ef859321b044e4d5ba75e271e07165e7c9310bc79ba7,0.3250829733914482,0.3250829733914482,True,0.3250829733914482,True,False,0.0,0.0,0.0,0.0,0.0,0.0
default_5shot,triviaqa,meta-llama_Llama-3.1-8B-Instruct,42,28c834ed85977ed256f3122624bf46747cc18bb5cbb92b3465f8694dbf3389ab,-0.0,-0.0,True,-0.0,True,False,0.0,0.0,0.0,0.0,0.0,0.0
default_5shot,triviaqa,meta-llama_Llama-3.1-8B-Instruct,42,2b512c01338f4b86cbac20a4b6071a72dc4a6a5db0290cd6e06ac70a833678e8,-0.0,-0.0,True,-0.0,True,False,0.0,0.0,0.0,0.0,0.0,0.0
default_5shot,triviaqa,meta-llama_Llama-3.1-8B-Instruct,42,345c6c842a38a028f239f18794a374526912c6d0a1f94f9dd5a5113ce21ff61b,0.8979457248567798,0.8979457248567797,True,0.8979457248567797,True,False,0.0,0.0,0.0,0.0,0.0,0.0
default_5shot,triviaqa,meta-llama_Llama-3.1-8B-Instruct,42,3ad9553548bfd8bda66bb1bd4e03954969290bf076eeabb0c90a6652f1cf997b,0.3250829733914482,0.3250829733914482,True,0.3250829733914482,True,False,0.0,0.0,0.0,0.0,0.0,0.0
default_5shot,triviaqa,meta-llama_Llama-3.1-8B-Instruct,42,3f0ec5d43e3494f5ed01b51d45b60b0328055927176dcab104f37335cefb301b,0.3250829733914482,0.3250829733914482,True,0.3250829733914482,True,False,0.0,0.0,0.0,0.0,0.0,0.0
default_5shot,triviaqa,meta-llama_Llama-3.1-8B-Instruct,42,510cb8ba7d003d96c6b41dcf95e2dcebf6b96805d12c6e51c1f0d73798e66e49,-0.0,-0.0,True,-0.0,True,False,0.0,0.0,0.0,0.0,0.0,0.0
default_5shot,triviaqa,meta-llama_Llama-3.1-8B-Instruct,42,544ddaf5a74c001fb848683d9c8903e95bfae26502fdbbbd486450c8bee65794,0.3250829733914482,0.3250829733914482,True,0.3250829733914482,True,False,0.0,0.0,0.0,0.0,0.0,0.0
default_5shot,triviaqa,meta-llama_Llama-3.1-8B-Instruct,42,5b0cc6cbea37e04fa4a73aca4478579b3ef28af5a94fa1c22a4761e2ce2780e9,0.6108643020548935,0.6108643020548935,True,0.6108643020548935,True,False,0.0,0.0,0.0,0.0,0.0,0.0
default_5shot,triviaqa,meta-llama_Llama-3.1-8B-Instruct,42,7c9e521cf9aec8ad1ba5445df7ec83185408cdbe26244f5258dca3cef54e2f4a,-0.0,-0.0,True,-0.0,True,False,0.0,0.0,0.0,0.0,0.0,0.0
default_5shot,triviaqa,meta-llama_Llama-3.1-8B-Instruct,42,7ee18d8f1f23fe015f6596550d9fcf11d438d5614f597f400c6bab08d0a288d5,-0.0,-0.0,True,-0.0,True,False,0.0,0.0,0.0,0.0,0.0,0.0
default_5shot,triviaqa,meta-llama_Llama-3.1-8B-Instruct,42,815b85c96f5d5a83b14d348b51451adb453221b46b14e0670af697db9fc3b6b0,0.3250829733914482,0.3250829733914482,True,0.3250829733914482,True,False,0.0,0.0,0.0,0.0,0.0,0.0
default_5shot,triviaqa,meta-llama_Llama-3.1-8B-Instruct,42,8802795dbf95215f48a4e0deaaaf65efedd8622abaa7988b88735f245731b799,-0.0,-0.0,True,-0.0,True,False,0.0,0.0,0.0,0.0,0.0,0.0
default_5shot,triviaqa,meta-llama_Llama-3.1-8B-Instruct,42,8bb2cccfb08d849fadcb2b2d979c835e536a16aec169bc4113cfb6536f14cba4,0.5004024235381879,0.5004024235381879,True,0.5004024235381879,True,False,0.0,0.0,0.0,0.0,0.0,0.0
default_5shot,triviaqa,meta-llama_Llama-3.1-8B-Instruct,42,8c4aa626ac136956d42b75a46a206d0558b78ee6664eaa4872ece3ac9b5c4521,-0.0,-0.0,True,-0.0,True,False,0.0,0.0,0.0,0.0,0.0,0.0
default_5shot,triviaqa,meta-llama_Llama-3.1-8B-Instruct,42,940a2fe309790dc8f764c1b2e0a7d96c712d870c8405090936adc92ad2d06113,0.5004024235381879,0.5004024235381879,True,0.5004024235381879,True,False,0.0,0.0,0.0,0.0,0.0,0.0
default_5shot,triviaqa,meta-llama_Llama-3.1-8B-Instruct,42,96d27ee60973538f0b2dc3e374df466c44beb7452cd7a6e6509801a8a61de3ca,-0.0,-0.0,True,-0.0,True,False,0.0,0.0,0.0,0.0,0.0,0.0
default_5shot,triviaqa,meta-llama_Llama-3.1-8B-Instruct,42,b1499e4121f93e88b032b4c861cdfca1c78388a3e3fa74d3c27024e9bb2985df,-0.0,-0.0,True,-0.0,True,False,0.0,0.0,0.0,0.0,0.0,0.0
default_5shot,triviaqa,meta-llama_Llama-3.1-8B-Instruct,42,b3d82852ea8f7a9bc7b8352aa917e289d6cd5761a29c3aba88c2d9025b848eb5,0.5004024235381879,0.5004024235381879,True,0.5004024235381879,True,False,0.0,0.0,0.0,0.0,0.0,0.0
default_5shot,triviaqa,meta-llama_Llama-3.1-8B-Instruct,42,c0d43d25e7ac9201c5abec2e932e8266c6effb73d117cfc4dba81abe6899929e,-0.0,-0.0,True,-0.0,True,False,0.0,0.0,0.0,0.0,0.0,0.0
default_5shot,triviaqa,meta-llama_Llama-3.1-8B-Instruct,42,cac8d0cfedf748424d38f98af00797593d3531860ec6528eb65ed4ac9adf5758,1.2275294114572126,1.2275294114572126,True,1.2275294114572126,True,False,0.0,0.0,0.0,0.0,0.0,0.0
default_5shot,triviaqa,meta-llama_Llama-3.1-8B-Instruct,42,ce77d7df7310465c1483660fbdb84589be3c1cba0ae1ed57400921391f4afe00,0.6108643020548935,0.6108643020548935,True,0.6108643020548935,True,False,0.0,0.0,0.0,0.0,0.0,0.0
default_5shot,triviaqa,meta-llama_Llama-3.1-8B-Instruct,42,d21d1bc42457a65499e4076bcdeebed5cdaa1fd5fbe00de9b156d2ddadbaef28,-0.0,-0.0,True,-0.0,True,False,0.0,0.0,0.0,0.0,0.0,0.0
default_5shot,triviaqa,meta-llama_Llama-3.1-8B-Instruct,42,e9e71cff03029d37a35f10482be85d2c82204343d1cbb1b195e3b4b4b3599309,0.5004024235381879,0.5004024235381879,True,0.5004024235381879,True,False,0.92,0.8,0.3680642071684971,0.92,0.8,0.3680642071684971
default_5shot,triviaqa,meta-llama_Llama-3.1-8B-Instruct,42,ebab7a7c8cb1438d30e8620a0db9ad772e3f2a6eb37ea66238a6bf5ea52b9c5c,-0.0,-0.0,True,-0.0,True,False,0.0,0.0,0.0,0.0,0.0,0.0
default_5shot,triviaqa,meta-llama_Llama-3.1-8B-Instruct,42,ed79a79cc847ad291ae53548dcbac15f22ee4cd9f95d9836d711edaa3851cb11,1.6094379124341003,1.6094379124341005,True,1.6094379124341005,True,False,0.0,0.0,0.0,0.0,0.0,0.0
default_5shot,triviaqa,meta-llama_Llama-3.1-8B-Instruct,42,f0085c8c09a76a348f5d65f26fc064c39714a626dca3dc3aa2e037f78e42cc5f,-0.0,-0.0,True,-0.0,True,False,0.0,0.0,0.0,0.0,0.0,0.0
default_5shot,triviaqa,mistralai_Mistral-7B-Instruct-v0.3,42,0c1ae59bc9b37eebdd2219cc999e4fda55adbed1edbc5eea7d4ebb53e5ff716e,-0.0,-0.0,True,-0.0,True,False,0.0,0.0,0.0,0.0,0.0,0.0
default_5shot,triviaqa,mistralai_Mistral-7B-Instruct-v0.3,42,12134edd432b96145bb3d93b03e965817cb645ebefe07254a5c9e7ad91cc85c8,1.0296530140645737,1.0296530140645737,True,1.0296530140645737,True,False,0.54,0.48,0.08630462173553433,0.74,0.74,0.33650583350462837
default_5shot,triviaqa,mistralai_Mistral-7B-Instruct-v0.3,42,173fa561eff48687a321c241f8767a608aad223537a6ac0faf34cfb6f7e39a13,0.3250829733914482,0.3250829733914482,True,0.3250829733914482,True,False,0.0,0.0,0.0,0.0,0.0,0.0
default_5shot,triviaqa,mistralai_Mistral-7B-Instruct-v0.3,42,20e5f274409c5ca15cb6ef859321b044e4d5ba75e271e07165e7c9310bc79ba7,-0.0,-0.0,True,-0.0,True,False,0.0,0.0,0.0,0.0,0.0,0.0
default_5shot,triviaqa,mistralai_Mistral-7B-Instruct-v0.3,42,28c834ed85977ed256f3122624bf46747cc18bb5cbb92b3465f8694dbf3389ab,-0.0,-0.0,True,-0.0,True,False,0.0,0.0,0.0,0.0,0.0,0.0
default_5shot,triviaqa,mistralai_Mistral-7B-Instruct-v0.3,42,2b512c01338f4b86cbac20a4b6071a72dc4a6a5db0290cd6e06ac70a833678e8,-0.0,-0.0,True,-0.0,True,False,0.0,0.0,0.0,0.0,0.0,0.0
default_5shot,triviaqa,mistralai_Mistral-7B-Instruct-v0.3,42,345c6c842a38a028f239f18794a374526912c6d0a1f94f9dd5a5113ce21ff61b,-0.0,-0.0,True,-0.0,True,False,0.0,0.0,0.0,0.0,0.0,0.0
default_5shot,triviaqa,mistralai_Mistral-7B-Instruct-v0.3,42,3ad9553548bfd8bda66bb1bd4e03954969290bf076eeabb0c90a6652f1cf997b,0.9404479886553263,0.9404479886553264,True,0.9404479886553264,True,False,0.0,0.0,0.0,0.0,0.0,0.0
default_5shot,triviaqa,mistralai_Mistral-7B-Instruct-v0.3,42,3f0ec5d43e3494f5ed01b51d45b60b0328055927176dcab104f37335cefb301b,0.639031859650177,0.639031859650177,True,0.639031859650177,True,False,0.0,0.0,0.0,0.0,0.0,0.0
default_5shot,triviaqa,mistralai_Mistral-7B-Instruct-v0.3,42,510cb8ba7d003d96c6b41dcf95e2dcebf6b96805d12c6e51c1f0d73798e66e49,0.6931471805599453,0.6931471805599453,True,0.6931471805599453,True,False,0.0,0.0,0.0,0.0,0.0,0.0
default_5shot,triviaqa,mistralai_Mistral-7B-Instruct-v0.3,42,544ddaf5a74c001fb848683d9c8903e95bfae26502fdbbbd486450c8bee65794,0.6730116670092565,0.6730116670092565,True,0.6730116670092565,True,False,0.0,0.0,0.0,0.0,0.0,0.0
default_5shot,triviaqa,mistralai_Mistral-7B-Instruct-v0.3,42,5b0cc6cbea37e04fa4a73aca4478579b3ef28af5a94fa1c22a4761e2ce2780e9,0.6108643020548935,0.6108643020548935,True,0.6108643020548935,True,False,0.0,0.0,0.0,0.0,0.0,0.0
default_5shot,triviaqa,mistralai_Mistral-7B-Instruct-v0.3,42,7c9e521cf9aec8ad1ba5445df7ec83185408cdbe26244f5258dca3cef54e2f4a,-0.0,-0.0,True,-0.0,True,False,0.0,0.0,0.0,0.0,0.0,0.0
default_5shot,triviaqa,mistralai_Mistral-7B-Instruct-v0.3,42,7ee18d8f1f23fe015f6596550d9fcf11d438d5614f597f400c6bab08d0a288d5,-0.0,-0.0,True,-0.0,True,False,0.0,0.0,0.0,0.0,0.0,0.0
default_5shot,triviaqa,mistralai_Mistral-7B-Instruct-v0.3,42,815b85c96f5d5a83b14d348b51451adb453221b46b14e0670af697db9fc3b6b0,-0.0,-0.0,True,-0.0,True,False,0.0,0.0,0.0,0.0,0.0,0.0
default_5shot,triviaqa,mistralai_Mistral-7B-Instruct-v0.3,42,8802795dbf95215f48a4e0deaaaf65efedd8622abaa7988b88735f245731b799,-0.0,-0.0,True,-0.0,True,False,0.0,0.0,0.0,0.0,0.0,0.0
default_5shot,triviaqa,mistralai_Mistral-7B-Instruct-v0.3,42,8bb2cccfb08d849fadcb2b2d979c835e536a16aec169bc4113cfb6536f14cba4,0.6108643020548935,0.6108643020548935,True,0.6108643020548935,True,False,0.0,0.0,0.0,0.0,0.0,0.0
default_5shot,triviaqa,mistralai_Mistral-7B-Instruct-v0.3,42,8c4aa626ac136956d42b75a46a206d0558b78ee6664eaa4872ece3ac9b5c4521,0.6730116670092565,0.6730116670092565,True,0.6730116670092565,True,False,0.0,0.0,0.0,0.0,0.0,0.0
default_5shot,triviaqa,mistralai_Mistral-7B-Instruct-v0.3,42,940a2fe309790dc8f764c1b2e0a7d96c712d870c8405090936adc92ad2d06113,0.3250829733914482,0.3250829733914482,True,0.3250829733914482,True,False,0.0,0.0,0.0,0.0,0.0,0.0
default_5shot,triviaqa,mistralai_Mistral-7B-Instruct-v0.3,42,96d27ee60973538f0b2dc3e374df466c44beb7452cd7a6e6509801a8a61de3ca,0.6730116670092565,0.6730116670092565,True,0.6730116670092565,True,False,0.0,0.0,0.0,0.0,0.0,0.0
default_5shot,triviaqa,mistralai_Mistral-7B-Instruct-v0.3,42,b1499e4121f93e88b032b4c861cdfca1c78388a3e3fa74d3c27024e9bb2985df,0.8018185525433373,0.8018185525433373,True,0.8018185525433373,True,False,0.0,0.0,0.0,0.0,0.0,0.0
default_5shot,triviaqa,mistralai_Mistral-7B-Instruct-v0.3,42,b3d82852ea8f7a9bc7b8352aa917e289d6cd5761a29c3aba88c2d9025b848eb5,-0.0,-0.0,True,-0.0,True,False,0.0,0.0,0.0,0.0,0.0,0.0
default_5shot,triviaqa,mistralai_Mistral-7B-Instruct-v0.3,42,c0d43d25e7ac9201c5abec2e932e8266c6effb73d117cfc4dba81abe6899929e,-0.0,-0.0,True,-0.0,True,False,0.0,0.0,0.0,0.0,0.0,0.0
default_5shot,triviaqa,mistralai_Mistral-7B-Instruct-v0.3,42,cac8d0cfedf748424d38f98af00797593d3531860ec6528eb65ed4ac9adf5758,0.3250829733914482,0.3250829733914482,True,0.3250829733914482,True,False,0.0,0.0,0.0,0.0,0.0,0.0
default_5shot,triviaqa,mistralai_Mistral-7B-Instruct-v0.3,42,ce77d7df7310465c1483660fbdb84589be3c1cba0ae1ed57400921391f4afe00,0.6730116670092565,0.6730116670092565,True,0.6730116670092565,True,False,0.0,0.0,0.0,0.0,0.0,0.0
default_5shot,triviaqa,mistralai_Mistral-7B-Instruct-v0.3,42,d21d1bc42457a65499e4076bcdeebed5cdaa1fd5fbe00de9b156d2ddadbaef28,-0.0,-0.0,True,-0.0,True,False,0.0,0.0,0.0,0.0,0.0,0.0
default_5shot,triviaqa,mistralai_Mistral-7B-Instruct-v0.3,42,e9e71cff03029d37a35f10482be85d2c82204343d1cbb1b195e3b4b4b3599309,-0.0,-0.0,True,-0.0,True,False,0.0,0.0,0.0,0.0,0.0,0.0
default_5shot,triviaqa,mistralai_Mistral-7B-Instruct-v0.3,42,ebab7a7c8cb1438d30e8620a0db9ad772e3f2a6eb37ea66238a6bf5ea52b9c5c,-0.0,-0.0,True,-0.0,True,False,0.0,0.0,0.0,0.0,0.0,0.0
default_5shot,triviaqa,mistralai_Mistral-7B-Instruct-v0.3,42,ed79a79cc847ad291ae53548dcbac15f22ee4cd9f95d9836d711edaa3851cb11,0.6108643020548935,0.6108643020548935,True,0.6108643020548935,True,False,0.0,0.0,0.0,0.0,0.0,0.0
default_5shot,triviaqa,mistralai_Mistral-7B-Instruct-v0.3,42,f0085c8c09a76a348f5d65f26fc064c39714a626dca3dc3aa2e037f78e42cc5f,0.3250829733914482,0.3250829733914482,True,0.3250829733914482,True,False,0.0,0.0,0.0,0.0,0.0,0.0
