condition,experiment,samples,repeat,method,grader,mean_auroc,valid_cells
chat_0shot,order,10,0,normalized,llm_llama-3.1-70b,0.8168939705532487,9
chat_0shot,order,10,0,normalized,llm_qwen2.5-72b,0.8076290140812957,9
chat_0shot,order,10,0,normalized,squad_token_f1,0.8269747605840115,8
chat_0shot,order,10,0,raw,llm_llama-3.1-70b,0.8130018425230725,9
chat_0shot,order,10,0,raw,llm_qwen2.5-72b,0.8026041495398907,9
chat_0shot,order,10,0,raw,squad_token_f1,0.782586280822872,8
chat_0shot,order,10,1,normalized,llm_llama-3.1-70b,0.8282573565410308,9
chat_0shot,order,10,1,normalized,llm_qwen2.5-72b,0.8122868416654493,9
chat_0shot,order,10,1,normalized,squad_token_f1,0.8386716994273319,8
chat_0shot,order,10,1,raw,llm_llama-3.1-70b,0.8038299110572839,9
chat_0shot,order,10,1,raw,llm_qwen2.5-72b,0.7971703924878041,9
chat_0shot,order,10,1,raw,squad_token_f1,0.7795715920822135,8
chat_0shot,order,10,2,normalized,llm_llama-3.1-70b,0.8075730787504729,9
chat_0shot,order,10,2,normalized,llm_qwen2.5-72b,0.801214464168543,9
chat_0shot,order,10,2,normalized,squad_token_f1,0.8350431322708043,8
chat_0shot,order,10,2,raw,llm_llama-3.1-70b,0.7910346145952497,9
chat_0shot,order,10,2,raw,llm_qwen2.5-72b,0.7812912850288587,9
chat_0shot,order,10,2,raw,squad_token_f1,0.7644912458570505,8
chat_0shot,order,10,3,normalized,llm_llama-3.1-70b,0.8145580588133515,9
chat_0shot,order,10,3,normalized,llm_qwen2.5-72b,0.8037404921279327,9
chat_0shot,order,10,3,normalized,squad_token_f1,0.8431357992286027,8
chat_0shot,order,10,3,raw,llm_llama-3.1-70b,0.7976929140774219,9
chat_0shot,order,10,3,raw,llm_qwen2.5-72b,0.7962220074181582,9
chat_0shot,order,10,3,raw,squad_token_f1,0.7734476193623132,8
chat_0shot,order,10,4,normalized,llm_llama-3.1-70b,0.8147066894142768,9
chat_0shot,order,10,4,normalized,llm_qwen2.5-72b,0.8066536363587453,9
chat_0shot,order,10,4,normalized,squad_token_f1,0.8430557023639664,8
chat_0shot,order,10,4,raw,llm_llama-3.1-70b,0.8099919223170502,9
chat_0shot,order,10,4,raw,llm_qwen2.5-72b,0.8026893580349719,9
chat_0shot,order,10,4,raw,squad_token_f1,0.7783177185357829,8
chat_0shot,order,10,5,normalized,llm_llama-3.1-70b,0.8222946012564157,9
chat_0shot,order,10,5,normalized,llm_qwen2.5-72b,0.8097518622608573,9
chat_0shot,order,10,5,normalized,squad_token_f1,0.8434219826480098,8
chat_0shot,order,10,5,raw,llm_llama-3.1-70b,0.8004937072858239,9
chat_0shot,order,10,5,raw,llm_qwen2.5-72b,0.7841910732822326,9
chat_0shot,order,10,5,raw,squad_token_f1,0.796431657886612,8
chat_0shot,order,10,6,normalized,llm_llama-3.1-70b,0.8145778234019567,9
chat_0shot,order,10,6,normalized,llm_qwen2.5-72b,0.8034236922926667,9
chat_0shot,order,10,6,normalized,squad_token_f1,0.8386409248899784,8
chat_0shot,order,10,6,raw,llm_llama-3.1-70b,0.8091077921369079,9
chat_0shot,order,10,6,raw,llm_qwen2.5-72b,0.7963485274000354,9
chat_0shot,order,10,6,raw,squad_token_f1,0.7766340297102274,8
chat_0shot,order,10,7,normalized,llm_llama-3.1-70b,0.8223616270468714,9
chat_0shot,order,10,7,normalized,llm_qwen2.5-72b,0.8053633011948548,9
chat_0shot,order,10,7,normalized,squad_token_f1,0.8460262917161347,8
chat_0shot,order,10,7,raw,llm_llama-3.1-70b,0.8064861627042053,9
chat_0shot,order,10,7,raw,llm_qwen2.5-72b,0.7975033015799681,9
chat_0shot,order,10,7,raw,squad_token_f1,0.8020595481088004,8
chat_0shot,order,10,8,normalized,llm_llama-3.1-70b,0.8110574709238747,9
chat_0shot,order,10,8,normalized,llm_qwen2.5-72b,0.8024141499865508,9
chat_0shot,order,10,8,normalized,squad_token_f1,0.8257423511196942,8
chat_0shot,order,10,8,raw,llm_llama-3.1-70b,0.7940843221608117,9
chat_0shot,order,10,8,raw,llm_qwen2.5-72b,0.7818401308788823,9
chat_0shot,order,10,8,raw,squad_token_f1,0.7796314461566416,8
chat_0shot,order,10,9,normalized,llm_llama-3.1-70b,0.8247142584912903,9
chat_0shot,order,10,9,normalized,llm_qwen2.5-72b,0.811983844886399,9
chat_0shot,order,10,9,normalized,squad_token_f1,0.847346697370422,8
chat_0shot,order,10,9,raw,llm_llama-3.1-70b,0.8108095274768454,9
chat_0shot,order,10,9,raw,llm_qwen2.5-72b,0.7978056470667908,9
chat_0shot,order,10,9,raw,squad_token_f1,0.8001339317856584,8
chat_0shot,order,10,10,normalized,llm_llama-3.1-70b,0.8203362998735975,9
chat_0shot,order,10,10,normalized,llm_qwen2.5-72b,0.8058551258821185,9
chat_0shot,order,10,10,normalized,squad_token_f1,0.8312987373504225,8
chat_0shot,order,10,10,raw,llm_llama-3.1-70b,0.790229254998034,9
chat_0shot,order,10,10,raw,llm_qwen2.5-72b,0.7803769252346637,9
chat_0shot,order,10,10,raw,squad_token_f1,0.7530398607750175,8
chat_0shot,order,10,11,normalized,llm_llama-3.1-70b,0.8276782566509406,9
chat_0shot,order,10,11,normalized,llm_qwen2.5-72b,0.8106211090332962,9
chat_0shot,order,10,11,normalized,squad_token_f1,0.8388750724432049,8
chat_0shot,order,10,11,raw,llm_llama-3.1-70b,0.8131304122485803,9
chat_0shot,order,10,11,raw,llm_qwen2.5-72b,0.804491954050476,9
chat_0shot,order,10,11,raw,squad_token_f1,0.7867484185865207,8
chat_0shot,order,10,12,normalized,llm_llama-3.1-70b,0.8273122922565945,9
chat_0shot,order,10,12,normalized,llm_qwen2.5-72b,0.8119098222762722,9
chat_0shot,order,10,12,normalized,squad_token_f1,0.8351107373630804,8
chat_0shot,order,10,12,raw,llm_llama-3.1-70b,0.7992388001156117,9
chat_0shot,order,10,12,raw,llm_qwen2.5-72b,0.7962112484575873,9
chat_0shot,order,10,12,raw,squad_token_f1,0.7843613345268808,8
chat_0shot,order,10,13,normalized,llm_llama-3.1-70b,0.8158243535760231,9
chat_0shot,order,10,13,normalized,llm_qwen2.5-72b,0.8046668257482135,9
chat_0shot,order,10,13,normalized,squad_token_f1,0.8346520939110159,8
chat_0shot,order,10,13,raw,llm_llama-3.1-70b,0.8023959084796917,9
chat_0shot,order,10,13,raw,llm_qwen2.5-72b,0.8021571996989231,9
chat_0shot,order,10,13,raw,squad_token_f1,0.780529692408345,8
chat_0shot,order,10,14,normalized,llm_llama-3.1-70b,0.8221811865131701,9
chat_0shot,order,10,14,normalized,llm_qwen2.5-72b,0.8150047058422388,9
chat_0shot,order,10,14,normalized,squad_token_f1,0.8466957961274155,8
chat_0shot,order,10,14,raw,llm_llama-3.1-70b,0.8038048409868648,9
chat_0shot,order,10,14,raw,llm_qwen2.5-72b,0.796086570664329,9
chat_0shot,order,10,14,raw,squad_token_f1,0.7985057282611701,8
chat_0shot,order,10,15,normalized,llm_llama-3.1-70b,0.8192280163830675,9
chat_0shot,order,10,15,normalized,llm_qwen2.5-72b,0.8093838819653812,9
chat_0shot,order,10,15,normalized,squad_token_f1,0.8342878349365596,8
chat_0shot,order,10,15,raw,llm_llama-3.1-70b,0.8046274653508952,9
chat_0shot,order,10,15,raw,llm_qwen2.5-72b,0.7939876808517184,9
chat_0shot,order,10,15,raw,squad_token_f1,0.7936150920679668,8
chat_0shot,order,10,16,normalized,llm_llama-3.1-70b,0.8084870679639791,9
chat_0shot,order,10,16,normalized,llm_qwen2.5-72b,0.7945297646408247,9
chat_0shot,order,10,16,normalized,squad_token_f1,0.8365786274164967,8
chat_0shot,order,10,16,raw,llm_llama-3.1-70b,0.8019827371993707,9
chat_0shot,order,10,16,raw,llm_qwen2.5-72b,0.7912247362735402,9
chat_0shot,order,10,16,raw,squad_token_f1,0.7792162683811052,8
chat_0shot,order,10,17,normalized,llm_llama-3.1-70b,0.8242437200612108,9
chat_0shot,order,10,17,normalized,llm_qwen2.5-72b,0.8139354249911781,9
chat_0shot,order,10,17,normalized,squad_token_f1,0.8540898375757332,8
chat_0shot,order,10,17,raw,llm_llama-3.1-70b,0.8040415457269795,9
chat_0shot,order,10,17,raw,llm_qwen2.5-72b,0.7940544730342588,9
chat_0shot,order,10,17,raw,squad_token_f1,0.800622562095513,8
chat_0shot,order,10,18,normalized,llm_llama-3.1-70b,0.8147717821985725,9
chat_0shot,order,10,18,normalized,llm_qwen2.5-72b,0.8048883707052918,9
chat_0shot,order,10,18,normalized,squad_token_f1,0.8436519530917961,8
chat_0shot,order,10,18,raw,llm_llama-3.1-70b,0.8088362545067576,9
chat_0shot,order,10,18,raw,llm_qwen2.5-72b,0.7995209143336546,9
chat_0shot,order,10,18,raw,squad_token_f1,0.792075008362362,8
chat_0shot,order,10,19,normalized,llm_llama-3.1-70b,0.8118717489700368,9
chat_0shot,order,10,19,normalized,llm_qwen2.5-72b,0.803621316227799,9
chat_0shot,order,10,19,normalized,squad_token_f1,0.8323037039968365,8
chat_0shot,order,10,19,raw,llm_llama-3.1-70b,0.783523983593878,9
chat_0shot,order,10,19,raw,llm_qwen2.5-72b,0.7894444796880759,9
chat_0shot,order,10,19,raw,squad_token_f1,0.7479968115756216,8
chat_0shot,order,10,20,normalized,llm_llama-3.1-70b,0.8419350397452842,9
chat_0shot,order,10,20,normalized,llm_qwen2.5-72b,0.8239409992505462,9
chat_0shot,order,10,20,normalized,squad_token_f1,0.8478870041031629,8
chat_0shot,order,10,20,raw,llm_llama-3.1-70b,0.8004187865423775,9
chat_0shot,order,10,20,raw,llm_qwen2.5-72b,0.7939269682469,9
chat_0shot,order,10,20,raw,squad_token_f1,0.782726878592034,8
chat_0shot,order,10,21,normalized,llm_llama-3.1-70b,0.8234349630640481,9
chat_0shot,order,10,21,normalized,llm_qwen2.5-72b,0.8149738028751916,9
chat_0shot,order,10,21,normalized,squad_token_f1,0.8338910055841381,8
chat_0shot,order,10,21,raw,llm_llama-3.1-70b,0.8093891279298236,9
chat_0shot,order,10,21,raw,llm_qwen2.5-72b,0.7935230717914737,9
chat_0shot,order,10,21,raw,squad_token_f1,0.7953505173634411,8
chat_0shot,order,10,22,normalized,llm_llama-3.1-70b,0.8333389613515004,9
chat_0shot,order,10,22,normalized,llm_qwen2.5-72b,0.8143610499461438,9
chat_0shot,order,10,22,normalized,squad_token_f1,0.8408553387655765,8
chat_0shot,order,10,22,raw,llm_llama-3.1-70b,0.8000863782607887,9
chat_0shot,order,10,22,raw,llm_qwen2.5-72b,0.7959724918486497,9
chat_0shot,order,10,22,raw,squad_token_f1,0.7750688092417085,8
chat_0shot,order,10,23,normalized,llm_llama-3.1-70b,0.8213493292936316,9
chat_0shot,order,10,23,normalized,llm_qwen2.5-72b,0.8063250960315667,9
chat_0shot,order,10,23,normalized,squad_token_f1,0.8427505043942948,8
chat_0shot,order,10,23,raw,llm_llama-3.1-70b,0.809442809262384,9
chat_0shot,order,10,23,raw,llm_qwen2.5-72b,0.8028385011953946,9
chat_0shot,order,10,23,raw,squad_token_f1,0.7983880947559114,8
chat_0shot,order,10,24,normalized,llm_llama-3.1-70b,0.8203618634806827,9
chat_0shot,order,10,24,normalized,llm_qwen2.5-72b,0.8044304094060735,9
chat_0shot,order,10,24,normalized,squad_token_f1,0.844266478673427,8
chat_0shot,order,10,24,raw,llm_llama-3.1-70b,0.8152221688075151,9
chat_0shot,order,10,24,raw,llm_qwen2.5-72b,0.8106105497976507,9
chat_0shot,order,10,24,raw,squad_token_f1,0.7876504825336824,8
chat_0shot,order,10,25,normalized,llm_llama-3.1-70b,0.8089000890768794,9
chat_0shot,order,10,25,normalized,llm_qwen2.5-72b,0.7937515464201231,9
chat_0shot,order,10,25,normalized,squad_token_f1,0.8374428223102969,8
chat_0shot,order,10,25,raw,llm_llama-3.1-70b,0.805526499164429,9
chat_0shot,order,10,25,raw,llm_qwen2.5-72b,0.8085237521446809,9
chat_0shot,order,10,25,raw,squad_token_f1,0.779764663708057,8
chat_0shot,order,10,26,normalized,llm_llama-3.1-70b,0.8269866014864594,9
chat_0shot,order,10,26,normalized,llm_qwen2.5-72b,0.8142276005240114,9
chat_0shot,order,10,26,normalized,squad_token_f1,0.842578408276475,8
chat_0shot,order,10,26,raw,llm_llama-3.1-70b,0.7978779614464941,9
chat_0shot,order,10,26,raw,llm_qwen2.5-72b,0.7973337524361389,9
chat_0shot,order,10,26,raw,squad_token_f1,0.8053735684533136,8
chat_0shot,order,10,27,normalized,llm_llama-3.1-70b,0.8231461495783746,9
chat_0shot,order,10,27,normalized,llm_qwen2.5-72b,0.8054079096317028,9
chat_0shot,order,10,27,normalized,squad_token_f1,0.8339452486729206,8
chat_0shot,order,10,27,raw,llm_llama-3.1-70b,0.8096778468361897,9
chat_0shot,order,10,27,raw,llm_qwen2.5-72b,0.8060939687169341,9
chat_0shot,order,10,27,raw,squad_token_f1,0.7951632995388394,8
chat_0shot,order,10,28,normalized,llm_llama-3.1-70b,0.8105748967347788,9
chat_0shot,order,10,28,normalized,llm_qwen2.5-72b,0.8011920822467417,9
chat_0shot,order,10,28,normalized,squad_token_f1,0.8396645461274155,8
chat_0shot,order,10,28,raw,llm_llama-3.1-70b,0.8005890342063853,9
chat_0shot,order,10,28,raw,llm_qwen2.5-72b,0.7989672721494043,9
chat_0shot,order,10,28,raw,squad_token_f1,0.7920664590692241,8
chat_0shot,order,10,29,normalized,llm_llama-3.1-70b,0.8182448766698553,9
chat_0shot,order,10,29,normalized,llm_qwen2.5-72b,0.8108274949649026,9
chat_0shot,order,10,29,normalized,squad_token_f1,0.8410543012918417,8
chat_0shot,order,10,29,raw,llm_llama-3.1-70b,0.8070602306002159,9
chat_0shot,order,10,29,raw,llm_qwen2.5-72b,0.7923995361852607,9
chat_0shot,order,10,29,raw,squad_token_f1,0.7814844409339939,8
chat_0shot,order,10,30,normalized,llm_llama-3.1-70b,0.81965548551887,9
chat_0shot,order,10,30,normalized,llm_qwen2.5-72b,0.8075149129715968,9
chat_0shot,order,10,30,normalized,squad_token_f1,0.8375928264241168,8
chat_0shot,order,10,30,raw,llm_llama-3.1-70b,0.816598401239599,9
chat_0shot,order,10,30,raw,llm_qwen2.5-72b,0.8058848084965609,9
chat_0shot,order,10,30,raw,squad_token_f1,0.8029965125373323,8
chat_0shot,order,10,31,normalized,llm_llama-3.1-70b,0.8172894220779274,9
chat_0shot,order,10,31,normalized,llm_qwen2.5-72b,0.8056130416997981,9
chat_0shot,order,10,31,normalized,squad_token_f1,0.8388229891098716,8
chat_0shot,order,10,31,raw,llm_llama-3.1-70b,0.8212984828391904,9
chat_0shot,order,10,31,raw,llm_qwen2.5-72b,0.8158059096633994,9
chat_0shot,order,10,31,raw,squad_token_f1,0.7914701016059291,8
chat_0shot,order,10,32,normalized,llm_llama-3.1-70b,0.8369466984882231,9
chat_0shot,order,10,32,normalized,llm_qwen2.5-72b,0.8250263743287791,9
chat_0shot,order,10,32,normalized,squad_token_f1,0.8405742541094918,8
chat_0shot,order,10,32,raw,llm_llama-3.1-70b,0.7946568306596488,9
chat_0shot,order,10,32,raw,llm_qwen2.5-72b,0.7841519732876646,9
chat_0shot,order,10,32,raw,squad_token_f1,0.7655745641349426,8
chat_0shot,order,10,33,normalized,llm_llama-3.1-70b,0.8228010041396302,9
chat_0shot,order,10,33,normalized,llm_qwen2.5-72b,0.8163175289535038,9
chat_0shot,order,10,33,normalized,squad_token_f1,0.8320865101283268,8
chat_0shot,order,10,33,raw,llm_llama-3.1-70b,0.8138355486124147,9
chat_0shot,order,10,33,raw,llm_qwen2.5-72b,0.8039030081556859,9
chat_0shot,order,10,33,raw,squad_token_f1,0.7891011971233766,8
chat_0shot,order,10,34,normalized,llm_llama-3.1-70b,0.8079174797422168,9
chat_0shot,order,10,34,normalized,llm_qwen2.5-72b,0.7981401728406048,9
chat_0shot,order,10,34,normalized,squad_token_f1,0.8326637383946998,8
chat_0shot,order,10,34,raw,llm_llama-3.1-70b,0.8203527024150425,9
chat_0shot,order,10,34,raw,llm_qwen2.5-72b,0.8143880570707059,9
chat_0shot,order,10,34,raw,squad_token_f1,0.7949148814450756,8
chat_0shot,order,10,35,normalized,llm_llama-3.1-70b,0.8175080115265893,9
chat_0shot,order,10,35,normalized,llm_qwen2.5-72b,0.8069478684349112,9
chat_0shot,order,10,35,normalized,squad_token_f1,0.8364918693280939,8
chat_0shot,order,10,35,raw,llm_llama-3.1-70b,0.7851437699252183,9
chat_0shot,order,10,35,raw,llm_qwen2.5-72b,0.7761496071770746,9
chat_0shot,order,10,35,raw,squad_token_f1,0.7930280890734084,8
chat_0shot,order,10,36,normalized,llm_llama-3.1-70b,0.8231201833947998,9
chat_0shot,order,10,36,normalized,llm_qwen2.5-72b,0.813013162290593,9
chat_0shot,order,10,36,normalized,squad_token_f1,0.8383840010146335,8
chat_0shot,order,10,36,raw,llm_llama-3.1-70b,0.8032899213589395,9
chat_0shot,order,10,36,raw,llm_qwen2.5-72b,0.7984279566975446,9
chat_0shot,order,10,36,raw,squad_token_f1,0.7862269069041304,8
chat_0shot,order,10,37,normalized,llm_llama-3.1-70b,0.8063434535939153,9
chat_0shot,order,10,37,normalized,llm_qwen2.5-72b,0.797435212194965,9
chat_0shot,order,10,37,normalized,squad_token_f1,0.8402746612194385,8
chat_0shot,order,10,37,raw,llm_llama-3.1-70b,0.8211024259394771,9
chat_0shot,order,10,37,raw,llm_qwen2.5-72b,0.8004972116999938,9
chat_0shot,order,10,37,raw,squad_token_f1,0.8079796089568323,8
chat_0shot,order,10,38,normalized,llm_llama-3.1-70b,0.825330296371821,9
chat_0shot,order,10,38,normalized,llm_qwen2.5-72b,0.8174500448962854,9
chat_0shot,order,10,38,normalized,squad_token_f1,0.8335897117877785,8
chat_0shot,order,10,38,raw,llm_llama-3.1-70b,0.8036385915804312,9
chat_0shot,order,10,38,raw,llm_qwen2.5-72b,0.7938029736327449,9
chat_0shot,order,10,38,raw,squad_token_f1,0.7901906011523445,8
chat_0shot,order,10,39,normalized,llm_llama-3.1-70b,0.8084775435154449,9
chat_0shot,order,10,39,normalized,llm_qwen2.5-72b,0.8020278502498107,9
chat_0shot,order,10,39,normalized,squad_token_f1,0.8403064919009402,8
chat_0shot,order,10,39,raw,llm_llama-3.1-70b,0.8086174859231717,9
chat_0shot,order,10,39,raw,llm_qwen2.5-72b,0.800332163490267,9
chat_0shot,order,10,39,raw,squad_token_f1,0.8015038188831488,8
chat_0shot,order,10,40,normalized,llm_llama-3.1-70b,0.815211303068649,9
chat_0shot,order,10,40,normalized,llm_qwen2.5-72b,0.8026146918759602,9
chat_0shot,order,10,40,normalized,squad_token_f1,0.8442478319935961,8
chat_0shot,order,10,40,raw,llm_llama-3.1-70b,0.8015254401277419,9
chat_0shot,order,10,40,raw,llm_qwen2.5-72b,0.8001086686390507,9
chat_0shot,order,10,40,raw,squad_token_f1,0.7877327798072514,8
chat_0shot,order,10,41,normalized,llm_llama-3.1-70b,0.8311840876199359,9
chat_0shot,order,10,41,normalized,llm_qwen2.5-72b,0.8243752982508535,9
chat_0shot,order,10,41,normalized,squad_token_f1,0.84409236124602,8
chat_0shot,order,10,41,raw,llm_llama-3.1-70b,0.8104296147646886,9
chat_0shot,order,10,41,raw,llm_qwen2.5-72b,0.8055631538745294,9
chat_0shot,order,10,41,raw,squad_token_f1,0.7955524493021549,8
chat_0shot,order,10,42,normalized,llm_llama-3.1-70b,0.8245075738045331,9
chat_0shot,order,10,42,normalized,llm_qwen2.5-72b,0.8071574804394223,9
chat_0shot,order,10,42,normalized,squad_token_f1,0.845449146517279,8
chat_0shot,order,10,42,raw,llm_llama-3.1-70b,0.7672122828940817,9
chat_0shot,order,10,42,raw,llm_qwen2.5-72b,0.7778959539802439,9
chat_0shot,order,10,42,raw,squad_token_f1,0.7735802702609095,8
chat_0shot,order,10,43,normalized,llm_llama-3.1-70b,0.8243271811966043,9
chat_0shot,order,10,43,normalized,llm_qwen2.5-72b,0.8135493565703841,9
chat_0shot,order,10,43,normalized,squad_token_f1,0.8460480593612576,8
chat_0shot,order,10,43,raw,llm_llama-3.1-70b,0.8026038385811404,9
chat_0shot,order,10,43,raw,llm_qwen2.5-72b,0.7895922827755038,9
chat_0shot,order,10,43,raw,squad_token_f1,0.8032903160580801,8
chat_0shot,order,10,44,normalized,llm_llama-3.1-70b,0.8192319431013663,9
chat_0shot,order,10,44,normalized,llm_qwen2.5-72b,0.8110075494284393,9
chat_0shot,order,10,44,normalized,squad_token_f1,0.8356440624687739,8
chat_0shot,order,10,44,raw,llm_llama-3.1-70b,0.809760810396526,9
chat_0shot,order,10,44,raw,llm_qwen2.5-72b,0.8099740885117862,9
chat_0shot,order,10,44,raw,squad_token_f1,0.7807406379564616,8
chat_0shot,order,10,45,normalized,llm_llama-3.1-70b,0.8115823316196291,9
chat_0shot,order,10,45,normalized,llm_qwen2.5-72b,0.7999283366658057,9
chat_0shot,order,10,45,normalized,squad_token_f1,0.8374068184749509,8
chat_0shot,order,10,45,raw,llm_llama-3.1-70b,0.8111048062721242,9
chat_0shot,order,10,45,raw,llm_qwen2.5-72b,0.8088933812342108,9
chat_0shot,order,10,45,raw,squad_token_f1,0.7920511581440318,8
chat_0shot,order,10,46,normalized,llm_llama-3.1-70b,0.8062675615355354,9
chat_0shot,order,10,46,normalized,llm_qwen2.5-72b,0.7964751588540862,9
chat_0shot,order,10,46,normalized,squad_token_f1,0.8322431279987605,8
chat_0shot,order,10,46,raw,llm_llama-3.1-70b,0.7772013717883757,9
chat_0shot,order,10,46,raw,llm_qwen2.5-72b,0.7778794412938558,9
chat_0shot,order,10,46,raw,squad_token_f1,0.7636831649916422,8
chat_0shot,order,10,47,normalized,llm_llama-3.1-70b,0.82663207857155,9
chat_0shot,order,10,47,normalized,llm_qwen2.5-72b,0.808429738323812,9
chat_0shot,order,10,47,normalized,squad_token_f1,0.8394860182104007,8
chat_0shot,order,10,47,raw,llm_llama-3.1-70b,0.8037680850999028,9
chat_0shot,order,10,47,raw,llm_qwen2.5-72b,0.7833946740320094,9
chat_0shot,order,10,47,raw,squad_token_f1,0.7896721196536812,8
chat_0shot,order,10,48,normalized,llm_llama-3.1-70b,0.8080163921466847,9
chat_0shot,order,10,48,normalized,llm_qwen2.5-72b,0.8000315773713624,9
chat_0shot,order,10,48,normalized,squad_token_f1,0.8327713543411316,8
chat_0shot,order,10,48,raw,llm_llama-3.1-70b,0.7955723232292216,9
chat_0shot,order,10,48,raw,llm_qwen2.5-72b,0.8021581813729697,9
chat_0shot,order,10,48,raw,squad_token_f1,0.7833090125373323,8
chat_0shot,order,10,49,normalized,llm_llama-3.1-70b,0.8297727439090753,9
chat_0shot,order,10,49,normalized,llm_qwen2.5-72b,0.8158344698741435,9
chat_0shot,order,10,49,normalized,squad_token_f1,0.8377271703331318,8
chat_0shot,order,10,49,raw,llm_llama-3.1-70b,0.8211740494090475,9
chat_0shot,order,10,49,raw,llm_qwen2.5-72b,0.8177494704346532,9
chat_0shot,order,10,49,raw,squad_token_f1,0.7991544165153641,8
chat_0shot,samples,2,0,normalized,llm_llama-3.1-70b,0.6817921226048536,9
chat_0shot,samples,2,0,normalized,llm_qwen2.5-72b,0.6812099844912508,9
chat_0shot,samples,2,0,normalized,squad_token_f1,0.7054876491772861,8
chat_0shot,samples,2,0,raw,llm_llama-3.1-70b,0.6675491998897086,9
chat_0shot,samples,2,0,raw,llm_qwen2.5-72b,0.6586952598540444,9
chat_0shot,samples,2,0,raw,squad_token_f1,0.6749124071890006,8
chat_0shot,samples,2,0,surface,llm_llama-3.1-70b,0.6827465754252483,9
chat_0shot,samples,2,0,surface,llm_qwen2.5-72b,0.6842313005477256,9
chat_0shot,samples,2,0,surface,squad_token_f1,0.748762634346579,8
chat_0shot,samples,2,1,normalized,llm_llama-3.1-70b,0.681373816630992,9
chat_0shot,samples,2,1,normalized,llm_qwen2.5-72b,0.6915605065596092,9
chat_0shot,samples,2,1,normalized,squad_token_f1,0.6823004881361491,8
chat_0shot,samples,2,1,raw,llm_llama-3.1-70b,0.6839536339330315,9
chat_0shot,samples,2,1,raw,llm_qwen2.5-72b,0.6894098805261328,9
chat_0shot,samples,2,1,raw,squad_token_f1,0.6805011848565826,8
chat_0shot,samples,2,1,surface,llm_llama-3.1-70b,0.6886550834050124,9
chat_0shot,samples,2,1,surface,llm_qwen2.5-72b,0.6942544888251092,9
chat_0shot,samples,2,1,surface,squad_token_f1,0.7010599867261682,8
chat_0shot,samples,2,2,normalized,llm_llama-3.1-70b,0.7044637239056819,9
chat_0shot,samples,2,2,normalized,llm_qwen2.5-72b,0.6891295473781339,9
chat_0shot,samples,2,2,normalized,squad_token_f1,0.7573388103212104,8
chat_0shot,samples,2,2,raw,llm_llama-3.1-70b,0.6703827647124749,9
chat_0shot,samples,2,2,raw,llm_qwen2.5-72b,0.6599639505186647,9
chat_0shot,samples,2,2,raw,squad_token_f1,0.6788186304383387,8
chat_0shot,samples,2,2,surface,llm_llama-3.1-70b,0.6354046346231627,9
chat_0shot,samples,2,2,surface,llm_qwen2.5-72b,0.6349428608607353,9
chat_0shot,samples,2,2,surface,squad_token_f1,0.689897447045322,8
chat_0shot,samples,2,3,normalized,llm_llama-3.1-70b,0.6893514881075268,9
chat_0shot,samples,2,3,normalized,llm_qwen2.5-72b,0.7189419811210915,9
chat_0shot,samples,2,3,normalized,squad_token_f1,0.7055162016081639,8
chat_0shot,samples,2,3,raw,llm_llama-3.1-70b,0.6079905878698149,9
chat_0shot,samples,2,3,raw,llm_qwen2.5-72b,0.6563218363415975,9
chat_0shot,samples,2,3,raw,squad_token_f1,0.6437805414350037,8
chat_0shot,samples,2,3,surface,llm_llama-3.1-70b,0.6614812981635942,9
chat_0shot,samples,2,3,surface,llm_qwen2.5-72b,0.6722431345346984,9
chat_0shot,samples,2,3,surface,squad_token_f1,0.6591136284611601,8
chat_0shot,samples,2,4,normalized,llm_llama-3.1-70b,0.6461966450976112,9
chat_0shot,samples,2,4,normalized,llm_qwen2.5-72b,0.6229201240376477,9
chat_0shot,samples,2,4,normalized,squad_token_f1,0.6165141273729661,8
chat_0shot,samples,2,4,raw,llm_llama-3.1-70b,0.5927608833285162,9
chat_0shot,samples,2,4,raw,llm_qwen2.5-72b,0.5697905865294552,9
chat_0shot,samples,2,4,raw,squad_token_f1,0.5577715112933934,8
chat_0shot,samples,2,4,surface,llm_llama-3.1-70b,0.6198352656021737,9
chat_0shot,samples,2,4,surface,llm_qwen2.5-72b,0.5840012519709952,9
chat_0shot,samples,2,4,surface,squad_token_f1,0.631164095301681,8
chat_0shot,samples,2,5,normalized,llm_llama-3.1-70b,0.7181945216461414,9
chat_0shot,samples,2,5,normalized,llm_qwen2.5-72b,0.6948838740715171,9
chat_0shot,samples,2,5,normalized,squad_token_f1,0.6812385543975849,8
chat_0shot,samples,2,5,raw,llm_llama-3.1-70b,0.6547244607822897,9
chat_0shot,samples,2,5,raw,llm_qwen2.5-72b,0.6478847994800119,9
chat_0shot,samples,2,5,raw,squad_token_f1,0.6294552716400375,8
chat_0shot,samples,2,5,surface,llm_llama-3.1-70b,0.6654426764099256,9
chat_0shot,samples,2,5,surface,llm_qwen2.5-72b,0.6820384359804014,9
chat_0shot,samples,2,5,surface,squad_token_f1,0.6827030361435228,8
chat_0shot,samples,2,6,normalized,llm_llama-3.1-70b,0.6840117519198934,9
chat_0shot,samples,2,6,normalized,llm_qwen2.5-72b,0.6599102129378001,9
chat_0shot,samples,2,6,normalized,squad_token_f1,0.6696347032842944,8
chat_0shot,samples,2,6,raw,llm_llama-3.1-70b,0.6773455374759012,9
chat_0shot,samples,2,6,raw,llm_qwen2.5-72b,0.6488417662419697,9
chat_0shot,samples,2,6,raw,squad_token_f1,0.6440242303232779,8
chat_0shot,samples,2,6,surface,llm_llama-3.1-70b,0.6606311156321812,9
chat_0shot,samples,2,6,surface,llm_qwen2.5-72b,0.6505341737816948,9
chat_0shot,samples,2,6,surface,squad_token_f1,0.6705894245876916,8
chat_0shot,samples,2,7,normalized,llm_llama-3.1-70b,0.6411379087743111,9
chat_0shot,samples,2,7,normalized,llm_qwen2.5-72b,0.6299023283345608,9
chat_0shot,samples,2,7,normalized,squad_token_f1,0.7164719466568639,8
chat_0shot,samples,2,7,raw,llm_llama-3.1-70b,0.6216387699635781,9
chat_0shot,samples,2,7,raw,llm_qwen2.5-72b,0.6365113597522064,9
chat_0shot,samples,2,7,raw,squad_token_f1,0.6391287489189292,8
chat_0shot,samples,2,7,surface,llm_llama-3.1-70b,0.5934040260887377,9
chat_0shot,samples,2,7,surface,llm_qwen2.5-72b,0.6203037785706867,9
chat_0shot,samples,2,7,surface,squad_token_f1,0.676746398267843,8
chat_0shot,samples,2,8,normalized,llm_llama-3.1-70b,0.6240313105505632,9
chat_0shot,samples,2,8,normalized,llm_qwen2.5-72b,0.646983670633874,9
chat_0shot,samples,2,8,normalized,squad_token_f1,0.6667573728111401,8
chat_0shot,samples,2,8,raw,llm_llama-3.1-70b,0.5939720693802109,9
chat_0shot,samples,2,8,raw,llm_qwen2.5-72b,0.6085455689988415,9
chat_0shot,samples,2,8,raw,squad_token_f1,0.6506451592661463,8
chat_0shot,samples,2,8,surface,llm_llama-3.1-70b,0.5890417470923297,9
chat_0shot,samples,2,8,surface,llm_qwen2.5-72b,0.6239329600911091,9
chat_0shot,samples,2,8,surface,squad_token_f1,0.6993259326183929,8
chat_0shot,samples,2,9,normalized,llm_llama-3.1-70b,0.7439835558072273,9
chat_0shot,samples,2,9,normalized,llm_qwen2.5-72b,0.6899649742515165,9
chat_0shot,samples,2,9,normalized,squad_token_f1,0.7412095677756433,8
chat_0shot,samples,2,9,raw,llm_llama-3.1-70b,0.6823730100033738,9
chat_0shot,samples,2,9,raw,llm_qwen2.5-72b,0.646609341269644,9
chat_0shot,samples,2,9,raw,squad_token_f1,0.6516769696193239,8
chat_0shot,samples,2,9,surface,llm_llama-3.1-70b,0.6869129275022284,9
chat_0shot,samples,2,9,surface,llm_qwen2.5-72b,0.6556720567644163,9
chat_0shot,samples,2,9,surface,squad_token_f1,0.6761144522411601,8
chat_0shot,samples,2,10,normalized,llm_llama-3.1-70b,0.6856472078488276,9
chat_0shot,samples,2,10,normalized,llm_qwen2.5-72b,0.6787294448963433,9
chat_0shot,samples,2,10,normalized,squad_token_f1,0.7082777460570568,8
chat_0shot,samples,2,10,raw,llm_llama-3.1-70b,0.6470020104536301,9
chat_0shot,samples,2,10,raw,llm_qwen2.5-72b,0.6417935123765129,9
chat_0shot,samples,2,10,raw,squad_token_f1,0.616375407755262,8
chat_0shot,samples,2,10,surface,llm_llama-3.1-70b,0.6507474046640003,9
chat_0shot,samples,2,10,surface,llm_qwen2.5-72b,0.6582082082371302,9
chat_0shot,samples,2,10,surface,squad_token_f1,0.6776396836469692,8
chat_0shot,samples,2,11,normalized,llm_llama-3.1-70b,0.6283000591127901,9
chat_0shot,samples,2,11,normalized,llm_qwen2.5-72b,0.6402352690587425,9
chat_0shot,samples,2,11,normalized,squad_token_f1,0.7206247745582616,8
chat_0shot,samples,2,11,raw,llm_llama-3.1-70b,0.5994517572089326,9
chat_0shot,samples,2,11,raw,llm_qwen2.5-72b,0.6401253874391989,9
chat_0shot,samples,2,11,raw,squad_token_f1,0.6078267809858114,8
chat_0shot,samples,2,11,surface,llm_llama-3.1-70b,0.6157142719799015,9
chat_0shot,samples,2,11,surface,llm_qwen2.5-72b,0.6250499657135813,9
chat_0shot,samples,2,11,surface,squad_token_f1,0.6131061426689203,8
chat_0shot,samples,2,12,normalized,llm_llama-3.1-70b,0.6651107154741,9
chat_0shot,samples,2,12,normalized,llm_qwen2.5-72b,0.6586381991622902,9
chat_0shot,samples,2,12,normalized,squad_token_f1,0.6568262414988505,8
chat_0shot,samples,2,12,raw,llm_llama-3.1-70b,0.6246163662624304,9
chat_0shot,samples,2,12,raw,llm_qwen2.5-72b,0.6388810385168128,9
chat_0shot,samples,2,12,raw,squad_token_f1,0.6387202699921437,8
chat_0shot,samples,2,12,surface,llm_llama-3.1-70b,0.668556254100798,9
chat_0shot,samples,2,12,surface,llm_qwen2.5-72b,0.6770499662709807,9
chat_0shot,samples,2,12,surface,squad_token_f1,0.6909742425411594,8
chat_0shot,samples,2,13,normalized,llm_llama-3.1-70b,0.6876661127517195,9
chat_0shot,samples,2,13,normalized,llm_qwen2.5-72b,0.6707145187540335,9
chat_0shot,samples,2,13,normalized,squad_token_f1,0.6888186181100773,8
chat_0shot,samples,2,13,raw,llm_llama-3.1-70b,0.685871297484682,9
chat_0shot,samples,2,13,raw,llm_qwen2.5-72b,0.6742269395317323,9
chat_0shot,samples,2,13,raw,squad_token_f1,0.65613897388152,8
chat_0shot,samples,2,13,surface,llm_llama-3.1-70b,0.6767414279804164,9
chat_0shot,samples,2,13,surface,llm_qwen2.5-72b,0.6602846819936192,9
chat_0shot,samples,2,13,surface,squad_token_f1,0.6670999869234827,8
chat_0shot,samples,2,14,normalized,llm_llama-3.1-70b,0.6600773321013446,9
chat_0shot,samples,2,14,normalized,llm_qwen2.5-72b,0.6678802456313262,9
chat_0shot,samples,2,14,normalized,squad_token_f1,0.6593936479778703,8
chat_0shot,samples,2,14,raw,llm_llama-3.1-70b,0.6346945442572751,9
chat_0shot,samples,2,14,raw,llm_qwen2.5-72b,0.6511253909929147,9
chat_0shot,samples,2,14,raw,squad_token_f1,0.6641368482333787,8
chat_0shot,samples,2,14,surface,llm_llama-3.1-70b,0.6468570028242521,9
chat_0shot,samples,2,14,surface,llm_qwen2.5-72b,0.6558322566468384,9
chat_0shot,samples,2,14,surface,squad_token_f1,0.6797486988141854,8
chat_0shot,samples,2,15,normalized,llm_llama-3.1-70b,0.6320793100261699,9
chat_0shot,samples,2,15,normalized,llm_qwen2.5-72b,0.6536332342283682,9
chat_0shot,samples,2,15,normalized,squad_token_f1,0.6490842112481128,8
chat_0shot,samples,2,15,raw,llm_llama-3.1-70b,0.589914827300093,9
chat_0shot,samples,2,15,raw,llm_qwen2.5-72b,0.6243806706298294,9
chat_0shot,samples,2,15,raw,squad_token_f1,0.63354821493766,8
chat_0shot,samples,2,15,surface,llm_llama-3.1-70b,0.6267253302700163,9
chat_0shot,samples,2,15,surface,llm_qwen2.5-72b,0.6348191032519714,9
chat_0shot,samples,2,15,surface,squad_token_f1,0.6428565362883154,8
chat_0shot,samples,2,16,normalized,llm_llama-3.1-70b,0.6677217867410393,9
chat_0shot,samples,2,16,normalized,llm_qwen2.5-72b,0.6551595002063324,9
chat_0shot,samples,2,16,normalized,squad_token_f1,0.701364724523755,8
chat_0shot,samples,2,16,raw,llm_llama-3.1-70b,0.6338269550563527,9
chat_0shot,samples,2,16,raw,llm_qwen2.5-72b,0.6542546139114206,9
chat_0shot,samples,2,16,raw,squad_token_f1,0.613740716587247,8
chat_0shot,samples,2,16,surface,llm_llama-3.1-70b,0.6307143039304165,9
chat_0shot,samples,2,16,surface,llm_qwen2.5-72b,0.621957839353911,9
chat_0shot,samples,2,16,surface,squad_token_f1,0.6382459575112523,8
chat_0shot,samples,2,17,normalized,llm_llama-3.1-70b,0.7022088644492026,9
chat_0shot,samples,2,17,normalized,llm_qwen2.5-72b,0.6738480152450179,9
chat_0shot,samples,2,17,normalized,squad_token_f1,0.7318384115831198,8
chat_0shot,samples,2,17,raw,llm_llama-3.1-70b,0.6901017009471117,9
chat_0shot,samples,2,17,raw,llm_qwen2.5-72b,0.6486734189443167,9
chat_0shot,samples,2,17,raw,squad_token_f1,0.7035576343892991,8
chat_0shot,samples,2,17,surface,llm_llama-3.1-70b,0.6414528081351043,9
chat_0shot,samples,2,17,surface,llm_qwen2.5-72b,0.6353631785998936,9
chat_0shot,samples,2,17,surface,squad_token_f1,0.6830448697980078,8
chat_0shot,samples,2,18,normalized,llm_llama-3.1-70b,0.6224262971012757,9
chat_0shot,samples,2,18,normalized,llm_qwen2.5-72b,0.6433277571650091,9
chat_0shot,samples,2,18,normalized,squad_token_f1,0.6997287154868508,8
chat_0shot,samples,2,18,raw,llm_llama-3.1-70b,0.6263460614643479,9
chat_0shot,samples,2,18,raw,llm_qwen2.5-72b,0.6553864310619182,9
chat_0shot,samples,2,18,raw,squad_token_f1,0.6590034620680989,8
chat_0shot,samples,2,18,surface,llm_llama-3.1-70b,0.633838893272326,9
chat_0shot,samples,2,18,surface,llm_qwen2.5-72b,0.6336328296412836,9
chat_0shot,samples,2,18,surface,squad_token_f1,0.6411532669979298,8
chat_0shot,samples,2,19,normalized,llm_llama-3.1-70b,0.6897796825489352,9
chat_0shot,samples,2,19,normalized,llm_qwen2.5-72b,0.680123848357385,9
chat_0shot,samples,2,19,normalized,squad_token_f1,0.7121630088417762,8
chat_0shot,samples,2,19,raw,llm_llama-3.1-70b,0.6649575815709661,9
chat_0shot,samples,2,19,raw,llm_qwen2.5-72b,0.6464425234200215,9
chat_0shot,samples,2,19,raw,squad_token_f1,0.6420013753689214,8
chat_0shot,samples,2,19,surface,llm_llama-3.1-70b,0.6876533915312688,9
chat_0shot,samples,2,19,surface,llm_qwen2.5-72b,0.6836090341277221,9
chat_0shot,samples,2,19,surface,squad_token_f1,0.703991007431494,8
chat_0shot,samples,2,20,normalized,llm_llama-3.1-70b,0.6757223839409829,9
chat_0shot,samples,2,20,normalized,llm_qwen2.5-72b,0.6619512347710774,9
chat_0shot,samples,2,20,normalized,squad_token_f1,0.6868594322291405,8
chat_0shot,samples,2,20,raw,llm_llama-3.1-70b,0.6348424397216668,9
chat_0shot,samples,2,20,raw,llm_qwen2.5-72b,0.6247350234092318,9
chat_0shot,samples,2,20,raw,squad_token_f1,0.6672865282812365,8
chat_0shot,samples,2,20,surface,llm_llama-3.1-70b,0.6474144670255071,9
chat_0shot,samples,2,20,surface,llm_qwen2.5-72b,0.6413714883702807,9
chat_0shot,samples,2,20,surface,squad_token_f1,0.6937957594605108,8
chat_0shot,samples,2,21,normalized,llm_llama-3.1-70b,0.6811553232507339,9
chat_0shot,samples,2,21,normalized,llm_qwen2.5-72b,0.6498279426671165,9
chat_0shot,samples,2,21,normalized,squad_token_f1,0.6936369165202116,8
chat_0shot,samples,2,21,raw,llm_llama-3.1-70b,0.6562295010700097,9
chat_0shot,samples,2,21,raw,llm_qwen2.5-72b,0.616834624903903,9
chat_0shot,samples,2,21,raw,squad_token_f1,0.6493697564282435,8
chat_0shot,samples,2,21,surface,llm_llama-3.1-70b,0.6348211655941125,9
chat_0shot,samples,2,21,surface,llm_qwen2.5-72b,0.6188814240867381,9
chat_0shot,samples,2,21,surface,squad_token_f1,0.6806788326989986,8
chat_0shot,samples,2,22,normalized,llm_llama-3.1-70b,0.6455313444383494,9
chat_0shot,samples,2,22,normalized,llm_qwen2.5-72b,0.6780931275392172,9
chat_0shot,samples,2,22,normalized,squad_token_f1,0.7009184634756717,8
chat_0shot,samples,2,22,raw,llm_llama-3.1-70b,0.6046575298024573,9
chat_0shot,samples,2,22,raw,llm_qwen2.5-72b,0.6382289642536274,9
chat_0shot,samples,2,22,raw,squad_token_f1,0.6967153416917433,8
chat_0shot,samples,2,22,surface,llm_llama-3.1-70b,0.6174281713387283,9
chat_0shot,samples,2,22,surface,llm_qwen2.5-72b,0.6433111576650224,9
chat_0shot,samples,2,22,surface,squad_token_f1,0.7053765403204678,8
chat_0shot,samples,2,23,normalized,llm_llama-3.1-70b,0.7565847219807862,9
chat_0shot,samples,2,23,normalized,llm_qwen2.5-72b,0.751142264616132,9
chat_0shot,samples,2,23,normalized,squad_token_f1,0.7485976058205666,8
chat_0shot,samples,2,23,raw,llm_llama-3.1-70b,0.700176758634417,9
chat_0shot,samples,2,23,raw,llm_qwen2.5-72b,0.7060462549875848,9
chat_0shot,samples,2,23,raw,squad_token_f1,0.7044739361391165,8
chat_0shot,samples,2,23,surface,llm_llama-3.1-70b,0.6988655572059949,9
chat_0shot,samples,2,23,surface,llm_qwen2.5-72b,0.6822526273177811,9
chat_0shot,samples,2,23,surface,squad_token_f1,0.7360743386745793,8
chat_0shot,samples,2,24,normalized,llm_llama-3.1-70b,0.6457035734728261,9
chat_0shot,samples,2,24,normalized,llm_qwen2.5-72b,0.6591854117770011,9
chat_0shot,samples,2,24,normalized,squad_token_f1,0.691594104062345,8
chat_0shot,samples,2,24,raw,llm_llama-3.1-70b,0.6317587279554459,9
chat_0shot,samples,2,24,raw,llm_qwen2.5-72b,0.6528203211063548,9
chat_0shot,samples,2,24,raw,squad_token_f1,0.6482111624354019,8
chat_0shot,samples,2,24,surface,llm_llama-3.1-70b,0.6560514394039543,9
chat_0shot,samples,2,24,surface,llm_qwen2.5-72b,0.664297985070932,9
chat_0shot,samples,2,24,surface,squad_token_f1,0.6543474218504084,8
chat_0shot,samples,2,25,normalized,llm_llama-3.1-70b,0.7073410963543103,9
chat_0shot,samples,2,25,normalized,llm_qwen2.5-72b,0.6913896586182934,9
chat_0shot,samples,2,25,normalized,squad_token_f1,0.7404415042255348,8
chat_0shot,samples,2,25,raw,llm_llama-3.1-70b,0.7037277487071463,9
chat_0shot,samples,2,25,raw,llm_qwen2.5-72b,0.6732753527919992,9
chat_0shot,samples,2,25,raw,squad_token_f1,0.6943133293609468,8
chat_0shot,samples,2,25,surface,llm_llama-3.1-70b,0.6576664115830072,9
chat_0shot,samples,2,25,surface,llm_qwen2.5-72b,0.6423802193535857,9
chat_0shot,samples,2,25,surface,squad_token_f1,0.6627630160100042,8
chat_0shot,samples,2,26,normalized,llm_llama-3.1-70b,0.699909300872998,9
chat_0shot,samples,2,26,normalized,llm_qwen2.5-72b,0.6628124261194923,9
chat_0shot,samples,2,26,normalized,squad_token_f1,0.6991218254880928,8
chat_0shot,samples,2,26,raw,llm_llama-3.1-70b,0.6727646913672773,9
chat_0shot,samples,2,26,raw,llm_qwen2.5-72b,0.6706059119087828,9
chat_0shot,samples,2,26,raw,squad_token_f1,0.672395281098505,8
chat_0shot,samples,2,26,surface,llm_llama-3.1-70b,0.6620905832087987,9
chat_0shot,samples,2,26,surface,llm_qwen2.5-72b,0.6658157169811759,9
chat_0shot,samples,2,26,surface,squad_token_f1,0.6843721762351457,8
chat_0shot,samples,2,27,normalized,llm_llama-3.1-70b,0.6606031480885843,9
chat_0shot,samples,2,27,normalized,llm_qwen2.5-72b,0.6729862448472139,9
chat_0shot,samples,2,27,normalized,squad_token_f1,0.6639943322084256,8
chat_0shot,samples,2,27,raw,llm_llama-3.1-70b,0.6518479721051474,9
chat_0shot,samples,2,27,raw,llm_qwen2.5-72b,0.6778043772819315,9
chat_0shot,samples,2,27,raw,squad_token_f1,0.6380016598985336,8
chat_0shot,samples,2,27,surface,llm_llama-3.1-70b,0.6520731593351656,9
chat_0shot,samples,2,27,surface,llm_qwen2.5-72b,0.6636458674622926,9
chat_0shot,samples,2,27,surface,squad_token_f1,0.6694438382335895,8
chat_0shot,samples,2,28,normalized,llm_llama-3.1-70b,0.6799354206359037,9
chat_0shot,samples,2,28,normalized,llm_qwen2.5-72b,0.6592406867096522,9
chat_0shot,samples,2,28,normalized,squad_token_f1,0.7063591092302477,8
chat_0shot,samples,2,28,raw,llm_llama-3.1-70b,0.6687517597360593,9
chat_0shot,samples,2,28,raw,llm_qwen2.5-72b,0.6256916309770926,9
chat_0shot,samples,2,28,raw,squad_token_f1,0.7133385026226845,8
chat_0shot,samples,2,28,surface,llm_llama-3.1-70b,0.6604811192407101,9
chat_0shot,samples,2,28,surface,llm_qwen2.5-72b,0.6558020247331842,9
chat_0shot,samples,2,28,surface,squad_token_f1,0.6953217772229416,8
chat_0shot,samples,2,29,normalized,llm_llama-3.1-70b,0.6671369743446328,9
chat_0shot,samples,2,29,normalized,llm_qwen2.5-72b,0.6804061594863781,9
chat_0shot,samples,2,29,normalized,squad_token_f1,0.7092628515365845,8
chat_0shot,samples,2,29,raw,llm_llama-3.1-70b,0.6433009635581389,9
chat_0shot,samples,2,29,raw,llm_qwen2.5-72b,0.6642088451337678,9
chat_0shot,samples,2,29,raw,squad_token_f1,0.6797728940038639,8
chat_0shot,samples,2,29,surface,llm_llama-3.1-70b,0.6555979770206113,9
chat_0shot,samples,2,29,surface,llm_qwen2.5-72b,0.6685348199840954,9
chat_0shot,samples,2,29,surface,squad_token_f1,0.7563604370280488,8
chat_0shot,samples,2,30,normalized,llm_llama-3.1-70b,0.7409190954551853,9
chat_0shot,samples,2,30,normalized,llm_qwen2.5-72b,0.6945280427391262,9
chat_0shot,samples,2,30,normalized,squad_token_f1,0.7462595235951761,8
chat_0shot,samples,2,30,raw,llm_llama-3.1-70b,0.7148473955212375,9
chat_0shot,samples,2,30,raw,llm_qwen2.5-72b,0.6686886117728836,9
chat_0shot,samples,2,30,raw,squad_token_f1,0.7376464897064069,8
chat_0shot,samples,2,30,surface,llm_llama-3.1-70b,0.6959357687085734,9
chat_0shot,samples,2,30,surface,llm_qwen2.5-72b,0.6828101686736953,9
chat_0shot,samples,2,30,surface,squad_token_f1,0.7249958650675016,8
chat_0shot,samples,2,31,normalized,llm_llama-3.1-70b,0.6858330580673576,9
chat_0shot,samples,2,31,normalized,llm_qwen2.5-72b,0.6411106098880549,9
chat_0shot,samples,2,31,normalized,squad_token_f1,0.673049456952489,8
chat_0shot,samples,2,31,raw,llm_llama-3.1-70b,0.6461512532466638,9
chat_0shot,samples,2,31,raw,llm_qwen2.5-72b,0.614688244337741,9
chat_0shot,samples,2,31,raw,squad_token_f1,0.6094501813287568,8
chat_0shot,samples,2,31,surface,llm_llama-3.1-70b,0.6282197566255537,9
chat_0shot,samples,2,31,surface,llm_qwen2.5-72b,0.6171071016119325,9
chat_0shot,samples,2,31,surface,squad_token_f1,0.6237026004760559,8
chat_0shot,samples,2,32,normalized,llm_llama-3.1-70b,0.730421669163144,9
chat_0shot,samples,2,32,normalized,llm_qwen2.5-72b,0.697482009543413,9
chat_0shot,samples,2,32,normalized,squad_token_f1,0.7077024286875462,8
chat_0shot,samples,2,32,raw,llm_llama-3.1-70b,0.6914004412409499,9
chat_0shot,samples,2,32,raw,llm_qwen2.5-72b,0.6843262293386805,9
chat_0shot,samples,2,32,raw,squad_token_f1,0.6655139157109897,8
chat_0shot,samples,2,32,surface,llm_llama-3.1-70b,0.6714671809514094,9
chat_0shot,samples,2,32,surface,llm_qwen2.5-72b,0.6732157921040454,9
chat_0shot,samples,2,32,surface,squad_token_f1,0.7104732641957958,8
chat_0shot,samples,2,33,normalized,llm_llama-3.1-70b,0.7492439043621908,9
chat_0shot,samples,2,33,normalized,llm_qwen2.5-72b,0.7352827767464103,9
chat_0shot,samples,2,33,normalized,squad_token_f1,0.7311364277865909,8
chat_0shot,samples,2,33,raw,llm_llama-3.1-70b,0.7014209854221221,9
chat_0shot,samples,2,33,raw,llm_qwen2.5-72b,0.7025794591088821,9
chat_0shot,samples,2,33,raw,squad_token_f1,0.6955869349823786,8
chat_0shot,samples,2,33,surface,llm_llama-3.1-70b,0.6901104342806531,9
chat_0shot,samples,2,33,surface,llm_qwen2.5-72b,0.6833643921385467,9
chat_0shot,samples,2,33,surface,squad_token_f1,0.7218859809074256,8
chat_0shot,samples,2,34,normalized,llm_llama-3.1-70b,0.6522758067056873,9
chat_0shot,samples,2,34,normalized,llm_qwen2.5-72b,0.6524104851705209,9
chat_0shot,samples,2,34,normalized,squad_token_f1,0.6878033437748743,8
chat_0shot,samples,2,34,raw,llm_llama-3.1-70b,0.638802955304092,9
chat_0shot,samples,2,34,raw,llm_qwen2.5-72b,0.6325412722578297,9
chat_0shot,samples,2,34,raw,squad_token_f1,0.6739443716278586,8
chat_0shot,samples,2,34,surface,llm_llama-3.1-70b,0.6413119235678911,9
chat_0shot,samples,2,34,surface,llm_qwen2.5-72b,0.6485335768421199,9
chat_0shot,samples,2,34,surface,squad_token_f1,0.6794348279943161,8
chat_0shot,samples,2,35,normalized,llm_llama-3.1-70b,0.644732715291823,9
chat_0shot,samples,2,35,normalized,llm_qwen2.5-72b,0.6323442179913629,9
chat_0shot,samples,2,35,normalized,squad_token_f1,0.7043126692658931,8
chat_0shot,samples,2,35,raw,llm_llama-3.1-70b,0.6158423247287271,9
chat_0shot,samples,2,35,raw,llm_qwen2.5-72b,0.6260286397760972,9
chat_0shot,samples,2,35,raw,squad_token_f1,0.6514678836908444,8
chat_0shot,samples,2,35,surface,llm_llama-3.1-70b,0.664068192287857,9
chat_0shot,samples,2,35,surface,llm_qwen2.5-72b,0.6622342809957227,9
chat_0shot,samples,2,35,surface,squad_token_f1,0.6810595623139791,8
chat_0shot,samples,2,36,normalized,llm_llama-3.1-70b,0.6854164725058445,9
chat_0shot,samples,2,36,normalized,llm_qwen2.5-72b,0.6955932597151132,9
chat_0shot,samples,2,36,normalized,squad_token_f1,0.6833466889602473,8
chat_0shot,samples,2,36,raw,llm_llama-3.1-70b,0.6797761571493456,9
chat_0shot,samples,2,36,raw,llm_qwen2.5-72b,0.6643526148548321,9
chat_0shot,samples,2,36,raw,squad_token_f1,0.6790672269505221,8
chat_0shot,samples,2,36,surface,llm_llama-3.1-70b,0.6659222811094792,9
chat_0shot,samples,2,36,surface,llm_qwen2.5-72b,0.6750042358127789,9
chat_0shot,samples,2,36,surface,squad_token_f1,0.6737250558260284,8
chat_0shot,samples,2,37,normalized,llm_llama-3.1-70b,0.7007074345696824,9
chat_0shot,samples,2,37,normalized,llm_qwen2.5-72b,0.6825457694264996,9
chat_0shot,samples,2,37,normalized,squad_token_f1,0.7506116495465668,8
chat_0shot,samples,2,37,raw,llm_llama-3.1-70b,0.6580295980029569,9
chat_0shot,samples,2,37,raw,llm_qwen2.5-72b,0.6499037005610718,9
chat_0shot,samples,2,37,raw,squad_token_f1,0.6946923373772546,8
chat_0shot,samples,2,37,surface,llm_llama-3.1-70b,0.6526149712537891,9
chat_0shot,samples,2,37,surface,llm_qwen2.5-72b,0.6327407277159375,9
chat_0shot,samples,2,37,surface,squad_token_f1,0.686639286203494,8
chat_0shot,samples,2,38,normalized,llm_llama-3.1-70b,0.68965697189731,9
chat_0shot,samples,2,38,normalized,llm_qwen2.5-72b,0.6873469933462305,9
chat_0shot,samples,2,38,normalized,squad_token_f1,0.7063105276313228,8
chat_0shot,samples,2,38,raw,llm_llama-3.1-70b,0.6518810841153837,9
chat_0shot,samples,2,38,raw,llm_qwen2.5-72b,0.6527957624839776,9
chat_0shot,samples,2,38,raw,squad_token_f1,0.6382505205088157,8
chat_0shot,samples,2,38,surface,llm_llama-3.1-70b,0.6884148907095766,9
chat_0shot,samples,2,38,surface,llm_qwen2.5-72b,0.6880354296356712,9
chat_0shot,samples,2,38,surface,squad_token_f1,0.6988340355402712,8
chat_0shot,samples,2,39,normalized,llm_llama-3.1-70b,0.7002495738581984,9
chat_0shot,samples,2,39,normalized,llm_qwen2.5-72b,0.6865377670012659,9
chat_0shot,samples,2,39,normalized,squad_token_f1,0.7175451482878459,8
chat_0shot,samples,2,39,raw,llm_llama-3.1-70b,0.6945709178836488,9
chat_0shot,samples,2,39,raw,llm_qwen2.5-72b,0.6796578009408546,9
chat_0shot,samples,2,39,raw,squad_token_f1,0.6877265626125668,8
chat_0shot,samples,2,39,surface,llm_llama-3.1-70b,0.6608582631202693,9
chat_0shot,samples,2,39,surface,llm_qwen2.5-72b,0.6527160221477536,9
chat_0shot,samples,2,39,surface,squad_token_f1,0.6955996268893783,8
chat_0shot,samples,2,40,normalized,llm_llama-3.1-70b,0.6987030892707221,9
chat_0shot,samples,2,40,normalized,llm_qwen2.5-72b,0.6735155707115257,9
chat_0shot,samples,2,40,normalized,squad_token_f1,0.7268282284765408,8
chat_0shot,samples,2,40,raw,llm_llama-3.1-70b,0.685255117489417,9
chat_0shot,samples,2,40,raw,llm_qwen2.5-72b,0.6657572252080822,9
chat_0shot,samples,2,40,raw,squad_token_f1,0.6657419189527313,8
chat_0shot,samples,2,40,surface,llm_llama-3.1-70b,0.6459006137448166,9
chat_0shot,samples,2,40,surface,llm_qwen2.5-72b,0.6438415798071278,9
chat_0shot,samples,2,40,surface,squad_token_f1,0.6834707801097961,8
chat_0shot,samples,2,41,normalized,llm_llama-3.1-70b,0.7029801621709835,9
chat_0shot,samples,2,41,normalized,llm_qwen2.5-72b,0.6645950746014871,9
chat_0shot,samples,2,41,normalized,squad_token_f1,0.6857685087340408,8
chat_0shot,samples,2,41,raw,llm_llama-3.1-70b,0.6757190547262301,9
chat_0shot,samples,2,41,raw,llm_qwen2.5-72b,0.6312063007633669,9
chat_0shot,samples,2,41,raw,squad_token_f1,0.6506751880611922,8
chat_0shot,samples,2,41,surface,llm_llama-3.1-70b,0.6630310800153085,9
chat_0shot,samples,2,41,surface,llm_qwen2.5-72b,0.6530400846269776,9
chat_0shot,samples,2,41,surface,squad_token_f1,0.6670521567944253,8
chat_0shot,samples,2,42,normalized,llm_llama-3.1-70b,0.6970111866126358,9
chat_0shot,samples,2,42,normalized,llm_qwen2.5-72b,0.6606939348472529,9
chat_0shot,samples,2,42,normalized,squad_token_f1,0.6494740960952345,8
chat_0shot,samples,2,42,raw,llm_llama-3.1-70b,0.7024115791904937,9
chat_0shot,samples,2,42,raw,llm_qwen2.5-72b,0.6812454123787712,9
chat_0shot,samples,2,42,raw,squad_token_f1,0.6553216964441136,8
chat_0shot,samples,2,42,surface,llm_llama-3.1-70b,0.6443390962231542,9
chat_0shot,samples,2,42,surface,llm_qwen2.5-72b,0.6245483765652848,9
chat_0shot,samples,2,42,surface,squad_token_f1,0.6689807506884166,8
chat_0shot,samples,2,43,normalized,llm_llama-3.1-70b,0.6856142029667889,9
chat_0shot,samples,2,43,normalized,llm_qwen2.5-72b,0.6899066939602716,9
chat_0shot,samples,2,43,normalized,squad_token_f1,0.6659852318609385,8
chat_0shot,samples,2,43,raw,llm_llama-3.1-70b,0.637249658895723,9
chat_0shot,samples,2,43,raw,llm_qwen2.5-72b,0.6163309335716457,9
chat_0shot,samples,2,43,raw,squad_token_f1,0.6430146772756814,8
chat_0shot,samples,2,43,surface,llm_llama-3.1-70b,0.6534644922215965,9
chat_0shot,samples,2,43,surface,llm_qwen2.5-72b,0.6764821823819409,9
chat_0shot,samples,2,43,surface,squad_token_f1,0.6866520968717597,8
chat_0shot,samples,2,44,normalized,llm_llama-3.1-70b,0.6423128457378244,9
chat_0shot,samples,2,44,normalized,llm_qwen2.5-72b,0.6244367318236427,9
chat_0shot,samples,2,44,normalized,squad_token_f1,0.6458383259056718,8
chat_0shot,samples,2,44,raw,llm_llama-3.1-70b,0.6296247323819077,9
chat_0shot,samples,2,44,raw,llm_qwen2.5-72b,0.6137356416720695,9
chat_0shot,samples,2,44,raw,squad_token_f1,0.6290586292449767,8
chat_0shot,samples,2,44,surface,llm_llama-3.1-70b,0.6188195681261893,9
chat_0shot,samples,2,44,surface,llm_qwen2.5-72b,0.6048234403602444,9
chat_0shot,samples,2,44,surface,squad_token_f1,0.6030340607687408,8
chat_0shot,samples,2,45,normalized,llm_llama-3.1-70b,0.6840339673587755,9
chat_0shot,samples,2,45,normalized,llm_qwen2.5-72b,0.6735706250584133,9
chat_0shot,samples,2,45,normalized,squad_token_f1,0.6654263794285163,8
chat_0shot,samples,2,45,raw,llm_llama-3.1-70b,0.6702942234741041,9
chat_0shot,samples,2,45,raw,llm_qwen2.5-72b,0.6503151825305248,9
chat_0shot,samples,2,45,raw,squad_token_f1,0.6377021053870225,8
chat_0shot,samples,2,45,surface,llm_llama-3.1-70b,0.6748266547215113,9
chat_0shot,samples,2,45,surface,llm_qwen2.5-72b,0.675102551345877,9
chat_0shot,samples,2,45,surface,squad_token_f1,0.6803922316011762,8
chat_0shot,samples,2,46,normalized,llm_llama-3.1-70b,0.7087511586037445,9
chat_0shot,samples,2,46,normalized,llm_qwen2.5-72b,0.6842406178461203,9
chat_0shot,samples,2,46,normalized,squad_token_f1,0.7432032322053691,8
chat_0shot,samples,2,46,raw,llm_llama-3.1-70b,0.6714580863312747,9
chat_0shot,samples,2,46,raw,llm_qwen2.5-72b,0.6383547511866712,9
chat_0shot,samples,2,46,raw,squad_token_f1,0.6989175099944551,8
chat_0shot,samples,2,46,surface,llm_llama-3.1-70b,0.6666922993649336,9
chat_0shot,samples,2,46,surface,llm_qwen2.5-72b,0.6446377541159439,9
chat_0shot,samples,2,46,surface,squad_token_f1,0.6781924090066168,8
chat_0shot,samples,2,47,normalized,llm_llama-3.1-70b,0.6496639626989158,9
chat_0shot,samples,2,47,normalized,llm_qwen2.5-72b,0.6652492307054197,9
chat_0shot,samples,2,47,normalized,squad_token_f1,0.6830431241762679,8
chat_0shot,samples,2,47,raw,llm_llama-3.1-70b,0.6226230950698128,9
chat_0shot,samples,2,47,raw,llm_qwen2.5-72b,0.6369062984465274,9
chat_0shot,samples,2,47,raw,squad_token_f1,0.6248782298740655,8
chat_0shot,samples,2,47,surface,llm_llama-3.1-70b,0.6482422925815935,9
chat_0shot,samples,2,47,surface,llm_qwen2.5-72b,0.6586825658920752,9
chat_0shot,samples,2,47,surface,squad_token_f1,0.6714830666708442,8
chat_0shot,samples,2,48,normalized,llm_llama-3.1-70b,0.6551756772323695,9
chat_0shot,samples,2,48,normalized,llm_qwen2.5-72b,0.6745335021606876,9
chat_0shot,samples,2,48,normalized,squad_token_f1,0.6820909457927394,8
chat_0shot,samples,2,48,raw,llm_llama-3.1-70b,0.6261289626300992,9
chat_0shot,samples,2,48,raw,llm_qwen2.5-72b,0.6537223038078543,9
chat_0shot,samples,2,48,raw,squad_token_f1,0.63964915295764,8
chat_0shot,samples,2,48,surface,llm_llama-3.1-70b,0.642920146381357,9
chat_0shot,samples,2,48,surface,llm_qwen2.5-72b,0.6529410777773986,9
chat_0shot,samples,2,48,surface,squad_token_f1,0.7119251420103655,8
chat_0shot,samples,2,49,normalized,llm_llama-3.1-70b,0.716796676782113,9
chat_0shot,samples,2,49,normalized,llm_qwen2.5-72b,0.6716866420886889,9
chat_0shot,samples,2,49,normalized,squad_token_f1,0.6993908273195947,8
chat_0shot,samples,2,49,raw,llm_llama-3.1-70b,0.6581776630508515,9
chat_0shot,samples,2,49,raw,llm_qwen2.5-72b,0.6278538670179912,9
chat_0shot,samples,2,49,raw,squad_token_f1,0.6327932432587753,8
chat_0shot,samples,2,49,surface,llm_llama-3.1-70b,0.6657027550480946,9
chat_0shot,samples,2,49,surface,llm_qwen2.5-72b,0.6399033970591942,9
chat_0shot,samples,2,49,surface,squad_token_f1,0.6954203169417617,8
chat_0shot,samples,4,0,normalized,llm_llama-3.1-70b,0.7735691748312521,9
chat_0shot,samples,4,0,normalized,llm_qwen2.5-72b,0.7580870084759647,9
chat_0shot,samples,4,0,normalized,squad_token_f1,0.8032410034372992,8
chat_0shot,samples,4,0,raw,llm_llama-3.1-70b,0.7389685256295562,9
chat_0shot,samples,4,0,raw,llm_qwen2.5-72b,0.750412280563246,9
chat_0shot,samples,4,0,raw,squad_token_f1,0.7659816369597786,8
chat_0shot,samples,4,0,surface,llm_llama-3.1-70b,0.7511910051329393,9
chat_0shot,samples,4,0,surface,llm_qwen2.5-72b,0.7386086113739199,9
chat_0shot,samples,4,0,surface,squad_token_f1,0.7899573813771833,8
chat_0shot,samples,4,1,normalized,llm_llama-3.1-70b,0.7584298175613061,9
chat_0shot,samples,4,1,normalized,llm_qwen2.5-72b,0.7553004456345187,9
chat_0shot,samples,4,1,normalized,squad_token_f1,0.7654118983692838,8
chat_0shot,samples,4,1,raw,llm_llama-3.1-70b,0.6887282209145547,9
chat_0shot,samples,4,1,raw,llm_qwen2.5-72b,0.6953554651470508,9
chat_0shot,samples,4,1,raw,squad_token_f1,0.6911531979548928,8
chat_0shot,samples,4,1,surface,llm_llama-3.1-70b,0.7249470037337092,9
chat_0shot,samples,4,1,surface,llm_qwen2.5-72b,0.7348326711901697,9
chat_0shot,samples,4,1,surface,squad_token_f1,0.7596893092632832,8
chat_0shot,samples,4,2,normalized,llm_llama-3.1-70b,0.7880810934431992,9
chat_0shot,samples,4,2,normalized,llm_qwen2.5-72b,0.7750671410973045,9
chat_0shot,samples,4,2,normalized,squad_token_f1,0.8145082786256733,8
chat_0shot,samples,4,2,raw,llm_llama-3.1-70b,0.7423671807258763,9
chat_0shot,samples,4,2,raw,llm_qwen2.5-72b,0.7146486727762876,9
chat_0shot,samples,4,2,raw,squad_token_f1,0.7518609049676699,8
chat_0shot,samples,4,2,surface,llm_llama-3.1-70b,0.7393652255278427,9
chat_0shot,samples,4,2,surface,llm_qwen2.5-72b,0.7309190872539143,9
chat_0shot,samples,4,2,surface,squad_token_f1,0.7520268503631843,8
chat_0shot,samples,4,3,normalized,llm_llama-3.1-70b,0.820215770174731,9
chat_0shot,samples,4,3,normalized,llm_qwen2.5-72b,0.8090514900407028,9
chat_0shot,samples,4,3,normalized,squad_token_f1,0.8372525580321184,8
chat_0shot,samples,4,3,raw,llm_llama-3.1-70b,0.7410832358433003,9
chat_0shot,samples,4,3,raw,llm_qwen2.5-72b,0.7581735735995943,9
chat_0shot,samples,4,3,raw,squad_token_f1,0.7608633395016643,8
chat_0shot,samples,4,3,surface,llm_llama-3.1-70b,0.7502575929796613,9
chat_0shot,samples,4,3,surface,llm_qwen2.5-72b,0.7527488874867878,9
chat_0shot,samples,4,3,surface,squad_token_f1,0.8212674468195834,8
chat_0shot,samples,4,4,normalized,llm_llama-3.1-70b,0.7571027015813414,9
chat_0shot,samples,4,4,normalized,llm_qwen2.5-72b,0.7382625045513326,9
chat_0shot,samples,4,4,normalized,squad_token_f1,0.7900010325122568,8
chat_0shot,samples,4,4,raw,llm_llama-3.1-70b,0.7017990313423083,9
chat_0shot,samples,4,4,raw,llm_qwen2.5-72b,0.7188149258992022,9
chat_0shot,samples,4,4,raw,squad_token_f1,0.7224914905559452,8
chat_0shot,samples,4,4,surface,llm_llama-3.1-70b,0.7371295617287613,9
chat_0shot,samples,4,4,surface,llm_qwen2.5-72b,0.7232227900707963,9
chat_0shot,samples,4,4,surface,squad_token_f1,0.7658261346361752,8
chat_0shot,samples,4,5,normalized,llm_llama-3.1-70b,0.7738461909145342,9
chat_0shot,samples,4,5,normalized,llm_qwen2.5-72b,0.7609702384640247,9
chat_0shot,samples,4,5,normalized,squad_token_f1,0.76622428730811,8
chat_0shot,samples,4,5,raw,llm_llama-3.1-70b,0.7317230300208775,9
chat_0shot,samples,4,5,raw,llm_qwen2.5-72b,0.73109138535331,9
chat_0shot,samples,4,5,raw,squad_token_f1,0.6638919358340293,8
chat_0shot,samples,4,5,surface,llm_llama-3.1-70b,0.7162730860060831,9
chat_0shot,samples,4,5,surface,llm_qwen2.5-72b,0.7171642216442973,9
chat_0shot,samples,4,5,surface,squad_token_f1,0.7313268524169918,8
chat_0shot,samples,4,6,normalized,llm_llama-3.1-70b,0.7630346867995584,9
chat_0shot,samples,4,6,normalized,llm_qwen2.5-72b,0.761315783513494,9
chat_0shot,samples,4,6,normalized,squad_token_f1,0.8038649101407941,8
chat_0shot,samples,4,6,raw,llm_llama-3.1-70b,0.7152304665586731,9
chat_0shot,samples,4,6,raw,llm_qwen2.5-72b,0.7391071124675032,9
chat_0shot,samples,4,6,raw,squad_token_f1,0.7049448673353024,8
chat_0shot,samples,4,6,surface,llm_llama-3.1-70b,0.7267927617597267,9
chat_0shot,samples,4,6,surface,llm_qwen2.5-72b,0.7384905281814236,9
chat_0shot,samples,4,6,surface,squad_token_f1,0.778016241592135,8
chat_0shot,samples,4,7,normalized,llm_llama-3.1-70b,0.7812846192842167,9
chat_0shot,samples,4,7,normalized,llm_qwen2.5-72b,0.7499261813813464,9
chat_0shot,samples,4,7,normalized,squad_token_f1,0.8091522596626048,8
chat_0shot,samples,4,7,raw,llm_llama-3.1-70b,0.7520779422983529,9
chat_0shot,samples,4,7,raw,llm_qwen2.5-72b,0.7275710241026077,9
chat_0shot,samples,4,7,raw,squad_token_f1,0.739125383962698,8
chat_0shot,samples,4,7,surface,llm_llama-3.1-70b,0.7398000790734285,9
chat_0shot,samples,4,7,surface,llm_qwen2.5-72b,0.7207436971530464,9
chat_0shot,samples,4,7,surface,squad_token_f1,0.7906006435252955,8
chat_0shot,samples,4,8,normalized,llm_llama-3.1-70b,0.7715950937540877,9
chat_0shot,samples,4,8,normalized,llm_qwen2.5-72b,0.7538254918159634,9
chat_0shot,samples,4,8,normalized,squad_token_f1,0.7855132828591992,8
chat_0shot,samples,4,8,raw,llm_llama-3.1-70b,0.7524430904702881,9
chat_0shot,samples,4,8,raw,llm_qwen2.5-72b,0.7361393349274127,9
chat_0shot,samples,4,8,raw,squad_token_f1,0.7257586546825229,8
chat_0shot,samples,4,8,surface,llm_llama-3.1-70b,0.7289129641079769,9
chat_0shot,samples,4,8,surface,llm_qwen2.5-72b,0.7119649933779465,9
chat_0shot,samples,4,8,surface,squad_token_f1,0.788218056052577,8
chat_0shot,samples,4,9,normalized,llm_llama-3.1-70b,0.7407929679778927,9
chat_0shot,samples,4,9,normalized,llm_qwen2.5-72b,0.7220187057009868,9
chat_0shot,samples,4,9,normalized,squad_token_f1,0.7844897505436861,8
chat_0shot,samples,4,9,raw,llm_llama-3.1-70b,0.7296205585266161,9
chat_0shot,samples,4,9,raw,llm_qwen2.5-72b,0.7131085532045078,9
chat_0shot,samples,4,9,raw,squad_token_f1,0.7308862410814712,8
chat_0shot,samples,4,9,surface,llm_llama-3.1-70b,0.6974981260516925,9
chat_0shot,samples,4,9,surface,llm_qwen2.5-72b,0.6999773247488732,9
chat_0shot,samples,4,9,surface,squad_token_f1,0.756085631881878,8
chat_0shot,samples,4,10,normalized,llm_llama-3.1-70b,0.8022742577418267,9
chat_0shot,samples,4,10,normalized,llm_qwen2.5-72b,0.7600303514228348,9
chat_0shot,samples,4,10,normalized,squad_token_f1,0.7897451537168567,8
chat_0shot,samples,4,10,raw,llm_llama-3.1-70b,0.7759668209515111,9
chat_0shot,samples,4,10,raw,llm_qwen2.5-72b,0.7355157285924755,9
chat_0shot,samples,4,10,raw,squad_token_f1,0.7477439257890235,8
chat_0shot,samples,4,10,surface,llm_llama-3.1-70b,0.7669509532414477,9
chat_0shot,samples,4,10,surface,llm_qwen2.5-72b,0.7376748743740345,9
chat_0shot,samples,4,10,surface,squad_token_f1,0.7916497983576115,8
chat_0shot,samples,4,11,normalized,llm_llama-3.1-70b,0.7909174618586028,9
chat_0shot,samples,4,11,normalized,llm_qwen2.5-72b,0.79385534486601,9
chat_0shot,samples,4,11,normalized,squad_token_f1,0.7950072932491075,8
chat_0shot,samples,4,11,raw,llm_llama-3.1-70b,0.7710086484068558,9
chat_0shot,samples,4,11,raw,llm_qwen2.5-72b,0.7745600324190802,9
chat_0shot,samples,4,11,raw,squad_token_f1,0.7409079213065982,8
chat_0shot,samples,4,11,surface,llm_llama-3.1-70b,0.726543409290165,9
chat_0shot,samples,4,11,surface,llm_qwen2.5-72b,0.7402403705569228,9
chat_0shot,samples,4,11,surface,squad_token_f1,0.7674895366637329,8
chat_0shot,samples,4,12,normalized,llm_llama-3.1-70b,0.7637914777875586,9
chat_0shot,samples,4,12,normalized,llm_qwen2.5-72b,0.7403884459215732,9
chat_0shot,samples,4,12,normalized,squad_token_f1,0.8280816039592386,8
chat_0shot,samples,4,12,raw,llm_llama-3.1-70b,0.7535420448200476,9
chat_0shot,samples,4,12,raw,llm_qwen2.5-72b,0.7335486655458382,9
chat_0shot,samples,4,12,raw,squad_token_f1,0.7692780174936954,8
chat_0shot,samples,4,12,surface,llm_llama-3.1-70b,0.7386265466555203,9
chat_0shot,samples,4,12,surface,llm_qwen2.5-72b,0.7255889393532202,9
chat_0shot,samples,4,12,surface,squad_token_f1,0.7952056801670155,8
chat_0shot,samples,4,13,normalized,llm_llama-3.1-70b,0.7798249847023054,9
chat_0shot,samples,4,13,normalized,llm_qwen2.5-72b,0.7473631745579749,9
chat_0shot,samples,4,13,normalized,squad_token_f1,0.8150830293117557,8
chat_0shot,samples,4,13,raw,llm_llama-3.1-70b,0.7535817891210876,9
chat_0shot,samples,4,13,raw,llm_qwen2.5-72b,0.719944809010596,9
chat_0shot,samples,4,13,raw,squad_token_f1,0.7824793954451238,8
chat_0shot,samples,4,13,surface,llm_llama-3.1-70b,0.7708088381794217,9
chat_0shot,samples,4,13,surface,llm_qwen2.5-72b,0.7532142438362999,9
chat_0shot,samples,4,13,surface,squad_token_f1,0.8050230427646774,8
chat_0shot,samples,4,14,normalized,llm_llama-3.1-70b,0.7856308329399998,9
chat_0shot,samples,4,14,normalized,llm_qwen2.5-72b,0.7587568338023636,9
chat_0shot,samples,4,14,normalized,squad_token_f1,0.7914774342519847,8
chat_0shot,samples,4,14,raw,llm_llama-3.1-70b,0.7568377131754748,9
chat_0shot,samples,4,14,raw,llm_qwen2.5-72b,0.7448427076517543,9
chat_0shot,samples,4,14,raw,squad_token_f1,0.7198711368184814,8
chat_0shot,samples,4,14,surface,llm_llama-3.1-70b,0.7636105409413996,9
chat_0shot,samples,4,14,surface,llm_qwen2.5-72b,0.7510781990203159,9
chat_0shot,samples,4,14,surface,squad_token_f1,0.8131021748024443,8
chat_0shot,samples,4,15,normalized,llm_llama-3.1-70b,0.7910137639445445,9
chat_0shot,samples,4,15,normalized,llm_qwen2.5-72b,0.7835257272909248,9
chat_0shot,samples,4,15,normalized,squad_token_f1,0.8041128872069976,8
chat_0shot,samples,4,15,raw,llm_llama-3.1-70b,0.7482858408974611,9
chat_0shot,samples,4,15,raw,llm_qwen2.5-72b,0.763401846421544,9
chat_0shot,samples,4,15,raw,squad_token_f1,0.7355578615500319,8
chat_0shot,samples,4,15,surface,llm_llama-3.1-70b,0.7280976836830773,9
chat_0shot,samples,4,15,surface,llm_qwen2.5-72b,0.7313312555589232,9
chat_0shot,samples,4,15,surface,squad_token_f1,0.765776904603021,8
chat_0shot,samples,4,16,normalized,llm_llama-3.1-70b,0.7726607409834297,9
chat_0shot,samples,4,16,normalized,llm_qwen2.5-72b,0.73446229132321,9
chat_0shot,samples,4,16,normalized,squad_token_f1,0.7979853213057617,8
chat_0shot,samples,4,16,raw,llm_llama-3.1-70b,0.7447810887763999,9
chat_0shot,samples,4,16,raw,llm_qwen2.5-72b,0.734380995610587,9
chat_0shot,samples,4,16,raw,squad_token_f1,0.7217780055947416,8
chat_0shot,samples,4,16,surface,llm_llama-3.1-70b,0.7188022728256696,9
chat_0shot,samples,4,16,surface,llm_qwen2.5-72b,0.696367810842757,9
chat_0shot,samples,4,16,surface,squad_token_f1,0.7892292369152408,8
chat_0shot,samples,4,17,normalized,llm_llama-3.1-70b,0.7339042837843396,9
chat_0shot,samples,4,17,normalized,llm_qwen2.5-72b,0.7410569736666004,9
chat_0shot,samples,4,17,normalized,squad_token_f1,0.7638705615184476,8
chat_0shot,samples,4,17,raw,llm_llama-3.1-70b,0.6763612464743113,9
chat_0shot,samples,4,17,raw,llm_qwen2.5-72b,0.7245196173421017,9
chat_0shot,samples,4,17,raw,squad_token_f1,0.7016818616177337,8
chat_0shot,samples,4,17,surface,llm_llama-3.1-70b,0.7246687175427584,9
chat_0shot,samples,4,17,surface,llm_qwen2.5-72b,0.7247734602663835,9
chat_0shot,samples,4,17,surface,squad_token_f1,0.7620129796745508,8
chat_0shot,samples,4,18,normalized,llm_llama-3.1-70b,0.7173732764311527,9
chat_0shot,samples,4,18,normalized,llm_qwen2.5-72b,0.7402440915389639,9
chat_0shot,samples,4,18,normalized,squad_token_f1,0.7483029309670121,8
chat_0shot,samples,4,18,raw,llm_llama-3.1-70b,0.7109791798540851,9
chat_0shot,samples,4,18,raw,llm_qwen2.5-72b,0.7193601588784287,9
chat_0shot,samples,4,18,raw,squad_token_f1,0.7251668161389636,8
chat_0shot,samples,4,18,surface,llm_llama-3.1-70b,0.7129791559707137,9
chat_0shot,samples,4,18,surface,llm_qwen2.5-72b,0.7240809820055201,9
chat_0shot,samples,4,18,surface,squad_token_f1,0.7410539114522728,8
chat_0shot,samples,4,19,normalized,llm_llama-3.1-70b,0.7840693855311645,9
chat_0shot,samples,4,19,normalized,llm_qwen2.5-72b,0.7772083718403596,9
chat_0shot,samples,4,19,normalized,squad_token_f1,0.786788987821218,8
chat_0shot,samples,4,19,raw,llm_llama-3.1-70b,0.744188582922468,9
chat_0shot,samples,4,19,raw,llm_qwen2.5-72b,0.752171775069831,9
chat_0shot,samples,4,19,raw,squad_token_f1,0.7164424127715018,8
chat_0shot,samples,4,19,surface,llm_llama-3.1-70b,0.736542910900683,9
chat_0shot,samples,4,19,surface,llm_qwen2.5-72b,0.7459627619385226,9
chat_0shot,samples,4,19,surface,squad_token_f1,0.728776563253213,8
chat_0shot,samples,4,20,normalized,llm_llama-3.1-70b,0.7758113695565623,9
chat_0shot,samples,4,20,normalized,llm_qwen2.5-72b,0.7466792555384261,9
chat_0shot,samples,4,20,normalized,squad_token_f1,0.783081340763075,8
chat_0shot,samples,4,20,raw,llm_llama-3.1-70b,0.7369576062205715,9
chat_0shot,samples,4,20,raw,llm_qwen2.5-72b,0.7219099759094431,9
chat_0shot,samples,4,20,raw,squad_token_f1,0.7589547831496823,8
chat_0shot,samples,4,20,surface,llm_llama-3.1-70b,0.7506865424989655,9
chat_0shot,samples,4,20,surface,llm_qwen2.5-72b,0.7468411342166171,9
chat_0shot,samples,4,20,surface,squad_token_f1,0.7358871250517446,8
chat_0shot,samples,4,21,normalized,llm_llama-3.1-70b,0.7220961681491899,9
chat_0shot,samples,4,21,normalized,llm_qwen2.5-72b,0.7235354536347697,9
chat_0shot,samples,4,21,normalized,squad_token_f1,0.7902466289417903,8
chat_0shot,samples,4,21,raw,llm_llama-3.1-70b,0.7170552433898673,9
chat_0shot,samples,4,21,raw,llm_qwen2.5-72b,0.7182950015068795,9
chat_0shot,samples,4,21,raw,squad_token_f1,0.761680199123692,8
chat_0shot,samples,4,21,surface,llm_llama-3.1-70b,0.7076221937568674,9
chat_0shot,samples,4,21,surface,llm_qwen2.5-72b,0.712043378965364,9
chat_0shot,samples,4,21,surface,squad_token_f1,0.7714911512005109,8
chat_0shot,samples,4,22,normalized,llm_llama-3.1-70b,0.7775630132683983,9
chat_0shot,samples,4,22,normalized,llm_qwen2.5-72b,0.7329338978664065,9
chat_0shot,samples,4,22,normalized,squad_token_f1,0.8101767544730301,8
chat_0shot,samples,4,22,raw,llm_llama-3.1-70b,0.7351860888112901,9
chat_0shot,samples,4,22,raw,llm_qwen2.5-72b,0.7125010133255018,9
chat_0shot,samples,4,22,raw,squad_token_f1,0.7472887735692846,8
chat_0shot,samples,4,22,surface,llm_llama-3.1-70b,0.7539840692804366,9
chat_0shot,samples,4,22,surface,llm_qwen2.5-72b,0.7449371622654951,9
chat_0shot,samples,4,22,surface,squad_token_f1,0.8039852659101409,8
chat_0shot,samples,4,23,normalized,llm_llama-3.1-70b,0.760624272467978,9
chat_0shot,samples,4,23,normalized,llm_qwen2.5-72b,0.7209414868509563,9
chat_0shot,samples,4,23,normalized,squad_token_f1,0.783632136247352,8
chat_0shot,samples,4,23,raw,llm_llama-3.1-70b,0.6866246269307508,9
chat_0shot,samples,4,23,raw,llm_qwen2.5-72b,0.6701026137223709,9
chat_0shot,samples,4,23,raw,squad_token_f1,0.7214618490185525,8
chat_0shot,samples,4,23,surface,llm_llama-3.1-70b,0.7213568696537344,9
chat_0shot,samples,4,23,surface,llm_qwen2.5-72b,0.7087975196431421,9
chat_0shot,samples,4,23,surface,squad_token_f1,0.724257938000163,8
chat_0shot,samples,4,24,normalized,llm_llama-3.1-70b,0.7807978244609982,9
chat_0shot,samples,4,24,normalized,llm_qwen2.5-72b,0.7519019650190418,9
chat_0shot,samples,4,24,normalized,squad_token_f1,0.8055679976566381,8
chat_0shot,samples,4,24,raw,llm_llama-3.1-70b,0.7516324577562146,9
chat_0shot,samples,4,24,raw,llm_qwen2.5-72b,0.7489176654587619,9
chat_0shot,samples,4,24,raw,squad_token_f1,0.740595006230228,8
chat_0shot,samples,4,24,surface,llm_llama-3.1-70b,0.7692527446311666,9
chat_0shot,samples,4,24,surface,llm_qwen2.5-72b,0.7536546761470727,9
chat_0shot,samples,4,24,surface,squad_token_f1,0.7977330115122115,8
chat_0shot,samples,4,25,normalized,llm_llama-3.1-70b,0.7563753538555684,9
chat_0shot,samples,4,25,normalized,llm_qwen2.5-72b,0.7542895549657563,9
chat_0shot,samples,4,25,normalized,squad_token_f1,0.7465299260617649,8
chat_0shot,samples,4,25,raw,llm_llama-3.1-70b,0.7082952835468939,9
chat_0shot,samples,4,25,raw,llm_qwen2.5-72b,0.720311891137105,9
chat_0shot,samples,4,25,raw,squad_token_f1,0.6651454426985987,8
chat_0shot,samples,4,25,surface,llm_llama-3.1-70b,0.751415546750514,9
chat_0shot,samples,4,25,surface,llm_qwen2.5-72b,0.7377418117015435,9
chat_0shot,samples,4,25,surface,squad_token_f1,0.7581555282273751,8
chat_0shot,samples,4,26,normalized,llm_llama-3.1-70b,0.7436442986170891,9
chat_0shot,samples,4,26,normalized,llm_qwen2.5-72b,0.7151791435921608,9
chat_0shot,samples,4,26,normalized,squad_token_f1,0.8032122672957156,8
chat_0shot,samples,4,26,raw,llm_llama-3.1-70b,0.6714561723122986,9
chat_0shot,samples,4,26,raw,llm_qwen2.5-72b,0.6477267821107398,9
chat_0shot,samples,4,26,raw,squad_token_f1,0.7184355853145955,8
chat_0shot,samples,4,26,surface,llm_llama-3.1-70b,0.7141344495599965,9
chat_0shot,samples,4,26,surface,llm_qwen2.5-72b,0.6880958563871977,9
chat_0shot,samples,4,26,surface,squad_token_f1,0.7734695272792174,8
chat_0shot,samples,4,27,normalized,llm_llama-3.1-70b,0.7450710622826281,9
chat_0shot,samples,4,27,normalized,llm_qwen2.5-72b,0.747929442868718,9
chat_0shot,samples,4,27,normalized,squad_token_f1,0.7911673127997036,8
chat_0shot,samples,4,27,raw,llm_llama-3.1-70b,0.7541701469837423,9
chat_0shot,samples,4,27,raw,llm_qwen2.5-72b,0.7534879975241939,9
chat_0shot,samples,4,27,raw,squad_token_f1,0.7642720551870995,8
chat_0shot,samples,4,27,surface,llm_llama-3.1-70b,0.7093272470397245,9
chat_0shot,samples,4,27,surface,llm_qwen2.5-72b,0.7127127547707258,9
chat_0shot,samples,4,27,surface,squad_token_f1,0.7905777370640926,8
chat_0shot,samples,4,28,normalized,llm_llama-3.1-70b,0.7537670720806318,9
chat_0shot,samples,4,28,normalized,llm_qwen2.5-72b,0.7410996001759258,9
chat_0shot,samples,4,28,normalized,squad_token_f1,0.7951611744971243,8
chat_0shot,samples,4,28,raw,llm_llama-3.1-70b,0.7222976551473639,9
chat_0shot,samples,4,28,raw,llm_qwen2.5-72b,0.7194960360077375,9
chat_0shot,samples,4,28,raw,squad_token_f1,0.7312549960625703,8
chat_0shot,samples,4,28,surface,llm_llama-3.1-70b,0.7491085634502918,9
chat_0shot,samples,4,28,surface,llm_qwen2.5-72b,0.7466480019322135,9
chat_0shot,samples,4,28,surface,squad_token_f1,0.7821216281672209,8
chat_0shot,samples,4,29,normalized,llm_llama-3.1-70b,0.7808968284424853,9
chat_0shot,samples,4,29,normalized,llm_qwen2.5-72b,0.7534792310180273,9
chat_0shot,samples,4,29,normalized,squad_token_f1,0.7932773094219229,8
chat_0shot,samples,4,29,raw,llm_llama-3.1-70b,0.7258043634591896,9
chat_0shot,samples,4,29,raw,llm_qwen2.5-72b,0.706306047663583,9
chat_0shot,samples,4,29,raw,squad_token_f1,0.7516563797197897,8
chat_0shot,samples,4,29,surface,llm_llama-3.1-70b,0.7273347892840882,9
chat_0shot,samples,4,29,surface,llm_qwen2.5-72b,0.7250203482505478,9
chat_0shot,samples,4,29,surface,squad_token_f1,0.776514979069425,8
chat_0shot,samples,4,30,normalized,llm_llama-3.1-70b,0.7404440806953002,9
chat_0shot,samples,4,30,normalized,llm_qwen2.5-72b,0.7537557943610794,9
chat_0shot,samples,4,30,normalized,squad_token_f1,0.7997067000993408,8
chat_0shot,samples,4,30,raw,llm_llama-3.1-70b,0.6971587389872888,9
chat_0shot,samples,4,30,raw,llm_qwen2.5-72b,0.7257955002761929,9
chat_0shot,samples,4,30,raw,squad_token_f1,0.7168320099200208,8
chat_0shot,samples,4,30,surface,llm_llama-3.1-70b,0.7436602416783221,9
chat_0shot,samples,4,30,surface,llm_qwen2.5-72b,0.7605083217258614,9
chat_0shot,samples,4,30,surface,squad_token_f1,0.7806165980563822,8
chat_0shot,samples,4,31,normalized,llm_llama-3.1-70b,0.7470128782502444,9
chat_0shot,samples,4,31,normalized,llm_qwen2.5-72b,0.7530708194978889,9
chat_0shot,samples,4,31,normalized,squad_token_f1,0.7603577320419959,8
chat_0shot,samples,4,31,raw,llm_llama-3.1-70b,0.6817663449244983,9
chat_0shot,samples,4,31,raw,llm_qwen2.5-72b,0.6954994318625808,9
chat_0shot,samples,4,31,raw,squad_token_f1,0.693120848933318,8
chat_0shot,samples,4,31,surface,llm_llama-3.1-70b,0.6936038130207284,9
chat_0shot,samples,4,31,surface,llm_qwen2.5-72b,0.6970281563944822,9
chat_0shot,samples,4,31,surface,squad_token_f1,0.7456106392983833,8
chat_0shot,samples,4,32,normalized,llm_llama-3.1-70b,0.7978146798419603,9
chat_0shot,samples,4,32,normalized,llm_qwen2.5-72b,0.7584750351405446,9
chat_0shot,samples,4,32,normalized,squad_token_f1,0.804453003235267,8
chat_0shot,samples,4,32,raw,llm_llama-3.1-70b,0.7442556387309868,9
chat_0shot,samples,4,32,raw,llm_qwen2.5-72b,0.7150348963089038,9
chat_0shot,samples,4,32,raw,squad_token_f1,0.7467892763517174,8
chat_0shot,samples,4,32,surface,llm_llama-3.1-70b,0.7503377253292002,9
chat_0shot,samples,4,32,surface,llm_qwen2.5-72b,0.7274459059118034,9
chat_0shot,samples,4,32,surface,squad_token_f1,0.7907328852452481,8
chat_0shot,samples,4,33,normalized,llm_llama-3.1-70b,0.7813872422084982,9
chat_0shot,samples,4,33,normalized,llm_qwen2.5-72b,0.7562854490083355,9
chat_0shot,samples,4,33,normalized,squad_token_f1,0.7944860240297883,8
chat_0shot,samples,4,33,raw,llm_llama-3.1-70b,0.7584999074157925,9
chat_0shot,samples,4,33,raw,llm_qwen2.5-72b,0.7518440033968481,9
chat_0shot,samples,4,33,raw,squad_token_f1,0.7534970736797615,8
chat_0shot,samples,4,33,surface,llm_llama-3.1-70b,0.7620016239873325,9
chat_0shot,samples,4,33,surface,llm_qwen2.5-72b,0.7610924934060581,9
chat_0shot,samples,4,33,surface,squad_token_f1,0.7978580596602384,8
chat_0shot,samples,4,34,normalized,llm_llama-3.1-70b,0.772280850665548,9
chat_0shot,samples,4,34,normalized,llm_qwen2.5-72b,0.757655128612615,9
chat_0shot,samples,4,34,normalized,squad_token_f1,0.7942102893037575,8
chat_0shot,samples,4,34,raw,llm_llama-3.1-70b,0.7374529465776979,9
chat_0shot,samples,4,34,raw,llm_qwen2.5-72b,0.7489308349676482,9
chat_0shot,samples,4,34,raw,squad_token_f1,0.7233513894877301,8
chat_0shot,samples,4,34,surface,llm_llama-3.1-70b,0.7423184832447645,9
chat_0shot,samples,4,34,surface,llm_qwen2.5-72b,0.744657534517226,9
chat_0shot,samples,4,34,surface,squad_token_f1,0.788475282742821,8
chat_0shot,samples,4,35,normalized,llm_llama-3.1-70b,0.7852587728307393,9
chat_0shot,samples,4,35,normalized,llm_qwen2.5-72b,0.746098637005172,9
chat_0shot,samples,4,35,normalized,squad_token_f1,0.7808864125298033,8
chat_0shot,samples,4,35,raw,llm_llama-3.1-70b,0.7051805501051736,9
chat_0shot,samples,4,35,raw,llm_qwen2.5-72b,0.6900683743331375,9
chat_0shot,samples,4,35,raw,squad_token_f1,0.6617470252278731,8
chat_0shot,samples,4,35,surface,llm_llama-3.1-70b,0.7507432744936889,9
chat_0shot,samples,4,35,surface,llm_qwen2.5-72b,0.7364178585776708,9
chat_0shot,samples,4,35,surface,squad_token_f1,0.747721160420604,8
chat_0shot,samples,4,36,normalized,llm_llama-3.1-70b,0.7658422503702886,9
chat_0shot,samples,4,36,normalized,llm_qwen2.5-72b,0.7335220702385747,9
chat_0shot,samples,4,36,normalized,squad_token_f1,0.7598395231186348,8
chat_0shot,samples,4,36,raw,llm_llama-3.1-70b,0.7023660892760424,9
chat_0shot,samples,4,36,raw,llm_qwen2.5-72b,0.6824818046370752,9
chat_0shot,samples,4,36,raw,squad_token_f1,0.696091321555844,8
chat_0shot,samples,4,36,surface,llm_llama-3.1-70b,0.7005506375857802,9
chat_0shot,samples,4,36,surface,llm_qwen2.5-72b,0.7010886352478044,9
chat_0shot,samples,4,36,surface,squad_token_f1,0.787678261131269,8
chat_0shot,samples,4,37,normalized,llm_llama-3.1-70b,0.7581220213927541,9
chat_0shot,samples,4,37,normalized,llm_qwen2.5-72b,0.757589024743368,9
chat_0shot,samples,4,37,normalized,squad_token_f1,0.7723670941463895,8
chat_0shot,samples,4,37,raw,llm_llama-3.1-70b,0.7106401735453668,9
chat_0shot,samples,4,37,raw,llm_qwen2.5-72b,0.7199576997037568,9
chat_0shot,samples,4,37,raw,squad_token_f1,0.7168847110412471,8
chat_0shot,samples,4,37,surface,llm_llama-3.1-70b,0.73557038849783,9
chat_0shot,samples,4,37,surface,llm_qwen2.5-72b,0.7466363848896691,9
chat_0shot,samples,4,37,surface,squad_token_f1,0.7557143792208516,8
chat_0shot,samples,4,38,normalized,llm_llama-3.1-70b,0.736013893409188,9
chat_0shot,samples,4,38,normalized,llm_qwen2.5-72b,0.762110871133084,9
chat_0shot,samples,4,38,normalized,squad_token_f1,0.7541826337171929,8
chat_0shot,samples,4,38,raw,llm_llama-3.1-70b,0.7009012606102215,9
chat_0shot,samples,4,38,raw,llm_qwen2.5-72b,0.7040426192330416,9
chat_0shot,samples,4,38,raw,squad_token_f1,0.7135521641568818,8
chat_0shot,samples,4,38,surface,llm_llama-3.1-70b,0.7326034894530916,9
chat_0shot,samples,4,38,surface,llm_qwen2.5-72b,0.7429119552251385,9
chat_0shot,samples,4,38,surface,squad_token_f1,0.7694895936778046,8
chat_0shot,samples,4,39,normalized,llm_llama-3.1-70b,0.7523402538727205,9
chat_0shot,samples,4,39,normalized,llm_qwen2.5-72b,0.7586106406797536,9
chat_0shot,samples,4,39,normalized,squad_token_f1,0.8141390118525963,8
chat_0shot,samples,4,39,raw,llm_llama-3.1-70b,0.7215258039588105,9
chat_0shot,samples,4,39,raw,llm_qwen2.5-72b,0.7473579584209535,9
chat_0shot,samples,4,39,raw,squad_token_f1,0.7129136990630167,8
chat_0shot,samples,4,39,surface,llm_llama-3.1-70b,0.7426315586311324,9
chat_0shot,samples,4,39,surface,llm_qwen2.5-72b,0.7287282404142444,9
chat_0shot,samples,4,39,surface,squad_token_f1,0.7910883886373943,8
chat_0shot,samples,4,40,normalized,llm_llama-3.1-70b,0.7471192166098034,9
chat_0shot,samples,4,40,normalized,llm_qwen2.5-72b,0.7369190735020523,9
chat_0shot,samples,4,40,normalized,squad_token_f1,0.799967565888934,8
chat_0shot,samples,4,40,raw,llm_llama-3.1-70b,0.6903989915260873,9
chat_0shot,samples,4,40,raw,llm_qwen2.5-72b,0.7043790058906775,9
chat_0shot,samples,4,40,raw,squad_token_f1,0.6923210874345365,8
chat_0shot,samples,4,40,surface,llm_llama-3.1-70b,0.7278499791950582,9
chat_0shot,samples,4,40,surface,llm_qwen2.5-72b,0.7332792624481645,9
chat_0shot,samples,4,40,surface,squad_token_f1,0.796038862814162,8
chat_0shot,samples,4,41,normalized,llm_llama-3.1-70b,0.7927778877347765,9
chat_0shot,samples,4,41,normalized,llm_qwen2.5-72b,0.7924786407923333,9
chat_0shot,samples,4,41,normalized,squad_token_f1,0.805571330501699,8
chat_0shot,samples,4,41,raw,llm_llama-3.1-70b,0.7314113422988695,9
chat_0shot,samples,4,41,raw,llm_qwen2.5-72b,0.7295820182615063,9
chat_0shot,samples,4,41,raw,squad_token_f1,0.7362795264029588,8
chat_0shot,samples,4,41,surface,llm_llama-3.1-70b,0.7708424946495658,9
chat_0shot,samples,4,41,surface,llm_qwen2.5-72b,0.7699959949502178,9
chat_0shot,samples,4,41,surface,squad_token_f1,0.7928717793397315,8
chat_0shot,samples,4,42,normalized,llm_llama-3.1-70b,0.7926695051880119,9
chat_0shot,samples,4,42,normalized,llm_qwen2.5-72b,0.7633539403771272,9
chat_0shot,samples,4,42,normalized,squad_token_f1,0.8064557292966652,8
chat_0shot,samples,4,42,raw,llm_llama-3.1-70b,0.7393487154533971,9
chat_0shot,samples,4,42,raw,llm_qwen2.5-72b,0.7375057740841799,9
chat_0shot,samples,4,42,raw,squad_token_f1,0.7070846782998066,8
chat_0shot,samples,4,42,surface,llm_llama-3.1-70b,0.7300278103933261,9
chat_0shot,samples,4,42,surface,llm_qwen2.5-72b,0.7315837510771117,9
chat_0shot,samples,4,42,surface,squad_token_f1,0.7856217063557805,8
chat_0shot,samples,4,43,normalized,llm_llama-3.1-70b,0.7561311294436709,9
chat_0shot,samples,4,43,normalized,llm_qwen2.5-72b,0.7500239176049172,9
chat_0shot,samples,4,43,normalized,squad_token_f1,0.7579235445250107,8
chat_0shot,samples,4,43,raw,llm_llama-3.1-70b,0.707047436148992,9
chat_0shot,samples,4,43,raw,llm_qwen2.5-72b,0.6878829048577725,9
chat_0shot,samples,4,43,raw,squad_token_f1,0.7084282362508318,8
chat_0shot,samples,4,43,surface,llm_llama-3.1-70b,0.7302064054835912,9
chat_0shot,samples,4,43,surface,llm_qwen2.5-72b,0.7291738135455712,9
chat_0shot,samples,4,43,surface,squad_token_f1,0.7697064931780097,8
chat_0shot,samples,4,44,normalized,llm_llama-3.1-70b,0.7327841945881398,9
chat_0shot,samples,4,44,normalized,llm_qwen2.5-72b,0.7098348727069207,9
chat_0shot,samples,4,44,normalized,squad_token_f1,0.816755460700803,8
chat_0shot,samples,4,44,raw,llm_llama-3.1-70b,0.7277182080520386,9
chat_0shot,samples,4,44,raw,llm_qwen2.5-72b,0.7192067090198712,9
chat_0shot,samples,4,44,raw,squad_token_f1,0.7805709645018014,8
chat_0shot,samples,4,44,surface,llm_llama-3.1-70b,0.7215942285360681,9
chat_0shot,samples,4,44,surface,llm_qwen2.5-72b,0.7201008031354945,9
chat_0shot,samples,4,44,surface,squad_token_f1,0.8034848305478325,8
chat_0shot,samples,4,45,normalized,llm_llama-3.1-70b,0.8013663804594466,9
chat_0shot,samples,4,45,normalized,llm_qwen2.5-72b,0.7840105322570861,9
chat_0shot,samples,4,45,normalized,squad_token_f1,0.8291714994649861,8
chat_0shot,samples,4,45,raw,llm_llama-3.1-70b,0.7521823199564863,9
chat_0shot,samples,4,45,raw,llm_qwen2.5-72b,0.7362174012062475,9
chat_0shot,samples,4,45,raw,squad_token_f1,0.7570189935325581,8
chat_0shot,samples,4,45,surface,llm_llama-3.1-70b,0.755698393369074,9
chat_0shot,samples,4,45,surface,llm_qwen2.5-72b,0.7469295228905926,9
chat_0shot,samples,4,45,surface,squad_token_f1,0.8070407776309269,8
chat_0shot,samples,4,46,normalized,llm_llama-3.1-70b,0.7442151171264437,9
chat_0shot,samples,4,46,normalized,llm_qwen2.5-72b,0.7330677996113764,9
chat_0shot,samples,4,46,normalized,squad_token_f1,0.8042704245432714,8
chat_0shot,samples,4,46,raw,llm_llama-3.1-70b,0.7500845735000443,9
chat_0shot,samples,4,46,raw,llm_qwen2.5-72b,0.744319002978584,9
chat_0shot,samples,4,46,raw,squad_token_f1,0.7705849922215544,8
chat_0shot,samples,4,46,surface,llm_llama-3.1-70b,0.7407513539018702,9
chat_0shot,samples,4,46,surface,llm_qwen2.5-72b,0.7088902131108388,9
chat_0shot,samples,4,46,surface,squad_token_f1,0.779066576253284,8
chat_0shot,samples,4,47,normalized,llm_llama-3.1-70b,0.7383256935941174,9
chat_0shot,samples,4,47,normalized,llm_qwen2.5-72b,0.7207275108995969,9
chat_0shot,samples,4,47,normalized,squad_token_f1,0.7851343854724749,8
chat_0shot,samples,4,47,raw,llm_llama-3.1-70b,0.711415267952151,9
chat_0shot,samples,4,47,raw,llm_qwen2.5-72b,0.6855434009315937,9
chat_0shot,samples,4,47,raw,squad_token_f1,0.6879618528158106,8
chat_0shot,samples,4,47,surface,llm_llama-3.1-70b,0.7330369495369614,9
chat_0shot,samples,4,47,surface,llm_qwen2.5-72b,0.7160037346949585,9
chat_0shot,samples,4,47,surface,squad_token_f1,0.7645018008848591,8
chat_0shot,samples,4,48,normalized,llm_llama-3.1-70b,0.7905236461954753,9
chat_0shot,samples,4,48,normalized,llm_qwen2.5-72b,0.7837299619648879,9
chat_0shot,samples,4,48,normalized,squad_token_f1,0.7885671445249689,8
chat_0shot,samples,4,48,raw,llm_llama-3.1-70b,0.740647839148597,9
chat_0shot,samples,4,48,raw,llm_qwen2.5-72b,0.7249711549976378,9
chat_0shot,samples,4,48,raw,squad_token_f1,0.7462558803755115,8
chat_0shot,samples,4,48,surface,llm_llama-3.1-70b,0.7188231673541183,9
chat_0shot,samples,4,48,surface,llm_qwen2.5-72b,0.7323795441793471,9
chat_0shot,samples,4,48,surface,squad_token_f1,0.7940804670763139,8
chat_0shot,samples,4,49,normalized,llm_llama-3.1-70b,0.7836226689713831,9
chat_0shot,samples,4,49,normalized,llm_qwen2.5-72b,0.7675953298098201,9
chat_0shot,samples,4,49,normalized,squad_token_f1,0.7917298325980727,8
chat_0shot,samples,4,49,raw,llm_llama-3.1-70b,0.737137724285387,9
chat_0shot,samples,4,49,raw,llm_qwen2.5-72b,0.7315579219491801,9
chat_0shot,samples,4,49,raw,squad_token_f1,0.741579756615049,8
chat_0shot,samples,4,49,surface,llm_llama-3.1-70b,0.7121023865627565,9
chat_0shot,samples,4,49,surface,llm_qwen2.5-72b,0.7029090792131092,9
chat_0shot,samples,4,49,surface,squad_token_f1,0.7562888137943944,8
chat_0shot,samples,6,0,normalized,llm_llama-3.1-70b,0.7863488344895467,9
chat_0shot,samples,6,0,normalized,llm_qwen2.5-72b,0.7820083050026777,9
chat_0shot,samples,6,0,normalized,squad_token_f1,0.8347298870890609,8
chat_0shot,samples,6,0,raw,llm_llama-3.1-70b,0.7253217413250448,9
chat_0shot,samples,6,0,raw,llm_qwen2.5-72b,0.7349079770853189,9
chat_0shot,samples,6,0,raw,squad_token_f1,0.7257957232053679,8
chat_0shot,samples,6,0,surface,llm_llama-3.1-70b,0.7517736082692984,9
chat_0shot,samples,6,0,surface,llm_qwen2.5-72b,0.7575175542045814,9
chat_0shot,samples,6,0,surface,squad_token_f1,0.8154253304746866,8
chat_0shot,samples,6,1,normalized,llm_llama-3.1-70b,0.7845359096464879,9
chat_0shot,samples,6,1,normalized,llm_qwen2.5-72b,0.7751781932440855,9
chat_0shot,samples,6,1,normalized,squad_token_f1,0.818569583238785,8
chat_0shot,samples,6,1,raw,llm_llama-3.1-70b,0.7726047583222562,9
chat_0shot,samples,6,1,raw,llm_qwen2.5-72b,0.7652168232180938,9
chat_0shot,samples,6,1,raw,squad_token_f1,0.7831912148181582,8
chat_0shot,samples,6,1,surface,llm_llama-3.1-70b,0.7700263525968627,9
chat_0shot,samples,6,1,surface,llm_qwen2.5-72b,0.7647269326272096,9
chat_0shot,samples,6,1,surface,squad_token_f1,0.8112727241203903,8
chat_0shot,samples,6,2,normalized,llm_llama-3.1-70b,0.7788102280605596,9
chat_0shot,samples,6,2,normalized,llm_qwen2.5-72b,0.7841400159110434,9
chat_0shot,samples,6,2,normalized,squad_token_f1,0.8173451720133081,8
chat_0shot,samples,6,2,raw,llm_llama-3.1-70b,0.7795059711994684,9
chat_0shot,samples,6,2,raw,llm_qwen2.5-72b,0.7758427361296709,9
chat_0shot,samples,6,2,raw,squad_token_f1,0.7382081986708773,8
chat_0shot,samples,6,2,surface,llm_llama-3.1-70b,0.7545465515438046,9
chat_0shot,samples,6,2,surface,llm_qwen2.5-72b,0.7528993490112547,9
chat_0shot,samples,6,2,surface,squad_token_f1,0.8113257752671215,8
chat_0shot,samples,6,3,normalized,llm_llama-3.1-70b,0.7847929200183865,9
chat_0shot,samples,6,3,normalized,llm_qwen2.5-72b,0.7904757930944871,9
chat_0shot,samples,6,3,normalized,squad_token_f1,0.8471071144339193,8
chat_0shot,samples,6,3,raw,llm_llama-3.1-70b,0.7713225404927238,9
chat_0shot,samples,6,3,raw,llm_qwen2.5-72b,0.7847922618452935,9
chat_0shot,samples,6,3,raw,squad_token_f1,0.782984085602351,8
chat_0shot,samples,6,3,surface,llm_llama-3.1-70b,0.7650967821821877,9
chat_0shot,samples,6,3,surface,llm_qwen2.5-72b,0.7713569555527909,9
chat_0shot,samples,6,3,surface,squad_token_f1,0.807898038412562,8
chat_0shot,samples,6,4,normalized,llm_llama-3.1-70b,0.7729296841980251,9
chat_0shot,samples,6,4,normalized,llm_qwen2.5-72b,0.7667795168839686,9
chat_0shot,samples,6,4,normalized,squad_token_f1,0.8097556164531307,8
chat_0shot,samples,6,4,raw,llm_llama-3.1-70b,0.7350614907468417,9
chat_0shot,samples,6,4,raw,llm_qwen2.5-72b,0.7311806937144228,9
chat_0shot,samples,6,4,raw,squad_token_f1,0.7263011537091157,8
chat_0shot,samples,6,4,surface,llm_llama-3.1-70b,0.7495849377021822,9
chat_0shot,samples,6,4,surface,llm_qwen2.5-72b,0.7463279543950102,9
chat_0shot,samples,6,4,surface,squad_token_f1,0.7819463522048969,8
chat_0shot,samples,6,5,normalized,llm_llama-3.1-70b,0.8151059850292706,9
chat_0shot,samples,6,5,normalized,llm_qwen2.5-72b,0.8081589659426801,9
chat_0shot,samples,6,5,normalized,squad_token_f1,0.8259950298321742,8
chat_0shot,samples,6,5,raw,llm_llama-3.1-70b,0.7836138604071492,9
chat_0shot,samples,6,5,raw,llm_qwen2.5-72b,0.7786445620316736,9
chat_0shot,samples,6,5,raw,squad_token_f1,0.7560584948988853,8
chat_0shot,samples,6,5,surface,llm_llama-3.1-70b,0.7668443927318371,9
chat_0shot,samples,6,5,surface,llm_qwen2.5-72b,0.7547824267143801,9
chat_0shot,samples,6,5,surface,squad_token_f1,0.7877204481492435,8
chat_0shot,samples,6,6,normalized,llm_llama-3.1-70b,0.7571341104122671,9
chat_0shot,samples,6,6,normalized,llm_qwen2.5-72b,0.7629441474316339,9
chat_0shot,samples,6,6,normalized,squad_token_f1,0.8142325189891666,8
chat_0shot,samples,6,6,raw,llm_llama-3.1-70b,0.7440655974385846,9
chat_0shot,samples,6,6,raw,llm_qwen2.5-72b,0.7556150427407463,9
chat_0shot,samples,6,6,raw,squad_token_f1,0.7339130976747776,8
chat_0shot,samples,6,6,surface,llm_llama-3.1-70b,0.7388631917594928,9
chat_0shot,samples,6,6,surface,llm_qwen2.5-72b,0.7441391066774866,9
chat_0shot,samples,6,6,surface,squad_token_f1,0.7919348544770175,8
chat_0shot,samples,6,7,normalized,llm_llama-3.1-70b,0.8116756872078696,9
chat_0shot,samples,6,7,normalized,llm_qwen2.5-72b,0.788702537220483,9
chat_0shot,samples,6,7,normalized,squad_token_f1,0.8080906778532847,8
chat_0shot,samples,6,7,raw,llm_llama-3.1-70b,0.7798426512408231,9
chat_0shot,samples,6,7,raw,llm_qwen2.5-72b,0.7587411422625431,9
chat_0shot,samples,6,7,raw,squad_token_f1,0.7355107650754847,8
chat_0shot,samples,6,7,surface,llm_llama-3.1-70b,0.7601803675246059,9
chat_0shot,samples,6,7,surface,llm_qwen2.5-72b,0.7544036495698557,9
chat_0shot,samples,6,7,surface,squad_token_f1,0.7872233305494217,8
chat_0shot,samples,6,8,normalized,llm_llama-3.1-70b,0.803865692867978,9
chat_0shot,samples,6,8,normalized,llm_qwen2.5-72b,0.7654859561176448,9
chat_0shot,samples,6,8,normalized,squad_token_f1,0.8112424277933039,8
chat_0shot,samples,6,8,raw,llm_llama-3.1-70b,0.7753205538598169,9
chat_0shot,samples,6,8,raw,llm_qwen2.5-72b,0.7483791453598279,9
chat_0shot,samples,6,8,raw,squad_token_f1,0.776231908512421,8
chat_0shot,samples,6,8,surface,llm_llama-3.1-70b,0.7503940798211187,9
chat_0shot,samples,6,8,surface,llm_qwen2.5-72b,0.7480576651905784,9
chat_0shot,samples,6,8,surface,squad_token_f1,0.7820932842690692,8
chat_0shot,samples,6,9,normalized,llm_llama-3.1-70b,0.8217178861710808,9
chat_0shot,samples,6,9,normalized,llm_qwen2.5-72b,0.820918562585931,9
chat_0shot,samples,6,9,normalized,squad_token_f1,0.8283669984490319,8
chat_0shot,samples,6,9,raw,llm_llama-3.1-70b,0.7970968020416254,9
chat_0shot,samples,6,9,raw,llm_qwen2.5-72b,0.7929157916781768,9
chat_0shot,samples,6,9,raw,squad_token_f1,0.7719738535693885,8
chat_0shot,samples,6,9,surface,llm_llama-3.1-70b,0.7690239635705914,9
chat_0shot,samples,6,9,surface,llm_qwen2.5-72b,0.7647135170415975,9
chat_0shot,samples,6,9,surface,squad_token_f1,0.7854135647701543,8
chat_0shot,samples,6,10,normalized,llm_llama-3.1-70b,0.7847937775788847,9
chat_0shot,samples,6,10,normalized,llm_qwen2.5-72b,0.7923315713812572,9
chat_0shot,samples,6,10,normalized,squad_token_f1,0.8356369595982585,8
chat_0shot,samples,6,10,raw,llm_llama-3.1-70b,0.758656071957803,9
chat_0shot,samples,6,10,raw,llm_qwen2.5-72b,0.7585446765350683,9
chat_0shot,samples,6,10,raw,squad_token_f1,0.7756322838751567,8
chat_0shot,samples,6,10,surface,llm_llama-3.1-70b,0.7615930810644034,9
chat_0shot,samples,6,10,surface,llm_qwen2.5-72b,0.7743039086918784,9
chat_0shot,samples,6,10,surface,squad_token_f1,0.7901257007033496,8
chat_0shot,samples,6,11,normalized,llm_llama-3.1-70b,0.8319012056437698,9
chat_0shot,samples,6,11,normalized,llm_qwen2.5-72b,0.8272044719577543,9
chat_0shot,samples,6,11,normalized,squad_token_f1,0.8373883776189281,8
chat_0shot,samples,6,11,raw,llm_llama-3.1-70b,0.8047723027847471,9
chat_0shot,samples,6,11,raw,llm_qwen2.5-72b,0.8043978970188108,9
chat_0shot,samples,6,11,raw,squad_token_f1,0.7693860022615224,8
chat_0shot,samples,6,11,surface,llm_llama-3.1-70b,0.7850120496331541,9
chat_0shot,samples,6,11,surface,llm_qwen2.5-72b,0.8005750389206926,9
chat_0shot,samples,6,11,surface,squad_token_f1,0.8315186876556453,8
chat_0shot,samples,6,12,normalized,llm_llama-3.1-70b,0.8006024749447241,9
chat_0shot,samples,6,12,normalized,llm_qwen2.5-72b,0.7924734751409857,9
chat_0shot,samples,6,12,normalized,squad_token_f1,0.8169939963301494,8
chat_0shot,samples,6,12,raw,llm_llama-3.1-70b,0.7884220885148587,9
chat_0shot,samples,6,12,raw,llm_qwen2.5-72b,0.7884445036765216,9
chat_0shot,samples,6,12,raw,squad_token_f1,0.745989753181684,8
chat_0shot,samples,6,12,surface,llm_llama-3.1-70b,0.7700048908142472,9
chat_0shot,samples,6,12,surface,llm_qwen2.5-72b,0.7764979561730957,9
chat_0shot,samples,6,12,surface,squad_token_f1,0.7971218125297999,8
chat_0shot,samples,6,13,normalized,llm_llama-3.1-70b,0.796638120852481,9
chat_0shot,samples,6,13,normalized,llm_qwen2.5-72b,0.7584453401159048,9
chat_0shot,samples,6,13,normalized,squad_token_f1,0.8135575688839644,8
chat_0shot,samples,6,13,raw,llm_llama-3.1-70b,0.7512225166536879,9
chat_0shot,samples,6,13,raw,llm_qwen2.5-72b,0.73668305579822,9
chat_0shot,samples,6,13,raw,squad_token_f1,0.7548027079191757,8
chat_0shot,samples,6,13,surface,llm_llama-3.1-70b,0.7814399013317977,9
chat_0shot,samples,6,13,surface,llm_qwen2.5-72b,0.769916467573779,9
chat_0shot,samples,6,13,surface,squad_token_f1,0.8062840853780008,8
chat_0shot,samples,6,14,normalized,llm_llama-3.1-70b,0.7991142665834932,9
chat_0shot,samples,6,14,normalized,llm_qwen2.5-72b,0.7783009092679959,9
chat_0shot,samples,6,14,normalized,squad_token_f1,0.8252974768178839,8
chat_0shot,samples,6,14,raw,llm_llama-3.1-70b,0.7929718829540158,9
chat_0shot,samples,6,14,raw,llm_qwen2.5-72b,0.7598518756741662,9
chat_0shot,samples,6,14,raw,squad_token_f1,0.7867738927328037,8
chat_0shot,samples,6,14,surface,llm_llama-3.1-70b,0.7577148180349256,9
chat_0shot,samples,6,14,surface,llm_qwen2.5-72b,0.7640483341539257,9
chat_0shot,samples,6,14,surface,squad_token_f1,0.8109342235288625,8
chat_0shot,samples,6,15,normalized,llm_llama-3.1-70b,0.8129115476014097,9
chat_0shot,samples,6,15,normalized,llm_qwen2.5-72b,0.7865108593687773,9
chat_0shot,samples,6,15,normalized,squad_token_f1,0.8223193465559321,8
chat_0shot,samples,6,15,raw,llm_llama-3.1-70b,0.7962097456087462,9
chat_0shot,samples,6,15,raw,llm_qwen2.5-72b,0.765535013453091,9
chat_0shot,samples,6,15,raw,squad_token_f1,0.8086656624800989,8
chat_0shot,samples,6,15,surface,llm_llama-3.1-70b,0.7616716428991459,9
chat_0shot,samples,6,15,surface,llm_qwen2.5-72b,0.7673987498595828,9
chat_0shot,samples,6,15,surface,squad_token_f1,0.7961301093842625,8
chat_0shot,samples,6,16,normalized,llm_llama-3.1-70b,0.7910988381231348,9
chat_0shot,samples,6,16,normalized,llm_qwen2.5-72b,0.7678475988824255,9
chat_0shot,samples,6,16,normalized,squad_token_f1,0.8291911394749092,8
chat_0shot,samples,6,16,raw,llm_llama-3.1-70b,0.7651699680656772,9
chat_0shot,samples,6,16,raw,llm_qwen2.5-72b,0.7492963347175936,9
chat_0shot,samples,6,16,raw,squad_token_f1,0.7633590196426505,8
chat_0shot,samples,6,16,surface,llm_llama-3.1-70b,0.7655541533953962,9
chat_0shot,samples,6,16,surface,llm_qwen2.5-72b,0.750818442640907,9
chat_0shot,samples,6,16,surface,squad_token_f1,0.8004316624960526,8
chat_0shot,samples,6,17,normalized,llm_llama-3.1-70b,0.7875498473141269,9
chat_0shot,samples,6,17,normalized,llm_qwen2.5-72b,0.7752757320530081,9
chat_0shot,samples,6,17,normalized,squad_token_f1,0.8177671626271917,8
chat_0shot,samples,6,17,raw,llm_llama-3.1-70b,0.7368209265820922,9
chat_0shot,samples,6,17,raw,llm_qwen2.5-72b,0.7152357993440924,9
chat_0shot,samples,6,17,raw,squad_token_f1,0.7236108160587678,8
chat_0shot,samples,6,17,surface,llm_llama-3.1-70b,0.7583943560701872,9
chat_0shot,samples,6,17,surface,llm_qwen2.5-72b,0.7634457697438858,9
chat_0shot,samples,6,17,surface,squad_token_f1,0.8085894378897938,8
chat_0shot,samples,6,18,normalized,llm_llama-3.1-70b,0.801981327521443,9
chat_0shot,samples,6,18,normalized,llm_qwen2.5-72b,0.7930054460840713,9
chat_0shot,samples,6,18,normalized,squad_token_f1,0.8144163035242196,8
chat_0shot,samples,6,18,raw,llm_llama-3.1-70b,0.7497224482757304,9
chat_0shot,samples,6,18,raw,llm_qwen2.5-72b,0.7476659191071847,9
chat_0shot,samples,6,18,raw,squad_token_f1,0.7518510212280404,8
chat_0shot,samples,6,18,surface,llm_llama-3.1-70b,0.7528900457433066,9
chat_0shot,samples,6,18,surface,llm_qwen2.5-72b,0.7560870020464789,9
chat_0shot,samples,6,18,surface,squad_token_f1,0.793888684626671,8
chat_0shot,samples,6,19,normalized,llm_llama-3.1-70b,0.7977390446310239,9
chat_0shot,samples,6,19,normalized,llm_qwen2.5-72b,0.7763956293697256,9
chat_0shot,samples,6,19,normalized,squad_token_f1,0.8151129538042523,8
chat_0shot,samples,6,19,raw,llm_llama-3.1-70b,0.762101835095903,9
chat_0shot,samples,6,19,raw,llm_qwen2.5-72b,0.7503438011004929,9
chat_0shot,samples,6,19,raw,squad_token_f1,0.7663843967924472,8
chat_0shot,samples,6,19,surface,llm_llama-3.1-70b,0.7491527631084915,9
chat_0shot,samples,6,19,surface,llm_qwen2.5-72b,0.7524481875324226,9
chat_0shot,samples,6,19,surface,squad_token_f1,0.8001037704608943,8
chat_0shot,samples,6,20,normalized,llm_llama-3.1-70b,0.7908693520452899,9
chat_0shot,samples,6,20,normalized,llm_qwen2.5-72b,0.7862603438223481,9
chat_0shot,samples,6,20,normalized,squad_token_f1,0.8199836327862896,8
chat_0shot,samples,6,20,raw,llm_llama-3.1-70b,0.7689171900960998,9
chat_0shot,samples,6,20,raw,llm_qwen2.5-72b,0.7684255933944735,9
chat_0shot,samples,6,20,raw,squad_token_f1,0.7826280987354076,8
chat_0shot,samples,6,20,surface,llm_llama-3.1-70b,0.7227658555852527,9
chat_0shot,samples,6,20,surface,llm_qwen2.5-72b,0.7411819447299947,9
chat_0shot,samples,6,20,surface,squad_token_f1,0.7770180018626283,8
chat_0shot,samples,6,21,normalized,llm_llama-3.1-70b,0.7862896069861116,9
chat_0shot,samples,6,21,normalized,llm_qwen2.5-72b,0.7701187934575161,9
chat_0shot,samples,6,21,normalized,squad_token_f1,0.8121250974068059,8
chat_0shot,samples,6,21,raw,llm_llama-3.1-70b,0.7820834452227841,9
chat_0shot,samples,6,21,raw,llm_qwen2.5-72b,0.7658683561951636,9
chat_0shot,samples,6,21,raw,squad_token_f1,0.7837571975526837,8
chat_0shot,samples,6,21,surface,llm_llama-3.1-70b,0.7435993244070823,9
chat_0shot,samples,6,21,surface,llm_qwen2.5-72b,0.749697646234778,9
chat_0shot,samples,6,21,surface,squad_token_f1,0.8007165281691632,8
chat_0shot,samples,6,22,normalized,llm_llama-3.1-70b,0.778632798961692,9
chat_0shot,samples,6,22,normalized,llm_qwen2.5-72b,0.7664776071819771,9
chat_0shot,samples,6,22,normalized,squad_token_f1,0.806954867587923,8
chat_0shot,samples,6,22,raw,llm_llama-3.1-70b,0.7420423647733726,9
chat_0shot,samples,6,22,raw,llm_qwen2.5-72b,0.7474451874800994,9
chat_0shot,samples,6,22,raw,squad_token_f1,0.7117038497290368,8
chat_0shot,samples,6,22,surface,llm_llama-3.1-70b,0.7402095151168634,9
chat_0shot,samples,6,22,surface,llm_qwen2.5-72b,0.7557417800431477,9
chat_0shot,samples,6,22,surface,squad_token_f1,0.7788138946534185,8
chat_0shot,samples,6,23,normalized,llm_llama-3.1-70b,0.7913354054760349,9
chat_0shot,samples,6,23,normalized,llm_qwen2.5-72b,0.7832386670200779,9
chat_0shot,samples,6,23,normalized,squad_token_f1,0.8283677892481441,8
chat_0shot,samples,6,23,raw,llm_llama-3.1-70b,0.7677556900252979,9
chat_0shot,samples,6,23,raw,llm_qwen2.5-72b,0.7653610997474847,9
chat_0shot,samples,6,23,raw,squad_token_f1,0.7779382245165619,8
chat_0shot,samples,6,23,surface,llm_llama-3.1-70b,0.766288765805674,9
chat_0shot,samples,6,23,surface,llm_qwen2.5-72b,0.7576028738546761,9
chat_0shot,samples,6,23,surface,squad_token_f1,0.8001752701066203,8
chat_0shot,samples,6,24,normalized,llm_llama-3.1-70b,0.8126037955563744,9
chat_0shot,samples,6,24,normalized,llm_qwen2.5-72b,0.7943725888529193,9
chat_0shot,samples,6,24,normalized,squad_token_f1,0.8315401452037229,8
chat_0shot,samples,6,24,raw,llm_llama-3.1-70b,0.7744119193116777,9
chat_0shot,samples,6,24,raw,llm_qwen2.5-72b,0.7624766553236152,9
chat_0shot,samples,6,24,raw,squad_token_f1,0.7637379007973973,8
chat_0shot,samples,6,24,surface,llm_llama-3.1-70b,0.766408894634006,9
chat_0shot,samples,6,24,surface,llm_qwen2.5-72b,0.7606258741370111,9
chat_0shot,samples,6,24,surface,squad_token_f1,0.8004786052631769,8
chat_0shot,samples,6,25,normalized,llm_llama-3.1-70b,0.8228837508653626,9
chat_0shot,samples,6,25,normalized,llm_qwen2.5-72b,0.8182904862900551,9
chat_0shot,samples,6,25,normalized,squad_token_f1,0.8150762503414974,8
chat_0shot,samples,6,25,raw,llm_llama-3.1-70b,0.7833691748283607,9
chat_0shot,samples,6,25,raw,llm_qwen2.5-72b,0.7776855619590866,9
chat_0shot,samples,6,25,raw,squad_token_f1,0.7384779251637383,8
chat_0shot,samples,6,25,surface,llm_llama-3.1-70b,0.7804529441633377,9
chat_0shot,samples,6,25,surface,llm_qwen2.5-72b,0.7864760354673906,9
chat_0shot,samples,6,25,surface,squad_token_f1,0.8089238107601532,8
chat_0shot,samples,6,26,normalized,llm_llama-3.1-70b,0.8219221317516643,9
chat_0shot,samples,6,26,normalized,llm_qwen2.5-72b,0.7939772204911885,9
chat_0shot,samples,6,26,normalized,squad_token_f1,0.8129764659609272,8
chat_0shot,samples,6,26,raw,llm_llama-3.1-70b,0.783071640572493,9
chat_0shot,samples,6,26,raw,llm_qwen2.5-72b,0.7734596559494913,9
chat_0shot,samples,6,26,raw,squad_token_f1,0.7391789555301005,8
chat_0shot,samples,6,26,surface,llm_llama-3.1-70b,0.7643341297975071,9
chat_0shot,samples,6,26,surface,llm_qwen2.5-72b,0.7633238943895673,9
chat_0shot,samples,6,26,surface,squad_token_f1,0.7929667001522231,8
chat_0shot,samples,6,27,normalized,llm_llama-3.1-70b,0.7943736679141149,9
chat_0shot,samples,6,27,normalized,llm_qwen2.5-72b,0.7653531277865057,9
chat_0shot,samples,6,27,normalized,squad_token_f1,0.8284409838549794,8
chat_0shot,samples,6,27,raw,llm_llama-3.1-70b,0.8162479944184619,9
chat_0shot,samples,6,27,raw,llm_qwen2.5-72b,0.7838447691144244,9
chat_0shot,samples,6,27,raw,squad_token_f1,0.8236638989288656,8
chat_0shot,samples,6,27,surface,llm_llama-3.1-70b,0.7673169542463613,9
chat_0shot,samples,6,27,surface,llm_qwen2.5-72b,0.7728291702909785,9
chat_0shot,samples,6,27,surface,squad_token_f1,0.809062687943082,8
chat_0shot,samples,6,28,normalized,llm_llama-3.1-70b,0.826170164028836,9
chat_0shot,samples,6,28,normalized,llm_qwen2.5-72b,0.81048981325898,9
chat_0shot,samples,6,28,normalized,squad_token_f1,0.8313523914509775,8
chat_0shot,samples,6,28,raw,llm_llama-3.1-70b,0.7907038605455532,9
chat_0shot,samples,6,28,raw,llm_qwen2.5-72b,0.7880030198342406,9
chat_0shot,samples,6,28,raw,squad_token_f1,0.7788297001286496,8
chat_0shot,samples,6,28,surface,llm_llama-3.1-70b,0.7710636299229768,9
chat_0shot,samples,6,28,surface,llm_qwen2.5-72b,0.7550106768335644,9
chat_0shot,samples,6,28,surface,squad_token_f1,0.8123520243655931,8
chat_0shot,samples,6,29,normalized,llm_llama-3.1-70b,0.7948443750458054,9
chat_0shot,samples,6,29,normalized,llm_qwen2.5-72b,0.7866282432353859,9
chat_0shot,samples,6,29,normalized,squad_token_f1,0.8427449053089,8
chat_0shot,samples,6,29,raw,llm_llama-3.1-70b,0.8037097696559665,9
chat_0shot,samples,6,29,raw,llm_qwen2.5-72b,0.7828827165359256,9
chat_0shot,samples,6,29,raw,squad_token_f1,0.7934344569103271,8
chat_0shot,samples,6,29,surface,llm_llama-3.1-70b,0.7516536389766829,9
chat_0shot,samples,6,29,surface,llm_qwen2.5-72b,0.7470477908304219,9
chat_0shot,samples,6,29,surface,squad_token_f1,0.8021482690203104,8
chat_0shot,samples,6,30,normalized,llm_llama-3.1-70b,0.7564742283531357,9
chat_0shot,samples,6,30,normalized,llm_qwen2.5-72b,0.7556576338885689,9
chat_0shot,samples,6,30,normalized,squad_token_f1,0.8069633556566101,8
chat_0shot,samples,6,30,raw,llm_llama-3.1-70b,0.7196010883116476,9
chat_0shot,samples,6,30,raw,llm_qwen2.5-72b,0.7171057764706217,9
chat_0shot,samples,6,30,raw,squad_token_f1,0.7343177440720361,8
chat_0shot,samples,6,30,surface,llm_llama-3.1-70b,0.723136329710463,9
chat_0shot,samples,6,30,surface,llm_qwen2.5-72b,0.742956617220321,9
chat_0shot,samples,6,30,surface,squad_token_f1,0.7892266516949558,8
chat_0shot,samples,6,31,normalized,llm_llama-3.1-70b,0.7740005210632638,9
chat_0shot,samples,6,31,normalized,llm_qwen2.5-72b,0.7726970738491649,9
chat_0shot,samples,6,31,normalized,squad_token_f1,0.8074729127601388,8
chat_0shot,samples,6,31,raw,llm_llama-3.1-70b,0.7350022772910312,9
chat_0shot,samples,6,31,raw,llm_qwen2.5-72b,0.7437563858233407,9
chat_0shot,samples,6,31,raw,squad_token_f1,0.7469908230331698,8
chat_0shot,samples,6,31,surface,llm_llama-3.1-70b,0.7476618649717068,9
chat_0shot,samples,6,31,surface,llm_qwen2.5-72b,0.7465340694499023,9
chat_0shot,samples,6,31,surface,squad_token_f1,0.8054584721502936,8
chat_0shot,samples,6,32,normalized,llm_llama-3.1-70b,0.7735669280787448,9
chat_0shot,samples,6,32,normalized,llm_qwen2.5-72b,0.7709242707887146,9
chat_0shot,samples,6,32,normalized,squad_token_f1,0.816263151261714,8
chat_0shot,samples,6,32,raw,llm_llama-3.1-70b,0.7221251875201269,9
chat_0shot,samples,6,32,raw,llm_qwen2.5-72b,0.7175891264095393,9
chat_0shot,samples,6,32,raw,squad_token_f1,0.7740156040074294,8
chat_0shot,samples,6,32,surface,llm_llama-3.1-70b,0.7451829097109479,9
chat_0shot,samples,6,32,surface,llm_qwen2.5-72b,0.752357255202262,9
chat_0shot,samples,6,32,surface,squad_token_f1,0.7929104607304763,8
chat_0shot,samples,6,33,normalized,llm_llama-3.1-70b,0.771773811070735,9
chat_0shot,samples,6,33,normalized,llm_qwen2.5-72b,0.751544495170754,9
chat_0shot,samples,6,33,normalized,squad_token_f1,0.7960034089703502,8
chat_0shot,samples,6,33,raw,llm_llama-3.1-70b,0.753264222740447,9
chat_0shot,samples,6,33,raw,llm_qwen2.5-72b,0.7544466239762195,9
chat_0shot,samples,6,33,raw,squad_token_f1,0.6996450507350078,8
chat_0shot,samples,6,33,surface,llm_llama-3.1-70b,0.7518326560257862,9
chat_0shot,samples,6,33,surface,llm_qwen2.5-72b,0.7492664708392768,9
chat_0shot,samples,6,33,surface,squad_token_f1,0.7933443250032798,8
chat_0shot,samples,6,34,normalized,llm_llama-3.1-70b,0.8137653120024176,9
chat_0shot,samples,6,34,normalized,llm_qwen2.5-72b,0.8131222082572552,9
chat_0shot,samples,6,34,normalized,squad_token_f1,0.8466809924091565,8
chat_0shot,samples,6,34,raw,llm_llama-3.1-70b,0.7864126656525775,9
chat_0shot,samples,6,34,raw,llm_qwen2.5-72b,0.799054772454443,9
chat_0shot,samples,6,34,raw,squad_token_f1,0.788158108356928,8
chat_0shot,samples,6,34,surface,llm_llama-3.1-70b,0.7669565411600318,9
chat_0shot,samples,6,34,surface,llm_qwen2.5-72b,0.7774367327320744,9
chat_0shot,samples,6,34,surface,squad_token_f1,0.7982790200824607,8
chat_0shot,samples,6,35,normalized,llm_llama-3.1-70b,0.82350136198829,9
chat_0shot,samples,6,35,normalized,llm_qwen2.5-72b,0.8377909935235905,9
chat_0shot,samples,6,35,normalized,squad_token_f1,0.8205823223970645,8
chat_0shot,samples,6,35,raw,llm_llama-3.1-70b,0.7923302985114934,9
chat_0shot,samples,6,35,raw,llm_qwen2.5-72b,0.7993303460746589,9
chat_0shot,samples,6,35,raw,squad_token_f1,0.7735009335586466,8
chat_0shot,samples,6,35,surface,llm_llama-3.1-70b,0.7623230568188297,9
chat_0shot,samples,6,35,surface,llm_qwen2.5-72b,0.7737892851580023,9
chat_0shot,samples,6,35,surface,squad_token_f1,0.7972884627132338,8
chat_0shot,samples,6,36,normalized,llm_llama-3.1-70b,0.7697343977683562,9
chat_0shot,samples,6,36,normalized,llm_qwen2.5-72b,0.7580800712423544,9
chat_0shot,samples,6,36,normalized,squad_token_f1,0.8285791428950207,8
chat_0shot,samples,6,36,raw,llm_llama-3.1-70b,0.7600176242125186,9
chat_0shot,samples,6,36,raw,llm_qwen2.5-72b,0.7483585370828794,9
chat_0shot,samples,6,36,raw,squad_token_f1,0.7907979307172012,8
chat_0shot,samples,6,36,surface,llm_llama-3.1-70b,0.7624626151746191,9
chat_0shot,samples,6,36,surface,llm_qwen2.5-72b,0.7679985565237506,9
chat_0shot,samples,6,36,surface,squad_token_f1,0.8153465610682963,8
chat_0shot,samples,6,37,normalized,llm_llama-3.1-70b,0.7958786905447178,9
chat_0shot,samples,6,37,normalized,llm_qwen2.5-72b,0.7856934828561251,9
chat_0shot,samples,6,37,normalized,squad_token_f1,0.8331307890152242,8
chat_0shot,samples,6,37,raw,llm_llama-3.1-70b,0.7783652704946988,9
chat_0shot,samples,6,37,raw,llm_qwen2.5-72b,0.7783841766483616,9
chat_0shot,samples,6,37,raw,squad_token_f1,0.7672694972617503,8
chat_0shot,samples,6,37,surface,llm_llama-3.1-70b,0.7669512439766772,9
chat_0shot,samples,6,37,surface,llm_qwen2.5-72b,0.7700542105418484,9
chat_0shot,samples,6,37,surface,squad_token_f1,0.7912505895947055,8
chat_0shot,samples,6,38,normalized,llm_llama-3.1-70b,0.7888571020009638,9
chat_0shot,samples,6,38,normalized,llm_qwen2.5-72b,0.7729012964783737,9
chat_0shot,samples,6,38,normalized,squad_token_f1,0.8070614719826845,8
chat_0shot,samples,6,38,raw,llm_llama-3.1-70b,0.7578560593636136,9
chat_0shot,samples,6,38,raw,llm_qwen2.5-72b,0.7619644555606016,9
chat_0shot,samples,6,38,raw,squad_token_f1,0.7482291408130112,8
chat_0shot,samples,6,38,surface,llm_llama-3.1-70b,0.7593526174112515,9
chat_0shot,samples,6,38,surface,llm_qwen2.5-72b,0.7363170113551832,9
chat_0shot,samples,6,38,surface,squad_token_f1,0.7967143437762311,8
chat_0shot,samples,6,39,normalized,llm_llama-3.1-70b,0.780390963402579,9
chat_0shot,samples,6,39,normalized,llm_qwen2.5-72b,0.7654129245479235,9
chat_0shot,samples,6,39,normalized,squad_token_f1,0.8177153423834084,8
chat_0shot,samples,6,39,raw,llm_llama-3.1-70b,0.7533430127394559,9
chat_0shot,samples,6,39,raw,llm_qwen2.5-72b,0.7394151269349224,9
chat_0shot,samples,6,39,raw,squad_token_f1,0.7498343898789296,8
chat_0shot,samples,6,39,surface,llm_llama-3.1-70b,0.7524312883451962,9
chat_0shot,samples,6,39,surface,llm_qwen2.5-72b,0.7645098823885399,9
chat_0shot,samples,6,39,surface,squad_token_f1,0.7624546464159664,8
chat_0shot,samples,6,40,normalized,llm_llama-3.1-70b,0.8154415154833834,9
chat_0shot,samples,6,40,normalized,llm_qwen2.5-72b,0.8012880845337054,9
chat_0shot,samples,6,40,normalized,squad_token_f1,0.8319805263245386,8
chat_0shot,samples,6,40,raw,llm_llama-3.1-70b,0.7787893873949927,9
chat_0shot,samples,6,40,raw,llm_qwen2.5-72b,0.7781568647832932,9
chat_0shot,samples,6,40,raw,squad_token_f1,0.7733460104770804,8
chat_0shot,samples,6,40,surface,llm_llama-3.1-70b,0.7767415299521958,9
chat_0shot,samples,6,40,surface,llm_qwen2.5-72b,0.7808846134674278,9
chat_0shot,samples,6,40,surface,squad_token_f1,0.7925858429906053,8
chat_0shot,samples,6,41,normalized,llm_llama-3.1-70b,0.7935653590915976,9
chat_0shot,samples,6,41,normalized,llm_qwen2.5-72b,0.77660718710086,9
chat_0shot,samples,6,41,normalized,squad_token_f1,0.834474521887693,8
chat_0shot,samples,6,41,raw,llm_llama-3.1-70b,0.7655410594478512,9
chat_0shot,samples,6,41,raw,llm_qwen2.5-72b,0.770823690216537,9
chat_0shot,samples,6,41,raw,squad_token_f1,0.7905931335220271,8
chat_0shot,samples,6,41,surface,llm_llama-3.1-70b,0.7437500394441878,9
chat_0shot,samples,6,41,surface,llm_qwen2.5-72b,0.7500625181884498,9
chat_0shot,samples,6,41,surface,squad_token_f1,0.7946119757216613,8
chat_0shot,samples,6,42,normalized,llm_llama-3.1-70b,0.7860546641891957,9
chat_0shot,samples,6,42,normalized,llm_qwen2.5-72b,0.7713191208014317,9
chat_0shot,samples,6,42,normalized,squad_token_f1,0.8368132684599683,8
chat_0shot,samples,6,42,raw,llm_llama-3.1-70b,0.7486948686056032,9
chat_0shot,samples,6,42,raw,llm_qwen2.5-72b,0.7595375725833722,9
chat_0shot,samples,6,42,raw,squad_token_f1,0.7683867714571502,8
chat_0shot,samples,6,42,surface,llm_llama-3.1-70b,0.7647095509033678,9
chat_0shot,samples,6,42,surface,llm_qwen2.5-72b,0.7608978550687694,9
chat_0shot,samples,6,42,surface,squad_token_f1,0.8106719504780594,8
chat_0shot,samples,6,43,normalized,llm_llama-3.1-70b,0.7987302976498416,9
chat_0shot,samples,6,43,normalized,llm_qwen2.5-72b,0.7890129843950725,9
chat_0shot,samples,6,43,normalized,squad_token_f1,0.8327402265518516,8
chat_0shot,samples,6,43,raw,llm_llama-3.1-70b,0.7760563251822606,9
chat_0shot,samples,6,43,raw,llm_qwen2.5-72b,0.7767309870076305,9
chat_0shot,samples,6,43,raw,squad_token_f1,0.7737841289188697,8
chat_0shot,samples,6,43,surface,llm_llama-3.1-70b,0.7661708483818814,9
chat_0shot,samples,6,43,surface,llm_qwen2.5-72b,0.7559767090188898,9
chat_0shot,samples,6,43,surface,squad_token_f1,0.8077994208780443,8
chat_0shot,samples,6,44,normalized,llm_llama-3.1-70b,0.8108363458958325,9
chat_0shot,samples,6,44,normalized,llm_qwen2.5-72b,0.8006846715546525,9
chat_0shot,samples,6,44,normalized,squad_token_f1,0.8364576257412959,8
chat_0shot,samples,6,44,raw,llm_llama-3.1-70b,0.7697622509551325,9
chat_0shot,samples,6,44,raw,llm_qwen2.5-72b,0.7690766080368714,9
chat_0shot,samples,6,44,raw,squad_token_f1,0.7569695348206082,8
chat_0shot,samples,6,44,surface,llm_llama-3.1-70b,0.7831120132240241,9
chat_0shot,samples,6,44,surface,llm_qwen2.5-72b,0.7828452973245024,9
chat_0shot,samples,6,44,surface,squad_token_f1,0.806966067151433,8
chat_0shot,samples,6,45,normalized,llm_llama-3.1-70b,0.7777593717703716,9
chat_0shot,samples,6,45,normalized,llm_qwen2.5-72b,0.7752221522922436,9
chat_0shot,samples,6,45,normalized,squad_token_f1,0.7975667255528203,8
chat_0shot,samples,6,45,raw,llm_llama-3.1-70b,0.7765682761639828,9
chat_0shot,samples,6,45,raw,llm_qwen2.5-72b,0.7694019194613294,9
chat_0shot,samples,6,45,raw,squad_token_f1,0.724221633328624,8
chat_0shot,samples,6,45,surface,llm_llama-3.1-70b,0.7546350642291132,9
chat_0shot,samples,6,45,surface,llm_qwen2.5-72b,0.7535392500721554,9
chat_0shot,samples,6,45,surface,squad_token_f1,0.7785849622481543,8
chat_0shot,samples,6,46,normalized,llm_llama-3.1-70b,0.7806704863001396,9
chat_0shot,samples,6,46,normalized,llm_qwen2.5-72b,0.7885442204889248,9
chat_0shot,samples,6,46,normalized,squad_token_f1,0.810930647500635,8
chat_0shot,samples,6,46,raw,llm_llama-3.1-70b,0.7589680996130509,9
chat_0shot,samples,6,46,raw,llm_qwen2.5-72b,0.7540710234067922,9
chat_0shot,samples,6,46,raw,squad_token_f1,0.7717983020769328,8
chat_0shot,samples,6,46,surface,llm_llama-3.1-70b,0.7420593956267562,9
chat_0shot,samples,6,46,surface,llm_qwen2.5-72b,0.7586048629684419,9
chat_0shot,samples,6,46,surface,squad_token_f1,0.8001688358828101,8
chat_0shot,samples,6,47,normalized,llm_llama-3.1-70b,0.8093762737990856,9
chat_0shot,samples,6,47,normalized,llm_qwen2.5-72b,0.7838038731337384,9
chat_0shot,samples,6,47,normalized,squad_token_f1,0.8071550397227011,8
chat_0shot,samples,6,47,raw,llm_llama-3.1-70b,0.797815015948849,9
chat_0shot,samples,6,47,raw,llm_qwen2.5-72b,0.7777555033039165,9
chat_0shot,samples,6,47,raw,squad_token_f1,0.7369065102079233,8
chat_0shot,samples,6,47,surface,llm_llama-3.1-70b,0.7631828287696432,9
chat_0shot,samples,6,47,surface,llm_qwen2.5-72b,0.7638783065331315,9
chat_0shot,samples,6,47,surface,squad_token_f1,0.8163024901791895,8
chat_0shot,samples,6,48,normalized,llm_llama-3.1-70b,0.8142903891086969,9
chat_0shot,samples,6,48,normalized,llm_qwen2.5-72b,0.7961195421366161,9
chat_0shot,samples,6,48,normalized,squad_token_f1,0.8133499518631897,8
chat_0shot,samples,6,48,raw,llm_llama-3.1-70b,0.786141289688178,9
chat_0shot,samples,6,48,raw,llm_qwen2.5-72b,0.7649358566622885,9
chat_0shot,samples,6,48,raw,squad_token_f1,0.7377344945632022,8
chat_0shot,samples,6,48,surface,llm_llama-3.1-70b,0.7558981087858847,9
chat_0shot,samples,6,48,surface,llm_qwen2.5-72b,0.7630687013301853,9
chat_0shot,samples,6,48,surface,squad_token_f1,0.7885649050913275,8
chat_0shot,samples,6,49,normalized,llm_llama-3.1-70b,0.807924155713182,9
chat_0shot,samples,6,49,normalized,llm_qwen2.5-72b,0.7928972530515189,9
chat_0shot,samples,6,49,normalized,squad_token_f1,0.8134436560410503,8
chat_0shot,samples,6,49,raw,llm_llama-3.1-70b,0.7854990760518255,9
chat_0shot,samples,6,49,raw,llm_qwen2.5-72b,0.7749380031123555,9
chat_0shot,samples,6,49,raw,squad_token_f1,0.7590242619781631,8
chat_0shot,samples,6,49,surface,llm_llama-3.1-70b,0.7619048177579247,9
chat_0shot,samples,6,49,surface,llm_qwen2.5-72b,0.7800906095979313,9
chat_0shot,samples,6,49,surface,squad_token_f1,0.801068735043712,8
chat_0shot,samples,8,0,normalized,llm_llama-3.1-70b,0.8159303741219295,9
chat_0shot,samples,8,0,normalized,llm_qwen2.5-72b,0.8094285481512515,9
chat_0shot,samples,8,0,normalized,squad_token_f1,0.8326129539160538,8
chat_0shot,samples,8,0,raw,llm_llama-3.1-70b,0.8026336226536804,9
chat_0shot,samples,8,0,raw,llm_qwen2.5-72b,0.7984011424123616,9
chat_0shot,samples,8,0,raw,squad_token_f1,0.7759380407179712,8
chat_0shot,samples,8,0,surface,llm_llama-3.1-70b,0.7699243165066789,9
chat_0shot,samples,8,0,surface,llm_qwen2.5-72b,0.7774074245959669,9
chat_0shot,samples,8,0,surface,squad_token_f1,0.8094078527043863,8
chat_0shot,samples,8,1,normalized,llm_llama-3.1-70b,0.812066718053504,9
chat_0shot,samples,8,1,normalized,llm_qwen2.5-72b,0.8046202340277205,9
chat_0shot,samples,8,1,normalized,squad_token_f1,0.8371407542069812,8
chat_0shot,samples,8,1,raw,llm_llama-3.1-70b,0.8038179226120166,9
chat_0shot,samples,8,1,raw,llm_qwen2.5-72b,0.7902959563300607,9
chat_0shot,samples,8,1,raw,squad_token_f1,0.7836472776483279,8
chat_0shot,samples,8,1,surface,llm_llama-3.1-70b,0.7694563735282571,9
chat_0shot,samples,8,1,surface,llm_qwen2.5-72b,0.778595892481132,9
chat_0shot,samples,8,1,surface,squad_token_f1,0.8061872444682351,8
chat_0shot,samples,8,2,normalized,llm_llama-3.1-70b,0.8064290051459702,9
chat_0shot,samples,8,2,normalized,llm_qwen2.5-72b,0.7947477929468614,9
chat_0shot,samples,8,2,normalized,squad_token_f1,0.8387299444579404,8
chat_0shot,samples,8,2,raw,llm_llama-3.1-70b,0.7976368541133508,9
chat_0shot,samples,8,2,raw,llm_qwen2.5-72b,0.7926019698217623,9
chat_0shot,samples,8,2,raw,squad_token_f1,0.8074571654847502,8
chat_0shot,samples,8,2,surface,llm_llama-3.1-70b,0.7721564576530475,9
chat_0shot,samples,8,2,surface,llm_qwen2.5-72b,0.7665672005090021,9
chat_0shot,samples,8,2,surface,squad_token_f1,0.8058441260756302,8
chat_0shot,samples,8,3,normalized,llm_llama-3.1-70b,0.8217987803837832,9
chat_0shot,samples,8,3,normalized,llm_qwen2.5-72b,0.8007643243602031,9
chat_0shot,samples,8,3,normalized,squad_token_f1,0.8380719949481938,8
chat_0shot,samples,8,3,raw,llm_llama-3.1-70b,0.7966994575429027,9
chat_0shot,samples,8,3,raw,llm_qwen2.5-72b,0.7883037876421825,9
chat_0shot,samples,8,3,raw,squad_token_f1,0.7754018974185649,8
chat_0shot,samples,8,3,surface,llm_llama-3.1-70b,0.7891386624980449,9
chat_0shot,samples,8,3,surface,llm_qwen2.5-72b,0.7747634116068256,9
chat_0shot,samples,8,3,surface,squad_token_f1,0.8064161552415846,8
chat_0shot,samples,8,4,normalized,llm_llama-3.1-70b,0.8082612114791001,9
chat_0shot,samples,8,4,normalized,llm_qwen2.5-72b,0.7952765249491704,9
chat_0shot,samples,8,4,normalized,squad_token_f1,0.8338207949509311,8
chat_0shot,samples,8,4,raw,llm_llama-3.1-70b,0.7975752797216992,9
chat_0shot,samples,8,4,raw,llm_qwen2.5-72b,0.7974607100475413,9
chat_0shot,samples,8,4,raw,squad_token_f1,0.7621486245707835,8
chat_0shot,samples,8,4,surface,llm_llama-3.1-70b,0.7889579197115073,9
chat_0shot,samples,8,4,surface,llm_qwen2.5-72b,0.7877905796444624,9
chat_0shot,samples,8,4,surface,squad_token_f1,0.813352150851646,8
chat_0shot,samples,8,5,normalized,llm_llama-3.1-70b,0.8086575895687149,9
chat_0shot,samples,8,5,normalized,llm_qwen2.5-72b,0.7993733871290911,9
chat_0shot,samples,8,5,normalized,squad_token_f1,0.8321776953816301,8
chat_0shot,samples,8,5,raw,llm_llama-3.1-70b,0.7859637543333668,9
chat_0shot,samples,8,5,raw,llm_qwen2.5-72b,0.7839736128519781,9
chat_0shot,samples,8,5,raw,squad_token_f1,0.7754303325361496,8
chat_0shot,samples,8,5,surface,llm_llama-3.1-70b,0.7700032259659166,9
chat_0shot,samples,8,5,surface,llm_qwen2.5-72b,0.778547733905463,9
chat_0shot,samples,8,5,surface,squad_token_f1,0.8057604846207927,8
chat_0shot,samples,8,6,normalized,llm_llama-3.1-70b,0.8036916177153934,9
chat_0shot,samples,8,6,normalized,llm_qwen2.5-72b,0.7927933238678516,9
chat_0shot,samples,8,6,normalized,squad_token_f1,0.835021656429554,8
chat_0shot,samples,8,6,raw,llm_llama-3.1-70b,0.7915415940961077,9
chat_0shot,samples,8,6,raw,llm_qwen2.5-72b,0.7818308683773261,9
chat_0shot,samples,8,6,raw,squad_token_f1,0.7904859726634331,8
chat_0shot,samples,8,6,surface,llm_llama-3.1-70b,0.7771483515953418,9
chat_0shot,samples,8,6,surface,llm_qwen2.5-72b,0.7713177254574145,9
chat_0shot,samples,8,6,surface,squad_token_f1,0.8148921477019695,8
chat_0shot,samples,8,7,normalized,llm_llama-3.1-70b,0.8098075825386377,9
chat_0shot,samples,8,7,normalized,llm_qwen2.5-72b,0.8028571029279339,9
chat_0shot,samples,8,7,normalized,squad_token_f1,0.8529454199696591,8
chat_0shot,samples,8,7,raw,llm_llama-3.1-70b,0.8064266638141555,9
chat_0shot,samples,8,7,raw,llm_qwen2.5-72b,0.8055267887129423,9
chat_0shot,samples,8,7,raw,squad_token_f1,0.7822523740793921,8
chat_0shot,samples,8,7,surface,llm_llama-3.1-70b,0.7693703980897312,9
chat_0shot,samples,8,7,surface,llm_qwen2.5-72b,0.7648586364765652,9
chat_0shot,samples,8,7,surface,squad_token_f1,0.8127183553901624,8
chat_0shot,samples,8,8,normalized,llm_llama-3.1-70b,0.8170211926079597,9
chat_0shot,samples,8,8,normalized,llm_qwen2.5-72b,0.8075350911367423,9
chat_0shot,samples,8,8,normalized,squad_token_f1,0.8363692800355429,8
chat_0shot,samples,8,8,raw,llm_llama-3.1-70b,0.8069417174077471,9
chat_0shot,samples,8,8,raw,llm_qwen2.5-72b,0.8004900951145779,9
chat_0shot,samples,8,8,raw,squad_token_f1,0.8043628704838715,8
chat_0shot,samples,8,8,surface,llm_llama-3.1-70b,0.769416990036721,9
chat_0shot,samples,8,8,surface,llm_qwen2.5-72b,0.7689646433700348,9
chat_0shot,samples,8,8,surface,squad_token_f1,0.8113683123393942,8
chat_0shot,samples,8,9,normalized,llm_llama-3.1-70b,0.809576328546751,9
chat_0shot,samples,8,9,normalized,llm_qwen2.5-72b,0.7994493668948134,9
chat_0shot,samples,8,9,normalized,squad_token_f1,0.8420421285306645,8
chat_0shot,samples,8,9,raw,llm_llama-3.1-70b,0.7968062419181582,9
chat_0shot,samples,8,9,raw,llm_qwen2.5-72b,0.7895651799545294,9
chat_0shot,samples,8,9,raw,squad_token_f1,0.8044274229898276,8
chat_0shot,samples,8,9,surface,llm_llama-3.1-70b,0.7869651009102321,9
chat_0shot,samples,8,9,surface,llm_qwen2.5-72b,0.7951819340480955,9
chat_0shot,samples,8,9,surface,squad_token_f1,0.8180271112933302,8
chat_0shot,samples,8,10,normalized,llm_llama-3.1-70b,0.8274254795150646,9
chat_0shot,samples,8,10,normalized,llm_qwen2.5-72b,0.8146750504941497,9
chat_0shot,samples,8,10,normalized,squad_token_f1,0.8511495393937722,8
chat_0shot,samples,8,10,raw,llm_llama-3.1-70b,0.8045117005340199,9
chat_0shot,samples,8,10,raw,llm_qwen2.5-72b,0.8053221193654194,9
chat_0shot,samples,8,10,raw,squad_token_f1,0.7746852963496004,8
chat_0shot,samples,8,10,surface,llm_llama-3.1-70b,0.7795976729702575,9
chat_0shot,samples,8,10,surface,llm_qwen2.5-72b,0.782749461106916,9
chat_0shot,samples,8,10,surface,squad_token_f1,0.8147334317464466,8
chat_0shot,samples,8,11,normalized,llm_llama-3.1-70b,0.8277921278576531,9
chat_0shot,samples,8,11,normalized,llm_qwen2.5-72b,0.8078061105304933,9
chat_0shot,samples,8,11,normalized,squad_token_f1,0.8434763842864417,8
chat_0shot,samples,8,11,raw,llm_llama-3.1-70b,0.8003869024824789,9
chat_0shot,samples,8,11,raw,llm_qwen2.5-72b,0.7933126907067277,9
chat_0shot,samples,8,11,raw,squad_token_f1,0.7784291356323398,8
chat_0shot,samples,8,11,surface,llm_llama-3.1-70b,0.768576735368852,9
chat_0shot,samples,8,11,surface,llm_qwen2.5-72b,0.7631335490102416,9
chat_0shot,samples,8,11,surface,squad_token_f1,0.8144584080772638,8
chat_0shot,samples,8,12,normalized,llm_llama-3.1-70b,0.7943827676376577,9
chat_0shot,samples,8,12,normalized,llm_qwen2.5-72b,0.7954578658965858,9
chat_0shot,samples,8,12,normalized,squad_token_f1,0.8308368993819102,8
chat_0shot,samples,8,12,raw,llm_llama-3.1-70b,0.7716032566721446,9
chat_0shot,samples,8,12,raw,llm_qwen2.5-72b,0.7757645398724186,9
chat_0shot,samples,8,12,raw,squad_token_f1,0.7676128828816003,8
chat_0shot,samples,8,12,surface,llm_llama-3.1-70b,0.7678283663342156,9
chat_0shot,samples,8,12,surface,llm_qwen2.5-72b,0.7727392727478601,9
chat_0shot,samples,8,12,surface,squad_token_f1,0.8106074672921798,8
chat_0shot,samples,8,13,normalized,llm_llama-3.1-70b,0.833800549589339,9
chat_0shot,samples,8,13,normalized,llm_qwen2.5-72b,0.8188123994423905,9
chat_0shot,samples,8,13,normalized,squad_token_f1,0.8485427381421543,8
chat_0shot,samples,8,13,raw,llm_llama-3.1-70b,0.8159399818538424,9
chat_0shot,samples,8,13,raw,llm_qwen2.5-72b,0.8012052185424212,9
chat_0shot,samples,8,13,raw,squad_token_f1,0.7877434339278128,8
chat_0shot,samples,8,13,surface,llm_llama-3.1-70b,0.7894221244796692,9
chat_0shot,samples,8,13,surface,llm_qwen2.5-72b,0.7844792787906498,9
chat_0shot,samples,8,13,surface,squad_token_f1,0.8232373356519018,8
chat_0shot,samples,8,14,normalized,llm_llama-3.1-70b,0.7876582338992825,9
chat_0shot,samples,8,14,normalized,llm_qwen2.5-72b,0.7793107603433846,9
chat_0shot,samples,8,14,normalized,squad_token_f1,0.8399455825529321,8
chat_0shot,samples,8,14,raw,llm_llama-3.1-70b,0.7674134972526798,9
chat_0shot,samples,8,14,raw,llm_qwen2.5-72b,0.7619623789294898,9
chat_0shot,samples,8,14,raw,squad_token_f1,0.7693827971169233,8
chat_0shot,samples,8,14,surface,llm_llama-3.1-70b,0.7845136627052655,9
chat_0shot,samples,8,14,surface,llm_qwen2.5-72b,0.7774636420418571,9
chat_0shot,samples,8,14,surface,squad_token_f1,0.808763130678555,8
chat_0shot,samples,8,15,normalized,llm_llama-3.1-70b,0.8459371587053695,9
chat_0shot,samples,8,15,normalized,llm_qwen2.5-72b,0.8216094297543343,9
chat_0shot,samples,8,15,normalized,squad_token_f1,0.8387964837428861,8
chat_0shot,samples,8,15,raw,llm_llama-3.1-70b,0.8074154730426516,9
chat_0shot,samples,8,15,raw,llm_qwen2.5-72b,0.7919266431429445,9
chat_0shot,samples,8,15,raw,squad_token_f1,0.7874688830746664,8
chat_0shot,samples,8,15,surface,llm_llama-3.1-70b,0.7913277413859965,9
chat_0shot,samples,8,15,surface,llm_qwen2.5-72b,0.7811224418006548,9
chat_0shot,samples,8,15,surface,squad_token_f1,0.8035947588194063,8
chat_0shot,samples,8,16,normalized,llm_llama-3.1-70b,0.8249490287457868,9
chat_0shot,samples,8,16,normalized,llm_qwen2.5-72b,0.8091641476184446,9
chat_0shot,samples,8,16,normalized,squad_token_f1,0.8410202335774488,8
chat_0shot,samples,8,16,raw,llm_llama-3.1-70b,0.810330663807563,9
chat_0shot,samples,8,16,raw,llm_qwen2.5-72b,0.795738311652217,9
chat_0shot,samples,8,16,raw,squad_token_f1,0.7957642741907672,8
chat_0shot,samples,8,16,surface,llm_llama-3.1-70b,0.7872009593954157,9
chat_0shot,samples,8,16,surface,llm_qwen2.5-72b,0.7850532753613617,9
chat_0shot,samples,8,16,surface,squad_token_f1,0.8110636402738581,8
chat_0shot,samples,8,17,normalized,llm_llama-3.1-70b,0.829419212327567,9
chat_0shot,samples,8,17,normalized,llm_qwen2.5-72b,0.8116840907415253,9
chat_0shot,samples,8,17,normalized,squad_token_f1,0.8317454345023878,8
chat_0shot,samples,8,17,raw,llm_llama-3.1-70b,0.8064132067198516,9
chat_0shot,samples,8,17,raw,llm_qwen2.5-72b,0.8032194229433782,9
chat_0shot,samples,8,17,raw,squad_token_f1,0.7741430812743125,8
chat_0shot,samples,8,17,surface,llm_llama-3.1-70b,0.7800806763757294,9
chat_0shot,samples,8,17,surface,llm_qwen2.5-72b,0.7879614680796498,9
chat_0shot,samples,8,17,surface,squad_token_f1,0.7918539106826632,8
chat_0shot,samples,8,18,normalized,llm_llama-3.1-70b,0.827752842786233,9
chat_0shot,samples,8,18,normalized,llm_qwen2.5-72b,0.8137450798286188,9
chat_0shot,samples,8,18,normalized,squad_token_f1,0.8491274749827592,8
chat_0shot,samples,8,18,raw,llm_llama-3.1-70b,0.8144853017558923,9
chat_0shot,samples,8,18,raw,llm_qwen2.5-72b,0.8119200716650844,9
chat_0shot,samples,8,18,raw,squad_token_f1,0.7905443885831065,8
chat_0shot,samples,8,18,surface,llm_llama-3.1-70b,0.7935405326643368,9
chat_0shot,samples,8,18,surface,llm_qwen2.5-72b,0.7850489959508072,9
chat_0shot,samples,8,18,surface,squad_token_f1,0.8085540582723567,8
chat_0shot,samples,8,19,normalized,llm_llama-3.1-70b,0.8000306584950069,9
chat_0shot,samples,8,19,normalized,llm_qwen2.5-72b,0.780400076771572,9
chat_0shot,samples,8,19,normalized,squad_token_f1,0.8252477112791492,8
chat_0shot,samples,8,19,raw,llm_llama-3.1-70b,0.7778474879126817,9
chat_0shot,samples,8,19,raw,llm_qwen2.5-72b,0.7672775603915849,9
chat_0shot,samples,8,19,raw,squad_token_f1,0.7659257023622461,8
chat_0shot,samples,8,19,surface,llm_llama-3.1-70b,0.7677645394457107,9
chat_0shot,samples,8,19,surface,llm_qwen2.5-72b,0.758120996024873,9
chat_0shot,samples,8,19,surface,squad_token_f1,0.8004705444183194,8
chat_0shot,samples,8,20,normalized,llm_llama-3.1-70b,0.8125997346362743,9
chat_0shot,samples,8,20,normalized,llm_qwen2.5-72b,0.7882418572109959,9
chat_0shot,samples,8,20,normalized,squad_token_f1,0.8327467068319359,8
chat_0shot,samples,8,20,raw,llm_llama-3.1-70b,0.8109318602545963,9
chat_0shot,samples,8,20,raw,llm_qwen2.5-72b,0.8076099038709753,9
chat_0shot,samples,8,20,raw,squad_token_f1,0.7805024258317869,8
chat_0shot,samples,8,20,surface,llm_llama-3.1-70b,0.7784522638245879,9
chat_0shot,samples,8,20,surface,llm_qwen2.5-72b,0.7577543513631411,9
chat_0shot,samples,8,20,surface,squad_token_f1,0.8111349751059349,8
chat_0shot,samples,8,21,normalized,llm_llama-3.1-70b,0.8262196728265332,9
chat_0shot,samples,8,21,normalized,llm_qwen2.5-72b,0.8088498936031087,9
chat_0shot,samples,8,21,normalized,squad_token_f1,0.8347179107550695,8
chat_0shot,samples,8,21,raw,llm_llama-3.1-70b,0.8064219191626718,9
chat_0shot,samples,8,21,raw,llm_qwen2.5-72b,0.7815632050859705,9
chat_0shot,samples,8,21,raw,squad_token_f1,0.7777330665398471,8
chat_0shot,samples,8,21,surface,llm_llama-3.1-70b,0.7789195697203417,9
chat_0shot,samples,8,21,surface,llm_qwen2.5-72b,0.7718071864475261,9
chat_0shot,samples,8,21,surface,squad_token_f1,0.8047488355646069,8
chat_0shot,samples,8,22,normalized,llm_llama-3.1-70b,0.8450409795571062,9
chat_0shot,samples,8,22,normalized,llm_qwen2.5-72b,0.823937519265042,9
chat_0shot,samples,8,22,normalized,squad_token_f1,0.841197760621009,8
chat_0shot,samples,8,22,raw,llm_llama-3.1-70b,0.8084368358124041,9
chat_0shot,samples,8,22,raw,llm_qwen2.5-72b,0.809661127250923,9
chat_0shot,samples,8,22,raw,squad_token_f1,0.7660441871821264,8
chat_0shot,samples,8,22,surface,llm_llama-3.1-70b,0.788315881774073,9
chat_0shot,samples,8,22,surface,llm_qwen2.5-72b,0.7969391062669331,9
chat_0shot,samples,8,22,surface,squad_token_f1,0.8095744211123763,8
chat_0shot,samples,8,23,normalized,llm_llama-3.1-70b,0.828112783655516,9
chat_0shot,samples,8,23,normalized,llm_qwen2.5-72b,0.8156679865456089,9
chat_0shot,samples,8,23,normalized,squad_token_f1,0.8414578482782691,8
chat_0shot,samples,8,23,raw,llm_llama-3.1-70b,0.7980243325098871,9
chat_0shot,samples,8,23,raw,llm_qwen2.5-72b,0.7937672171733284,9
chat_0shot,samples,8,23,raw,squad_token_f1,0.7795237508508207,8
chat_0shot,samples,8,23,surface,llm_llama-3.1-70b,0.782109160457472,9
chat_0shot,samples,8,23,surface,llm_qwen2.5-72b,0.7868639358873271,9
chat_0shot,samples,8,23,surface,squad_token_f1,0.8145514228797365,8
chat_0shot,samples,8,24,normalized,llm_llama-3.1-70b,0.8210620436835153,9
chat_0shot,samples,8,24,normalized,llm_qwen2.5-72b,0.807332671632603,9
chat_0shot,samples,8,24,normalized,squad_token_f1,0.8583289345242642,8
chat_0shot,samples,8,24,raw,llm_llama-3.1-70b,0.810198315405962,9
chat_0shot,samples,8,24,raw,llm_qwen2.5-72b,0.8086903855625395,9
chat_0shot,samples,8,24,raw,squad_token_f1,0.8041345888936132,8
chat_0shot,samples,8,24,surface,llm_llama-3.1-70b,0.7778207075837202,9
chat_0shot,samples,8,24,surface,llm_qwen2.5-72b,0.7714252257863743,9
chat_0shot,samples,8,24,surface,squad_token_f1,0.8133769597838688,8
chat_0shot,samples,8,25,normalized,llm_llama-3.1-70b,0.8000426701875267,9
chat_0shot,samples,8,25,normalized,llm_qwen2.5-72b,0.7877757712958321,9
chat_0shot,samples,8,25,normalized,squad_token_f1,0.8398130053354511,8
chat_0shot,samples,8,25,raw,llm_llama-3.1-70b,0.7819820587834347,9
chat_0shot,samples,8,25,raw,llm_qwen2.5-72b,0.773101013088426,9
chat_0shot,samples,8,25,raw,squad_token_f1,0.7949021256277939,8
chat_0shot,samples,8,25,surface,llm_llama-3.1-70b,0.7575525801626375,9
chat_0shot,samples,8,25,surface,llm_qwen2.5-72b,0.7555394568831145,9
chat_0shot,samples,8,25,surface,squad_token_f1,0.8005725181089113,8
chat_0shot,samples,8,26,normalized,llm_llama-3.1-70b,0.8366725047052554,9
chat_0shot,samples,8,26,normalized,llm_qwen2.5-72b,0.819405487889651,9
chat_0shot,samples,8,26,normalized,squad_token_f1,0.8475243917780556,8
chat_0shot,samples,8,26,raw,llm_llama-3.1-70b,0.804462135073554,9
chat_0shot,samples,8,26,raw,llm_qwen2.5-72b,0.7992851063852408,9
chat_0shot,samples,8,26,raw,squad_token_f1,0.7634994340870945,8
chat_0shot,samples,8,26,surface,llm_llama-3.1-70b,0.7837817164522194,9
chat_0shot,samples,8,26,surface,llm_qwen2.5-72b,0.7756293792675639,9
chat_0shot,samples,8,26,surface,squad_token_f1,0.8112695564513609,8
chat_0shot,samples,8,27,normalized,llm_llama-3.1-70b,0.8096047553440634,9
chat_0shot,samples,8,27,normalized,llm_qwen2.5-72b,0.8011887385718368,9
chat_0shot,samples,8,27,normalized,squad_token_f1,0.8258330218910378,8
chat_0shot,samples,8,27,raw,llm_llama-3.1-70b,0.8160061296460723,9
chat_0shot,samples,8,27,raw,llm_qwen2.5-72b,0.8163044285059393,9
chat_0shot,samples,8,27,raw,squad_token_f1,0.7785986305788278,8
chat_0shot,samples,8,27,surface,llm_llama-3.1-70b,0.7873969172292559,9
chat_0shot,samples,8,27,surface,llm_qwen2.5-72b,0.7770372168541493,9
chat_0shot,samples,8,27,surface,squad_token_f1,0.7970664534135181,8
chat_0shot,samples,8,28,normalized,llm_llama-3.1-70b,0.8023223745620851,9
chat_0shot,samples,8,28,normalized,llm_qwen2.5-72b,0.7979696886117021,9
chat_0shot,samples,8,28,normalized,squad_token_f1,0.8390267802402118,8
chat_0shot,samples,8,28,raw,llm_llama-3.1-70b,0.8030818325554756,9
chat_0shot,samples,8,28,raw,llm_qwen2.5-72b,0.797636341721299,9
chat_0shot,samples,8,28,raw,squad_token_f1,0.797448823540954,8
chat_0shot,samples,8,28,surface,llm_llama-3.1-70b,0.7773580364402805,9
chat_0shot,samples,8,28,surface,llm_qwen2.5-72b,0.7762097168483253,9
chat_0shot,samples,8,28,surface,squad_token_f1,0.8069754926839354,8
chat_0shot,samples,8,29,normalized,llm_llama-3.1-70b,0.7964070615322392,9
chat_0shot,samples,8,29,normalized,llm_qwen2.5-72b,0.7867448910015984,9
chat_0shot,samples,8,29,normalized,squad_token_f1,0.8248567455268181,8
chat_0shot,samples,8,29,raw,llm_llama-3.1-70b,0.7970719913727634,9
chat_0shot,samples,8,29,raw,llm_qwen2.5-72b,0.7869433753346766,9
chat_0shot,samples,8,29,raw,squad_token_f1,0.7806365174384157,8
chat_0shot,samples,8,29,surface,llm_llama-3.1-70b,0.7789168511555908,9
chat_0shot,samples,8,29,surface,llm_qwen2.5-72b,0.7726634479947653,9
chat_0shot,samples,8,29,surface,squad_token_f1,0.8104219102236374,8
chat_0shot,samples,8,30,normalized,llm_llama-3.1-70b,0.8165032308765614,9
chat_0shot,samples,8,30,normalized,llm_qwen2.5-72b,0.810846697962731,9
chat_0shot,samples,8,30,normalized,squad_token_f1,0.8446510225499237,8
chat_0shot,samples,8,30,raw,llm_llama-3.1-70b,0.8009950558192365,9
chat_0shot,samples,8,30,raw,llm_qwen2.5-72b,0.8102774582039382,9
chat_0shot,samples,8,30,raw,squad_token_f1,0.7941148151666966,8
chat_0shot,samples,8,30,surface,llm_llama-3.1-70b,0.7820553464170259,9
chat_0shot,samples,8,30,surface,llm_qwen2.5-72b,0.773660669067136,9
chat_0shot,samples,8,30,surface,squad_token_f1,0.8105372878129558,8
chat_0shot,samples,8,31,normalized,llm_llama-3.1-70b,0.7964637475095465,9
chat_0shot,samples,8,31,normalized,llm_qwen2.5-72b,0.789947484737672,9
chat_0shot,samples,8,31,normalized,squad_token_f1,0.8331775650571782,8
chat_0shot,samples,8,31,raw,llm_llama-3.1-70b,0.7879460693040309,9
chat_0shot,samples,8,31,raw,llm_qwen2.5-72b,0.7849402572236934,9
chat_0shot,samples,8,31,raw,squad_token_f1,0.7694862692318678,8
chat_0shot,samples,8,31,surface,llm_llama-3.1-70b,0.7623196295839447,9
chat_0shot,samples,8,31,surface,llm_qwen2.5-72b,0.7624437285532499,9
chat_0shot,samples,8,31,surface,squad_token_f1,0.8051151028002934,8
chat_0shot,samples,8,32,normalized,llm_llama-3.1-70b,0.7888343700624889,9
chat_0shot,samples,8,32,normalized,llm_qwen2.5-72b,0.7920835673332776,9
chat_0shot,samples,8,32,normalized,squad_token_f1,0.8400619603921066,8
chat_0shot,samples,8,32,raw,llm_llama-3.1-70b,0.7586847336805539,9
chat_0shot,samples,8,32,raw,llm_qwen2.5-72b,0.7737377002321071,9
chat_0shot,samples,8,32,raw,squad_token_f1,0.7612544818353417,8
chat_0shot,samples,8,32,surface,llm_llama-3.1-70b,0.7579710409495148,9
chat_0shot,samples,8,32,surface,llm_qwen2.5-72b,0.7689830423945909,9
chat_0shot,samples,8,32,surface,squad_token_f1,0.7944596638691571,8
chat_0shot,samples,8,33,normalized,llm_llama-3.1-70b,0.8180877608651124,9
chat_0shot,samples,8,33,normalized,llm_qwen2.5-72b,0.8112635549484428,9
chat_0shot,samples,8,33,normalized,squad_token_f1,0.8337637565491036,8
chat_0shot,samples,8,33,raw,llm_llama-3.1-70b,0.7971157318591723,9
chat_0shot,samples,8,33,raw,llm_qwen2.5-72b,0.7870536678504284,9
chat_0shot,samples,8,33,raw,squad_token_f1,0.7572205001280948,8
chat_0shot,samples,8,33,surface,llm_llama-3.1-70b,0.7771353490127763,9
chat_0shot,samples,8,33,surface,llm_qwen2.5-72b,0.786247351465045,9
chat_0shot,samples,8,33,surface,squad_token_f1,0.8131295512703326,8
chat_0shot,samples,8,34,normalized,llm_llama-3.1-70b,0.8125745900098343,9
chat_0shot,samples,8,34,normalized,llm_qwen2.5-72b,0.7976009552633132,9
chat_0shot,samples,8,34,normalized,squad_token_f1,0.8321304478574763,8
chat_0shot,samples,8,34,raw,llm_llama-3.1-70b,0.7836933824825745,9
chat_0shot,samples,8,34,raw,llm_qwen2.5-72b,0.7771274247855445,9
chat_0shot,samples,8,34,raw,squad_token_f1,0.7823744480256615,8
chat_0shot,samples,8,34,surface,llm_llama-3.1-70b,0.7722183641372923,9
chat_0shot,samples,8,34,surface,llm_qwen2.5-72b,0.7781789059565765,9
chat_0shot,samples,8,34,surface,squad_token_f1,0.7991217714005241,8
chat_0shot,samples,8,35,normalized,llm_llama-3.1-70b,0.8216770293270838,9
chat_0shot,samples,8,35,normalized,llm_qwen2.5-72b,0.8162494303428175,9
chat_0shot,samples,8,35,normalized,squad_token_f1,0.8372137266768386,8
chat_0shot,samples,8,35,raw,llm_llama-3.1-70b,0.8096653656879573,9
chat_0shot,samples,8,35,raw,llm_qwen2.5-72b,0.8042220709211182,9
chat_0shot,samples,8,35,raw,squad_token_f1,0.7668177203931932,8
chat_0shot,samples,8,35,surface,llm_llama-3.1-70b,0.768037487997112,9
chat_0shot,samples,8,35,surface,llm_qwen2.5-72b,0.7819937818705748,9
chat_0shot,samples,8,35,surface,squad_token_f1,0.8012923177396721,8
chat_0shot,samples,8,36,normalized,llm_llama-3.1-70b,0.784183696334556,9
chat_0shot,samples,8,36,normalized,llm_qwen2.5-72b,0.78459590315533,9
chat_0shot,samples,8,36,normalized,squad_token_f1,0.8348110519394718,8
chat_0shot,samples,8,36,raw,llm_llama-3.1-70b,0.7655537429445264,9
chat_0shot,samples,8,36,raw,llm_qwen2.5-72b,0.7791962087043998,9
chat_0shot,samples,8,36,raw,squad_token_f1,0.7786716062170013,8
chat_0shot,samples,8,36,surface,llm_llama-3.1-70b,0.774982201249962,9
chat_0shot,samples,8,36,surface,llm_qwen2.5-72b,0.7718047562855691,9
chat_0shot,samples,8,36,surface,squad_token_f1,0.8040760611365882,8
chat_0shot,samples,8,37,normalized,llm_llama-3.1-70b,0.8151712867496944,9
chat_0shot,samples,8,37,normalized,llm_qwen2.5-72b,0.8083072659999206,9
chat_0shot,samples,8,37,normalized,squad_token_f1,0.834477323333481,8
chat_0shot,samples,8,37,raw,llm_llama-3.1-70b,0.8162168731132571,9
chat_0shot,samples,8,37,raw,llm_qwen2.5-72b,0.8041872729222292,9
chat_0shot,samples,8,37,raw,squad_token_f1,0.8087157464338108,8
chat_0shot,samples,8,37,surface,llm_llama-3.1-70b,0.7832977485797298,9
chat_0shot,samples,8,37,surface,llm_qwen2.5-72b,0.7927703314927544,9
chat_0shot,samples,8,37,surface,squad_token_f1,0.818383958361692,8
chat_0shot,samples,8,38,normalized,llm_llama-3.1-70b,0.8251596544249641,9
chat_0shot,samples,8,38,normalized,llm_qwen2.5-72b,0.8013722761610288,9
chat_0shot,samples,8,38,normalized,squad_token_f1,0.8323339561270305,8
chat_0shot,samples,8,38,raw,llm_llama-3.1-70b,0.8068886810466923,9
chat_0shot,samples,8,38,raw,llm_qwen2.5-72b,0.796111326502642,9
chat_0shot,samples,8,38,raw,squad_token_f1,0.7821362611224835,8
chat_0shot,samples,8,38,surface,llm_llama-3.1-70b,0.7906017351577762,9
chat_0shot,samples,8,38,surface,llm_qwen2.5-72b,0.7908229568766678,9
chat_0shot,samples,8,38,surface,squad_token_f1,0.8105110982952185,8
chat_0shot,samples,8,39,normalized,llm_llama-3.1-70b,0.8196103596764415,9
chat_0shot,samples,8,39,normalized,llm_qwen2.5-72b,0.7996897290715137,9
chat_0shot,samples,8,39,normalized,squad_token_f1,0.8421641964297927,8
chat_0shot,samples,8,39,raw,llm_llama-3.1-70b,0.7672280517792264,9
chat_0shot,samples,8,39,raw,llm_qwen2.5-72b,0.7568749825941438,9
chat_0shot,samples,8,39,raw,squad_token_f1,0.7660647332372932,8
chat_0shot,samples,8,39,surface,llm_llama-3.1-70b,0.7796123633881756,9
chat_0shot,samples,8,39,surface,llm_qwen2.5-72b,0.7761988425064059,9
chat_0shot,samples,8,39,surface,squad_token_f1,0.8046917151523186,8
chat_0shot,samples,8,40,normalized,llm_llama-3.1-70b,0.811623133068276,9
chat_0shot,samples,8,40,normalized,llm_qwen2.5-72b,0.7970316632329272,9
chat_0shot,samples,8,40,normalized,squad_token_f1,0.8377664577074968,8
chat_0shot,samples,8,40,raw,llm_llama-3.1-70b,0.7949552011660328,9
chat_0shot,samples,8,40,raw,llm_qwen2.5-72b,0.7865475273883988,9
chat_0shot,samples,8,40,raw,squad_token_f1,0.7978433556526237,8
chat_0shot,samples,8,40,surface,llm_llama-3.1-70b,0.7779920089930629,9
chat_0shot,samples,8,40,surface,llm_qwen2.5-72b,0.7703271694677192,9
chat_0shot,samples,8,40,surface,squad_token_f1,0.8190078032563072,8
chat_0shot,samples,8,41,normalized,llm_llama-3.1-70b,0.8220209444734168,9
chat_0shot,samples,8,41,normalized,llm_qwen2.5-72b,0.8043162238853536,9
chat_0shot,samples,8,41,normalized,squad_token_f1,0.8427520783145278,8
chat_0shot,samples,8,41,raw,llm_llama-3.1-70b,0.7931068407006884,9
chat_0shot,samples,8,41,raw,llm_qwen2.5-72b,0.7846402928463585,9
chat_0shot,samples,8,41,raw,squad_token_f1,0.7793191188617684,8
chat_0shot,samples,8,41,surface,llm_llama-3.1-70b,0.7739647820604768,9
chat_0shot,samples,8,41,surface,llm_qwen2.5-72b,0.7714306411529238,9
chat_0shot,samples,8,41,surface,squad_token_f1,0.812699414149033,8
chat_0shot,samples,8,42,normalized,llm_llama-3.1-70b,0.826612610910695,9
chat_0shot,samples,8,42,normalized,llm_qwen2.5-72b,0.7996615286361999,9
chat_0shot,samples,8,42,normalized,squad_token_f1,0.8381598913561843,8
chat_0shot,samples,8,42,raw,llm_llama-3.1-70b,0.7911793544764204,9
chat_0shot,samples,8,42,raw,llm_qwen2.5-72b,0.8014778006277304,9
chat_0shot,samples,8,42,raw,squad_token_f1,0.7805488963099763,8
chat_0shot,samples,8,42,surface,llm_llama-3.1-70b,0.778133894218601,9
chat_0shot,samples,8,42,surface,llm_qwen2.5-72b,0.7644143039302642,9
chat_0shot,samples,8,42,surface,squad_token_f1,0.7946836085251137,8
chat_0shot,samples,8,43,normalized,llm_llama-3.1-70b,0.8131922805849703,9
chat_0shot,samples,8,43,normalized,llm_qwen2.5-72b,0.8038890906116118,9
chat_0shot,samples,8,43,normalized,squad_token_f1,0.8475230745575636,8
chat_0shot,samples,8,43,raw,llm_llama-3.1-70b,0.8152396983491637,9
chat_0shot,samples,8,43,raw,llm_qwen2.5-72b,0.7958025154874414,9
chat_0shot,samples,8,43,raw,squad_token_f1,0.8115466101703664,8
chat_0shot,samples,8,43,surface,llm_llama-3.1-70b,0.7923775260375976,9
chat_0shot,samples,8,43,surface,llm_qwen2.5-72b,0.7860096124930277,9
chat_0shot,samples,8,43,surface,squad_token_f1,0.814145545939578,8
chat_0shot,samples,8,44,normalized,llm_llama-3.1-70b,0.8286589785631416,9
chat_0shot,samples,8,44,normalized,llm_qwen2.5-72b,0.8035253671704574,9
chat_0shot,samples,8,44,normalized,squad_token_f1,0.823550993636112,8
chat_0shot,samples,8,44,raw,llm_llama-3.1-70b,0.8049032681579451,9
chat_0shot,samples,8,44,raw,llm_qwen2.5-72b,0.8015188814635676,9
chat_0shot,samples,8,44,raw,squad_token_f1,0.767164112341535,8
chat_0shot,samples,8,44,surface,llm_llama-3.1-70b,0.7942933641209075,9
chat_0shot,samples,8,44,surface,llm_qwen2.5-72b,0.7895298782729384,9
chat_0shot,samples,8,44,surface,squad_token_f1,0.8142892944215464,8
chat_0shot,samples,8,45,normalized,llm_llama-3.1-70b,0.811130123412069,9
chat_0shot,samples,8,45,normalized,llm_qwen2.5-72b,0.8013783952562163,9
chat_0shot,samples,8,45,normalized,squad_token_f1,0.8282018018206926,8
chat_0shot,samples,8,45,raw,llm_llama-3.1-70b,0.7709516732026915,9
chat_0shot,samples,8,45,raw,llm_qwen2.5-72b,0.7630863397367919,9
chat_0shot,samples,8,45,raw,squad_token_f1,0.7673690478513147,8
chat_0shot,samples,8,45,surface,llm_llama-3.1-70b,0.7602814295337029,9
chat_0shot,samples,8,45,surface,llm_qwen2.5-72b,0.7607159354122288,9
chat_0shot,samples,8,45,surface,squad_token_f1,0.8087742306865422,8
chat_0shot,samples,8,46,normalized,llm_llama-3.1-70b,0.793169175461588,9
chat_0shot,samples,8,46,normalized,llm_qwen2.5-72b,0.7954342402487317,9
chat_0shot,samples,8,46,normalized,squad_token_f1,0.8432805638149771,8
chat_0shot,samples,8,46,raw,llm_llama-3.1-70b,0.7738460135048418,9
chat_0shot,samples,8,46,raw,llm_qwen2.5-72b,0.7804969077836288,9
chat_0shot,samples,8,46,raw,squad_token_f1,0.7746628150232759,8
chat_0shot,samples,8,46,surface,llm_llama-3.1-70b,0.7667949852842578,9
chat_0shot,samples,8,46,surface,llm_qwen2.5-72b,0.7664894701259386,9
chat_0shot,samples,8,46,surface,squad_token_f1,0.8083923061095712,8
chat_0shot,samples,8,47,normalized,llm_llama-3.1-70b,0.7925209076267142,9
chat_0shot,samples,8,47,normalized,llm_qwen2.5-72b,0.7750872639172738,9
chat_0shot,samples,8,47,normalized,squad_token_f1,0.8125903282770094,8
chat_0shot,samples,8,47,raw,llm_llama-3.1-70b,0.801302482417193,9
chat_0shot,samples,8,47,raw,llm_qwen2.5-72b,0.7920545186083193,9
chat_0shot,samples,8,47,raw,squad_token_f1,0.7769728213881265,8
chat_0shot,samples,8,47,surface,llm_llama-3.1-70b,0.7744494287729818,9
chat_0shot,samples,8,47,surface,llm_qwen2.5-72b,0.7653406796317163,9
chat_0shot,samples,8,47,surface,squad_token_f1,0.7892404762515701,8
chat_0shot,samples,8,48,normalized,llm_llama-3.1-70b,0.8087244641219137,9
chat_0shot,samples,8,48,normalized,llm_qwen2.5-72b,0.8069818150205602,9
chat_0shot,samples,8,48,normalized,squad_token_f1,0.8268843056576306,8
chat_0shot,samples,8,48,raw,llm_llama-3.1-70b,0.7645894233761881,9
chat_0shot,samples,8,48,raw,llm_qwen2.5-72b,0.7663082537903049,9
chat_0shot,samples,8,48,raw,squad_token_f1,0.7500999143487618,8
chat_0shot,samples,8,48,surface,llm_llama-3.1-70b,0.7735126370937325,9
chat_0shot,samples,8,48,surface,llm_qwen2.5-72b,0.7849594431032426,9
chat_0shot,samples,8,48,surface,squad_token_f1,0.8092939223109628,8
chat_0shot,samples,8,49,normalized,llm_llama-3.1-70b,0.8143145880239869,9
chat_0shot,samples,8,49,normalized,llm_qwen2.5-72b,0.8112517672594075,9
chat_0shot,samples,8,49,normalized,squad_token_f1,0.8310941188641965,8
chat_0shot,samples,8,49,raw,llm_llama-3.1-70b,0.8074798265026313,9
chat_0shot,samples,8,49,raw,llm_qwen2.5-72b,0.8104289021918357,9
chat_0shot,samples,8,49,raw,squad_token_f1,0.8111744926205571,8
chat_0shot,samples,8,49,surface,llm_llama-3.1-70b,0.768387576850386,9
chat_0shot,samples,8,49,surface,llm_qwen2.5-72b,0.7748805779149532,9
chat_0shot,samples,8,49,surface,squad_token_f1,0.7973139076378072,8
chat_0shot,samples,10,0,normalized,llm_llama-3.1-70b,0.8210184497598535,9
chat_0shot,samples,10,0,normalized,llm_qwen2.5-72b,0.8102566779918667,9
chat_0shot,samples,10,0,normalized,squad_token_f1,0.8428462654193322,8
chat_0shot,samples,10,0,raw,llm_llama-3.1-70b,0.8089024097541077,9
chat_0shot,samples,10,0,raw,llm_qwen2.5-72b,0.8059962966189304,9
chat_0shot,samples,10,0,raw,squad_token_f1,0.7915247971540457,8
chat_0shot,samples,10,0,surface,llm_llama-3.1-70b,0.7879779094428143,9
chat_0shot,samples,10,0,surface,llm_qwen2.5-72b,0.7844926291500073,9
chat_0shot,samples,10,0,surface,squad_token_f1,0.8114085124958896,8
default_5shot,order,10,0,normalized,llm_llama-3.1-70b,0.8245794656825253,9
default_5shot,order,10,0,normalized,llm_qwen2.5-72b,0.7751824855475526,9
default_5shot,order,10,0,normalized,squad_token_f1,0.7802296514762401,9
default_5shot,order,10,0,raw,llm_llama-3.1-70b,0.8370659932153491,9
default_5shot,order,10,0,raw,llm_qwen2.5-72b,0.777069600792511,9
default_5shot,order,10,0,raw,squad_token_f1,0.7786622401495696,9
default_5shot,order,10,1,normalized,llm_llama-3.1-70b,0.7937520112439597,9
default_5shot,order,10,1,normalized,llm_qwen2.5-72b,0.7589054619175878,9
default_5shot,order,10,1,normalized,squad_token_f1,0.7655127937454935,9
default_5shot,order,10,1,raw,llm_llama-3.1-70b,0.8090769426568541,9
default_5shot,order,10,1,raw,llm_qwen2.5-72b,0.7610652823984867,9
default_5shot,order,10,1,raw,squad_token_f1,0.7656883277451016,9
default_5shot,order,10,2,normalized,llm_llama-3.1-70b,0.7918521537432568,9
default_5shot,order,10,2,normalized,llm_qwen2.5-72b,0.7586951829082893,9
default_5shot,order,10,2,normalized,squad_token_f1,0.7666560489092166,9
default_5shot,order,10,2,raw,llm_llama-3.1-70b,0.8039941482222078,9
default_5shot,order,10,2,raw,llm_qwen2.5-72b,0.7594326671016557,9
default_5shot,order,10,2,raw,squad_token_f1,0.7649565834948389,9
default_5shot,order,10,3,normalized,llm_llama-3.1-70b,0.7945893297896116,9
default_5shot,order,10,3,normalized,llm_qwen2.5-72b,0.7573447949157444,9
default_5shot,order,10,3,normalized,squad_token_f1,0.7652697548913436,9
default_5shot,order,10,3,raw,llm_llama-3.1-70b,0.7982942582630587,9
default_5shot,order,10,3,raw,llm_qwen2.5-72b,0.7575171216812083,9
default_5shot,order,10,3,raw,squad_token_f1,0.7639494776034738,9
default_5shot,order,10,4,normalized,llm_llama-3.1-70b,0.8243696060976657,9
default_5shot,order,10,4,normalized,llm_qwen2.5-72b,0.7712965294557141,9
default_5shot,order,10,4,normalized,squad_token_f1,0.7767748254380807,9
default_5shot,order,10,4,raw,llm_llama-3.1-70b,0.8319907358252769,9
default_5shot,order,10,4,raw,llm_qwen2.5-72b,0.7700461005092067,9
default_5shot,order,10,4,raw,squad_token_f1,0.7734872250069619,9
default_5shot,order,10,5,normalized,llm_llama-3.1-70b,0.7968398441929038,9
default_5shot,order,10,5,normalized,llm_qwen2.5-72b,0.7591044731460108,9
default_5shot,order,10,5,normalized,squad_token_f1,0.7670025591241478,9
default_5shot,order,10,5,raw,llm_llama-3.1-70b,0.8000671124664683,9
default_5shot,order,10,5,raw,llm_qwen2.5-72b,0.7590153171132273,9
default_5shot,order,10,5,raw,squad_token_f1,0.7652068262219335,9
default_5shot,order,10,6,normalized,llm_llama-3.1-70b,0.7963056561587157,9
default_5shot,order,10,6,normalized,llm_qwen2.5-72b,0.7614192879608256,9
default_5shot,order,10,6,normalized,squad_token_f1,0.7685808419524307,9
default_5shot,order,10,6,raw,llm_llama-3.1-70b,0.7995727294489372,9
default_5shot,order,10,6,raw,llm_qwen2.5-72b,0.761685010346646,9
default_5shot,order,10,6,raw,squad_token_f1,0.767072929939889,9
default_5shot,order,10,7,normalized,llm_llama-3.1-70b,0.8213934156214752,9
default_5shot,order,10,7,normalized,llm_qwen2.5-72b,0.7700396164340952,9
default_5shot,order,10,7,normalized,squad_token_f1,0.7760252663551884,9
default_5shot,order,10,7,raw,llm_llama-3.1-70b,0.8340973397837327,9
default_5shot,order,10,7,raw,llm_qwen2.5-72b,0.7715651197978339,9
default_5shot,order,10,7,raw,squad_token_f1,0.7750772210876986,9
default_5shot,order,10,8,normalized,llm_llama-3.1-70b,0.7948006025703288,9
default_5shot,order,10,8,normalized,llm_qwen2.5-72b,0.756590647102773,9
default_5shot,order,10,8,normalized,squad_token_f1,0.7639389200882866,9
default_5shot,order,10,8,raw,llm_llama-3.1-70b,0.8053948608497723,9
default_5shot,order,10,8,raw,llm_qwen2.5-72b,0.7592565995236273,9
default_5shot,order,10,8,raw,squad_token_f1,0.764104533452974,9
default_5shot,order,10,9,normalized,llm_llama-3.1-70b,0.7951037330817926,9
default_5shot,order,10,9,normalized,llm_qwen2.5-72b,0.7591044731460108,9
default_5shot,order,10,9,normalized,squad_token_f1,0.7674941816991038,9
default_5shot,order,10,9,raw,llm_llama-3.1-70b,0.8024982804068955,9
default_5shot,order,10,9,raw,llm_qwen2.5-72b,0.7541187181602558,9
default_5shot,order,10,9,raw,squad_token_f1,0.7608607307878751,9
default_5shot,order,10,10,normalized,llm_llama-3.1-70b,0.7922639160058645,9
default_5shot,order,10,10,normalized,llm_qwen2.5-72b,0.7566255613533736,9
default_5shot,order,10,10,normalized,squad_token_f1,0.7633933853760851,9
default_5shot,order,10,10,raw,llm_llama-3.1-70b,0.8035930361312809,9
default_5shot,order,10,10,raw,llm_qwen2.5-72b,0.7590502313638279,9
default_5shot,order,10,10,raw,squad_token_f1,0.7632646865714605,9
default_5shot,order,10,11,normalized,llm_llama-3.1-70b,0.820537725529674,9
default_5shot,order,10,11,normalized,llm_qwen2.5-72b,0.7711603638783722,9
default_5shot,order,10,11,normalized,squad_token_f1,0.7756735080312078,9
default_5shot,order,10,11,raw,llm_llama-3.1-70b,0.8340346881007107,9
default_5shot,order,10,11,raw,llm_qwen2.5-72b,0.7717972995643274,9
default_5shot,order,10,11,raw,squad_token_f1,0.7748593300966595,9
default_5shot,order,10,12,normalized,llm_llama-3.1-70b,0.8190496302915788,9
default_5shot,order,10,12,normalized,llm_qwen2.5-72b,0.7710660954017508,9
default_5shot,order,10,12,normalized,squad_token_f1,0.7758282699359698,9
default_5shot,order,10,12,raw,llm_llama-3.1-70b,0.8338417868661427,9
default_5shot,order,10,12,raw,llm_qwen2.5-72b,0.7722518082908949,9
default_5shot,order,10,12,raw,squad_token_f1,0.7741035246880763,9
default_5shot,order,10,13,normalized,llm_llama-3.1-70b,0.7939399662930259,9
default_5shot,order,10,13,normalized,llm_qwen2.5-72b,0.7549130173614178,9
default_5shot,order,10,13,normalized,squad_token_f1,0.7640027194576415,9
default_5shot,order,10,13,raw,llm_llama-3.1-70b,0.8040320689777212,9
default_5shot,order,10,13,raw,llm_qwen2.5-72b,0.7544414255908064,9
default_5shot,order,10,13,raw,squad_token_f1,0.7598963359577395,9
default_5shot,order,10,14,normalized,llm_llama-3.1-70b,0.8233803689973175,9
default_5shot,order,10,14,normalized,llm_qwen2.5-72b,0.7681734497394972,9
default_5shot,order,10,14,normalized,squad_token_f1,0.7740715760126091,9
default_5shot,order,10,14,raw,llm_llama-3.1-70b,0.833836840680641,9
default_5shot,order,10,14,raw,llm_qwen2.5-72b,0.7725642908337698,9
default_5shot,order,10,14,raw,squad_token_f1,0.776271433939319,9
default_5shot,order,10,15,normalized,llm_llama-3.1-70b,0.8254261543311463,9
default_5shot,order,10,15,normalized,llm_qwen2.5-72b,0.7727272202246402,9
default_5shot,order,10,15,normalized,squad_token_f1,0.7763457835572845,9
default_5shot,order,10,15,raw,llm_llama-3.1-70b,0.8297816751671421,9
default_5shot,order,10,15,raw,llm_qwen2.5-72b,0.7743111256075652,9
default_5shot,order,10,15,raw,squad_token_f1,0.7779791860637377,9
default_5shot,order,10,16,normalized,llm_llama-3.1-70b,0.7931775471278288,9
default_5shot,order,10,16,normalized,llm_qwen2.5-72b,0.754661634757094,9
default_5shot,order,10,16,normalized,squad_token_f1,0.7637558058773946,9
default_5shot,order,10,16,raw,llm_llama-3.1-70b,0.8036462665085854,9
default_5shot,order,10,16,raw,llm_qwen2.5-72b,0.7527760158371612,9
default_5shot,order,10,16,raw,squad_token_f1,0.7599240402493327,9
default_5shot,order,10,17,normalized,llm_llama-3.1-70b,0.7933294656825253,9
default_5shot,order,10,17,normalized,llm_qwen2.5-72b,0.7571283265620211,9
default_5shot,order,10,17,normalized,squad_token_f1,0.7649766452232339,9
default_5shot,order,10,17,raw,llm_llama-3.1-70b,0.8005158021512692,9
default_5shot,order,10,17,raw,llm_qwen2.5-72b,0.7565330385892821,9
default_5shot,order,10,17,raw,squad_token_f1,0.7623001803986209,9
default_5shot,order,10,18,normalized,llm_llama-3.1-70b,0.8235704438401701,9
default_5shot,order,10,18,normalized,llm_qwen2.5-72b,0.7713593751067952,9
default_5shot,order,10,18,normalized,squad_token_f1,0.7760793521870519,9
default_5shot,order,10,18,raw,llm_llama-3.1-70b,0.8337023515415223,9
default_5shot,order,10,18,raw,llm_qwen2.5-72b,0.770371052427296,9
default_5shot,order,10,18,raw,squad_token_f1,0.7758279559495447,9
default_5shot,order,10,19,normalized,llm_llama-3.1-70b,0.7908600902511933,9
default_5shot,order,10,19,normalized,llm_qwen2.5-72b,0.7579584922206181,9
default_5shot,order,10,19,normalized,squad_token_f1,0.7662941962556972,9
default_5shot,order,10,19,raw,llm_llama-3.1-70b,0.8008556757550316,9
default_5shot,order,10,19,raw,llm_qwen2.5-72b,0.7583236408700805,9
default_5shot,order,10,19,raw,squad_token_f1,0.7645243065810805,9
default_5shot,order,10,20,normalized,llm_llama-3.1-70b,0.8230178842598328,9
default_5shot,order,10,20,normalized,llm_qwen2.5-72b,0.77367418992161,9
default_5shot,order,10,20,normalized,squad_token_f1,0.7781492575902907,9
default_5shot,order,10,20,raw,llm_llama-3.1-70b,0.8328711568445868,9
default_5shot,order,10,20,raw,llm_qwen2.5-72b,0.7766837983233752,9
default_5shot,order,10,20,raw,squad_token_f1,0.7794979005454151,9
default_5shot,order,10,21,normalized,llm_llama-3.1-70b,0.8203631958412554,9
default_5shot,order,10,21,normalized,llm_qwen2.5-72b,0.7723230084233697,9
default_5shot,order,10,21,normalized,squad_token_f1,0.7776551364850586,9
default_5shot,order,10,21,raw,llm_llama-3.1-70b,0.8341939081673382,9
default_5shot,order,10,21,raw,llm_qwen2.5-72b,0.773308089065313,9
default_5shot,order,10,21,raw,squad_token_f1,0.7746449464007943,9
default_5shot,order,10,22,normalized,llm_llama-3.1-70b,0.7902246743832895,9
default_5shot,order,10,22,normalized,llm_qwen2.5-72b,0.7558714135404022,9
default_5shot,order,10,22,normalized,squad_token_f1,0.762556377733522,9
default_5shot,order,10,22,raw,llm_llama-3.1-70b,0.8024907433623214,9
default_5shot,order,10,22,raw,llm_qwen2.5-72b,0.7618019730861578,9
default_5shot,order,10,22,raw,squad_token_f1,0.7668849834556463,9
default_5shot,order,10,23,normalized,llm_llama-3.1-70b,0.7930814498095093,9
default_5shot,order,10,23,normalized,llm_qwen2.5-72b,0.7586366221879638,9
default_5shot,order,10,23,normalized,squad_token_f1,0.7669563630362851,9
default_5shot,order,10,23,raw,llm_llama-3.1-70b,0.8026591492020236,9
default_5shot,order,10,23,raw,llm_qwen2.5-72b,0.7581582969547367,9
default_5shot,order,10,23,raw,squad_token_f1,0.7620783745981115,9
default_5shot,order,10,24,normalized,llm_llama-3.1-70b,0.793825497428557,9
default_5shot,order,10,24,normalized,llm_qwen2.5-72b,0.7584026967089402,9
default_5shot,order,10,24,normalized,squad_token_f1,0.7661039901005788,9
default_5shot,order,10,24,raw,llm_llama-3.1-70b,0.8045269230605382,9
default_5shot,order,10,24,raw,llm_qwen2.5-72b,0.7589372588243848,9
default_5shot,order,10,24,raw,squad_token_f1,0.7643283434221543,9
default_5shot,order,10,25,normalized,llm_llama-3.1-70b,0.7901160426321456,9
default_5shot,order,10,25,normalized,llm_qwen2.5-72b,0.7564327394693753,9
default_5shot,order,10,25,normalized,squad_token_f1,0.7649199377981054,9
default_5shot,order,10,25,raw,llm_llama-3.1-70b,0.8012782213164661,9
default_5shot,order,10,25,raw,llm_qwen2.5-72b,0.762318205220037,9
default_5shot,order,10,25,raw,squad_token_f1,0.7684054126149643,9
default_5shot,order,10,26,normalized,llm_llama-3.1-70b,0.7898021288218551,9
default_5shot,order,10,26,normalized,llm_qwen2.5-72b,0.7548658831231071,9
default_5shot,order,10,26,normalized,squad_token_f1,0.7626482354642685,9
default_5shot,order,10,26,raw,llm_llama-3.1-70b,0.7964556904522686,9
default_5shot,order,10,26,raw,llm_qwen2.5-72b,0.7573006533274851,9
default_5shot,order,10,26,raw,squad_token_f1,0.7641259446549408,9
default_5shot,order,10,27,normalized,llm_llama-3.1-70b,0.7944133869053354,9
default_5shot,order,10,27,normalized,llm_qwen2.5-72b,0.7561402532700262,9
default_5shot,order,10,27,normalized,squad_token_f1,0.7632622793422015,9
default_5shot,order,10,27,raw,llm_llama-3.1-70b,0.8038134946850728,9
default_5shot,order,10,27,raw,llm_qwen2.5-72b,0.7618362638679976,9
default_5shot,order,10,27,raw,squad_token_f1,0.7672719550231734,9
default_5shot,order,10,28,normalized,llm_llama-3.1-70b,0.8198671640952236,9
default_5shot,order,10,28,normalized,llm_qwen2.5-72b,0.7729654306344194,9
default_5shot,order,10,28,normalized,squad_token_f1,0.7781717510433397,9
default_5shot,order,10,28,raw,llm_llama-3.1-70b,0.8303971219631445,9
default_5shot,order,10,28,raw,llm_qwen2.5-72b,0.7693569181411029,9
default_5shot,order,10,28,raw,squad_token_f1,0.7718562503574687,9
default_5shot,order,10,29,normalized,llm_llama-3.1-70b,0.7925854180634776,9
default_5shot,order,10,29,normalized,llm_qwen2.5-72b,0.7589054619175878,9
default_5shot,order,10,29,normalized,squad_token_f1,0.7670916444215664,9
default_5shot,order,10,29,raw,llm_llama-3.1-70b,0.8027020161430387,9
default_5shot,order,10,29,raw,llm_qwen2.5-72b,0.7616791497402953,9
default_5shot,order,10,29,raw,squad_token_f1,0.7688153118720857,9
default_5shot,order,10,30,normalized,llm_llama-3.1-70b,0.7940826990746476,9
default_5shot,order,10,30,normalized,llm_qwen2.5-72b,0.7584026967089402,9
default_5shot,order,10,30,normalized,squad_token_f1,0.7661039901005788,9
default_5shot,order,10,30,raw,llm_llama-3.1-70b,0.799514552886131,9
default_5shot,order,10,30,raw,llm_qwen2.5-72b,0.7613402321219659,9
default_5shot,order,10,30,raw,squad_token_f1,0.7659951325657954,9
default_5shot,order,10,31,normalized,llm_llama-3.1-70b,0.7930814498095093,9
default_5shot,order,10,31,normalized,llm_qwen2.5-72b,0.7591393873966114,9
default_5shot,order,10,31,normalized,squad_token_f1,0.7669563630362851,9
default_5shot,order,10,31,raw,llm_llama-3.1-70b,0.805577163115408,9
default_5shot,order,10,31,raw,llm_qwen2.5-72b,0.75629512291019,9
default_5shot,order,10,31,raw,squad_token_f1,0.7618441986231947,9
default_5shot,order,10,32,normalized,llm_llama-3.1-70b,0.8239498869279465,9
default_5shot,order,10,32,normalized,llm_qwen2.5-72b,0.7696188997143589,9
default_5shot,order,10,32,normalized,squad_token_f1,0.7762507353306574,9
default_5shot,order,10,32,raw,llm_llama-3.1-70b,0.8327161763655322,9
default_5shot,order,10,32,raw,llm_qwen2.5-72b,0.766994595006721,9
default_5shot,order,10,32,raw,squad_token_f1,0.7708598378193895,9
default_5shot,order,10,33,normalized,llm_llama-3.1-70b,0.7940918848477222,9
default_5shot,order,10,33,normalized,llm_qwen2.5-72b,0.7581513141046164,9
default_5shot,order,10,33,normalized,squad_token_f1,0.7658570765203319,9
default_5shot,order,10,33,raw,llm_llama-3.1-70b,0.7996798968014749,9
default_5shot,order,10,33,raw,llm_qwen2.5-72b,0.7593291712873756,9
default_5shot,order,10,33,raw,squad_token_f1,0.7650280543764949,9
default_5shot,order,10,34,normalized,llm_llama-3.1-70b,0.7934439345469941,9
default_5shot,order,10,34,normalized,llm_qwen2.5-72b,0.7539074869441227,9
default_5shot,order,10,34,normalized,squad_token_f1,0.7635077900043787,9
default_5shot,order,10,34,raw,llm_llama-3.1-70b,0.7986124628636706,9
default_5shot,order,10,34,raw,llm_qwen2.5-72b,0.7567038690297204,9
default_5shot,order,10,34,raw,squad_token_f1,0.7634787874568576,9
default_5shot,order,10,35,normalized,llm_llama-3.1-70b,0.7998697361116845,9
default_5shot,order,10,35,normalized,llm_qwen2.5-72b,0.7604137575435305,9
default_5shot,order,10,35,normalized,squad_token_f1,0.7664864856914078,9
default_5shot,order,10,35,raw,llm_llama-3.1-70b,0.7987827529645162,9
default_5shot,order,10,35,raw,llm_qwen2.5-72b,0.760190181645935,9
default_5shot,order,10,35,raw,squad_token_f1,0.7678445348781606,9
default_5shot,order,10,36,normalized,llm_llama-3.1-70b,0.7898021288218551,9
default_5shot,order,10,36,normalized,llm_qwen2.5-72b,0.7556374880613786,9
default_5shot,order,10,36,normalized,squad_token_f1,0.7632795485955817,9
default_5shot,order,10,36,raw,llm_llama-3.1-70b,0.8054822434603031,9
default_5shot,order,10,36,raw,llm_qwen2.5-72b,0.7589372588243848,9
default_5shot,order,10,36,raw,squad_token_f1,0.76365851684955,9
default_5shot,order,10,37,normalized,llm_llama-3.1-70b,0.7921001696162727,9
default_5shot,order,10,37,normalized,llm_qwen2.5-72b,0.7597181704508845,9
default_5shot,order,10,37,normalized,squad_token_f1,0.7675309687424696,9
default_5shot,order,10,37,raw,llm_llama-3.1-70b,0.8010302054434502,9
default_5shot,order,10,37,raw,llm_qwen2.5-72b,0.7593224378247598,9
default_5shot,order,10,37,raw,squad_token_f1,0.7662798915311099,9
default_5shot,order,10,38,normalized,llm_llama-3.1-70b,0.7931959186739782,9
default_5shot,order,10,38,normalized,llm_qwen2.5-72b,0.7536561043397989,9
default_5shot,order,10,38,normalized,squad_token_f1,0.7632586718385939,9
default_5shot,order,10,38,raw,llm_llama-3.1-70b,0.8035758422483463,9
default_5shot,order,10,38,raw,llm_qwen2.5-72b,0.7564766770133127,9
default_5shot,order,10,38,raw,squad_token_f1,0.7651547623735734,9
default_5shot,order,10,39,normalized,llm_llama-3.1-70b,0.822521852513801,9
default_5shot,order,10,39,normalized,llm_qwen2.5-72b,0.7725569339023931,9
default_5shot,order,10,39,normalized,squad_token_f1,0.7764414453408118,9
default_5shot,order,10,39,raw,llm_llama-3.1-70b,0.8270443147908929,9
default_5shot,order,10,39,raw,llm_qwen2.5-72b,0.7747021652142911,9
default_5shot,order,10,39,raw,squad_token_f1,0.7772509446549408,9
default_5shot,order,10,40,normalized,llm_llama-3.1-70b,0.7939507495918527,9
default_5shot,order,10,40,normalized,llm_qwen2.5-72b,0.7557257258947145,9
default_5shot,order,10,40,normalized,squad_token_f1,0.7649380755245765,9
default_5shot,order,10,40,raw,llm_llama-3.1-70b,0.802488859101178,9
default_5shot,order,10,40,raw,llm_qwen2.5-72b,0.7554435892767937,9
default_5shot,order,10,40,raw,squad_token_f1,0.7611731584151175,9
default_5shot,order,10,41,normalized,llm_llama-3.1-70b,0.8178095509264994,9
default_5shot,order,10,41,normalized,llm_qwen2.5-72b,0.7698091823801319,9
default_5shot,order,10,41,normalized,squad_token_f1,0.7745881905708905,9
default_5shot,order,10,41,raw,llm_llama-3.1-70b,0.8325741501818393,9
default_5shot,order,10,41,raw,llm_qwen2.5-72b,0.7767374166367974,9
default_5shot,order,10,41,raw,squad_token_f1,0.7783371372689112,9
default_5shot,order,10,42,normalized,llm_llama-3.1-70b,0.8233761294097446,9
default_5shot,order,10,42,normalized,llm_qwen2.5-72b,0.7700431078591553,9
default_5shot,order,10,42,normalized,squad_token_f1,0.7733506164166495,9
default_5shot,order,10,42,raw,llm_llama-3.1-70b,0.8295520308402756,9
default_5shot,order,10,42,raw,llm_qwen2.5-72b,0.7711379190029861,9
default_5shot,order,10,42,raw,squad_token_f1,0.775754912908909,9
default_5shot,order,10,43,normalized,llm_llama-3.1-70b,0.7944623264923184,9
default_5shot,order,10,43,normalized,llm_qwen2.5-72b,0.7541353817798606,9
default_5shot,order,10,43,normalized,squad_token_f1,0.7621255254203597,9
default_5shot,order,10,43,raw,llm_llama-3.1-70b,0.8004988438009775,9
default_5shot,order,10,43,raw,llm_qwen2.5-72b,0.7587740347028272,9
default_5shot,order,10,43,raw,squad_token_f1,0.7664366175211692,9
default_5shot,order,10,44,normalized,llm_llama-3.1-70b,0.8266003357589509,9
default_5shot,order,10,44,normalized,llm_qwen2.5-72b,0.7726686595043148,9
default_5shot,order,10,44,normalized,squad_token_f1,0.7755621764615429,9
default_5shot,order,10,44,raw,llm_llama-3.1-70b,0.8347971072659076,9
default_5shot,order,10,44,raw,llm_qwen2.5-72b,0.7803375746487202,9
default_5shot,order,10,44,raw,squad_token_f1,0.7834814641354603,9
default_5shot,order,10,45,normalized,llm_llama-3.1-70b,0.793588264854368,9
default_5shot,order,10,45,normalized,llm_qwen2.5-72b,0.7594667878465607,9
default_5shot,order,10,45,normalized,squad_token_f1,0.7667957394655738,9
default_5shot,order,10,45,raw,llm_llama-3.1-70b,0.8042819691118805,9
default_5shot,order,10,45,raw,llm_qwen2.5-72b,0.7590542215638965,9
default_5shot,order,10,45,raw,squad_token_f1,0.7652565964105925,9
default_5shot,order,10,46,normalized,llm_llama-3.1-70b,0.7918903100314131,9
default_5shot,order,10,46,normalized,llm_qwen2.5-72b,0.7543867643841844,9
default_5shot,order,10,46,normalized,squad_token_f1,0.7629853137801481,9
default_5shot,order,10,46,raw,llm_llama-3.1-70b,0.8030800460349574,9
default_5shot,order,10,46,raw,llm_qwen2.5-72b,0.7555060608466181,9
default_5shot,order,10,46,raw,squad_token_f1,0.7611922759573831,9
default_5shot,order,10,47,normalized,llm_llama-3.1-70b,0.8213383009830273,9
default_5shot,order,10,47,normalized,llm_qwen2.5-72b,0.7705109588172023,9
default_5shot,order,10,47,normalized,squad_token_f1,0.7754900664727663,9
default_5shot,order,10,47,raw,llm_llama-3.1-70b,0.8331726386275501,9
default_5shot,order,10,47,raw,llm_qwen2.5-72b,0.7744753472791399,9
default_5shot,order,10,47,raw,squad_token_f1,0.7767991983559722,9
default_5shot,order,10,48,normalized,llm_llama-3.1-70b,0.7931408040355303,9
default_5shot,order,10,48,normalized,llm_qwen2.5-72b,0.7536561043397989,9
default_5shot,order,10,48,normalized,squad_token_f1,0.7621714437374769,9
default_5shot,order,10,48,raw,llm_llama-3.1-70b,0.8079513321562436,9
default_5shot,order,10,48,raw,llm_qwen2.5-72b,0.7570728378423167,9
default_5shot,order,10,48,raw,squad_token_f1,0.7643851170668909,9
default_5shot,order,10,49,normalized,llm_llama-3.1-70b,0.7930079636249121,9
default_5shot,order,10,49,normalized,llm_qwen2.5-72b,0.7599109923348829,9
default_5shot,order,10,49,normalized,squad_token_f1,0.766996479812513,9
default_5shot,order,10,49,raw,llm_llama-3.1-70b,0.8021631174559919,9
default_5shot,order,10,49,raw,llm_qwen2.5-72b,0.7581824875426526,9
default_5shot,order,10,49,raw,squad_token_f1,0.7635088499869203,9
default_5shot,samples,2,0,normalized,llm_llama-3.1-70b,0.7059296715093817,9
default_5shot,samples,2,0,normalized,llm_qwen2.5-72b,0.6517607779217687,9
default_5shot,samples,2,0,normalized,squad_token_f1,0.6655169911310261,9
default_5shot,samples,2,0,raw,llm_llama-3.1-70b,0.7076382253012689,9
default_5shot,samples,2,0,raw,llm_qwen2.5-72b,0.6395507657117565,9
default_5shot,samples,2,0,raw,squad_token_f1,0.6523335696142714,9
default_5shot,samples,2,0,surface,llm_llama-3.1-70b,0.7467071307651018,9
default_5shot,samples,2,0,surface,llm_qwen2.5-72b,0.6789719926329832,9
default_5shot,samples,2,0,surface,squad_token_f1,0.708883699146857,9
default_5shot,samples,2,1,normalized,llm_llama-3.1-70b,0.6726019663821596,9
default_5shot,samples,2,1,normalized,llm_qwen2.5-72b,0.6392295104562906,9
default_5shot,samples,2,1,normalized,squad_token_f1,0.6808161853848989,9
default_5shot,samples,2,1,raw,llm_llama-3.1-70b,0.6791606083574683,9
default_5shot,samples,2,1,raw,llm_qwen2.5-72b,0.6382239800389955,9
default_5shot,samples,2,1,raw,squad_token_f1,0.6796587779774914,9
default_5shot,samples,2,1,surface,llm_llama-3.1-70b,0.6877383999968542,9
default_5shot,samples,2,1,surface,llm_qwen2.5-72b,0.6614025988058496,9
default_5shot,samples,2,1,surface,squad_token_f1,0.7100067016587484,9
default_5shot,samples,2,2,normalized,llm_llama-3.1-70b,0.6786063283647824,9
default_5shot,samples,2,2,normalized,llm_qwen2.5-72b,0.658697762219434,9
default_5shot,samples,2,2,normalized,squad_token_f1,0.6514552198397228,9
default_5shot,samples,2,2,raw,llm_llama-3.1-70b,0.6895190267774809,9
default_5shot,samples,2,2,raw,llm_qwen2.5-72b,0.6567405690857703,9
default_5shot,samples,2,2,raw,squad_token_f1,0.6477074244252606,9
default_5shot,samples,2,2,surface,llm_llama-3.1-70b,0.7292111516145332,9
default_5shot,samples,2,2,surface,llm_qwen2.5-72b,0.6808603762938128,9
default_5shot,samples,2,2,surface,squad_token_f1,0.6750747484592514,9
default_5shot,samples,2,3,normalized,llm_llama-3.1-70b,0.6521368627346888,9
default_5shot,samples,2,3,normalized,llm_qwen2.5-72b,0.6189822819079784,9
default_5shot,samples,2,3,normalized,squad_token_f1,0.6243035830316531,9
default_5shot,samples,2,3,raw,llm_llama-3.1-70b,0.6549477092955354,9
default_5shot,samples,2,3,raw,llm_qwen2.5-72b,0.6232557861814827,9
default_5shot,samples,2,3,raw,squad_token_f1,0.6273459110739812,9
default_5shot,samples,2,3,surface,llm_llama-3.1-70b,0.6530992491137418,9
default_5shot,samples,2,3,surface,llm_qwen2.5-72b,0.6204696289835608,9
default_5shot,samples,2,3,surface,squad_token_f1,0.6565544648658683,9
default_5shot,samples,2,4,normalized,llm_llama-3.1-70b,0.6777332805412516,9
default_5shot,samples,2,4,normalized,llm_qwen2.5-72b,0.656902286739748,9
default_5shot,samples,2,4,normalized,squad_token_f1,0.6939635599942617,9
default_5shot,samples,2,4,raw,llm_llama-3.1-70b,0.6897482717229094,9
default_5shot,samples,2,4,raw,llm_qwen2.5-72b,0.6711592715849681,9
default_5shot,samples,2,4,raw,squad_token_f1,0.7066796093769778,9
default_5shot,samples,2,4,surface,llm_llama-3.1-70b,0.7074103935516979,9
default_5shot,samples,2,4,surface,llm_qwen2.5-72b,0.6704350502725116,9
default_5shot,samples,2,4,surface,squad_token_f1,0.7110735487709171,9
default_5shot,samples,2,5,normalized,llm_llama-3.1-70b,0.6651624118411559,9
default_5shot,samples,2,5,normalized,llm_qwen2.5-72b,0.6173635768256511,9
default_5shot,samples,2,5,normalized,squad_token_f1,0.6329867844414628,9
default_5shot,samples,2,5,raw,llm_llama-3.1-70b,0.6748074735695508,9
default_5shot,samples,2,5,raw,llm_qwen2.5-72b,0.628478279116824,9
default_5shot,samples,2,5,raw,squad_token_f1,0.6428633276513394,9
default_5shot,samples,2,5,surface,llm_llama-3.1-70b,0.7360875783279165,9
default_5shot,samples,2,5,surface,llm_qwen2.5-72b,0.6721221352606802,9
default_5shot,samples,2,5,surface,squad_token_f1,0.694696646217114,9
default_5shot,samples,2,6,normalized,llm_llama-3.1-70b,0.6935431941470589,9
default_5shot,samples,2,6,normalized,llm_qwen2.5-72b,0.6488537799489812,9
default_5shot,samples,2,6,normalized,squad_token_f1,0.6746044368778287,9
default_5shot,samples,2,6,raw,llm_llama-3.1-70b,0.6996058043763358,9
default_5shot,samples,2,6,raw,llm_qwen2.5-72b,0.6491590302542315,9
default_5shot,samples,2,6,raw,squad_token_f1,0.6811300100700685,9
default_5shot,samples,2,6,surface,llm_llama-3.1-70b,0.7333062859934841,9
default_5shot,samples,2,6,surface,llm_qwen2.5-72b,0.6860165082881802,9
default_5shot,samples,2,6,surface,squad_token_f1,0.7261033546267464,9
default_5shot,samples,2,7,normalized,llm_llama-3.1-70b,0.6789378149583464,9
default_5shot,samples,2,7,normalized,llm_qwen2.5-72b,0.6452431476618783,9
default_5shot,samples,2,7,normalized,squad_token_f1,0.6647700866926013,9
default_5shot,samples,2,7,raw,llm_llama-3.1-70b,0.6915590671629319,9
default_5shot,samples,2,7,raw,llm_qwen2.5-72b,0.6596258238092604,9
default_5shot,samples,2,7,raw,squad_token_f1,0.6704468944527424,9
default_5shot,samples,2,7,surface,llm_llama-3.1-70b,0.7311440963312944,9
default_5shot,samples,2,7,surface,llm_qwen2.5-72b,0.6943989210823577,9
default_5shot,samples,2,7,surface,squad_token_f1,0.7196045423603903,9
default_5shot,samples,2,8,normalized,llm_llama-3.1-70b,0.6568080894771716,9
default_5shot,samples,2,8,normalized,llm_qwen2.5-72b,0.6313843213030519,9
default_5shot,samples,2,8,normalized,squad_token_f1,0.6528630041714837,9
default_5shot,samples,2,8,raw,llm_llama-3.1-70b,0.6705316344507166,9
default_5shot,samples,2,8,raw,llm_qwen2.5-72b,0.645169963765165,9
default_5shot,samples,2,8,raw,squad_token_f1,0.6637005462590257,9
default_5shot,samples,2,8,surface,llm_llama-3.1-70b,0.7109688207212361,9
default_5shot,samples,2,8,surface,llm_qwen2.5-72b,0.6548885948073254,9
default_5shot,samples,2,8,surface,squad_token_f1,0.7014354348272477,9
default_5shot,samples,2,9,normalized,llm_llama-3.1-70b,0.6683024101502363,9
default_5shot,samples,2,9,normalized,llm_qwen2.5-72b,0.6474529261874463,9
default_5shot,samples,2,9,normalized,squad_token_f1,0.6601624642414117,9
default_5shot,samples,2,9,raw,llm_llama-3.1-70b,0.6798213695858624,9
default_5shot,samples,2,9,raw,llm_qwen2.5-72b,0.6544736832082033,9
default_5shot,samples,2,9,raw,squad_token_f1,0.6652065559521699,9
default_5shot,samples,2,9,surface,llm_llama-3.1-70b,0.6833868627346888,9
default_5shot,samples,2,9,surface,llm_qwen2.5-72b,0.6699621435496048,9
default_5shot,samples,2,9,surface,squad_token_f1,0.7022247538037011,9
default_5shot,samples,2,10,normalized,llm_llama-3.1-70b,0.6738642574995232,9
default_5shot,samples,2,10,normalized,llm_qwen2.5-72b,0.6471190631407349,9
default_5shot,samples,2,10,normalized,squad_token_f1,0.6616022203376004,9
default_5shot,samples,2,10,raw,llm_llama-3.1-70b,0.6976370382167484,9
default_5shot,samples,2,10,raw,llm_qwen2.5-72b,0.6582861368078086,9
default_5shot,samples,2,10,raw,squad_token_f1,0.670714507227665,9
default_5shot,samples,2,10,surface,llm_llama-3.1-70b,0.6932668221919429,9
default_5shot,samples,2,10,surface,llm_qwen2.5-72b,0.6683066174165245,9
default_5shot,samples,2,10,surface,squad_token_f1,0.7085048831393861,9
default_5shot,samples,2,11,normalized,llm_llama-3.1-70b,0.7022635342381719,9
default_5shot,samples,2,11,normalized,llm_qwen2.5-72b,0.6598381659333672,9
default_5shot,samples,2,11,normalized,squad_token_f1,0.6688857033155279,9
default_5shot,samples,2,11,raw,llm_llama-3.1-70b,0.7224354919101296,9
default_5shot,samples,2,11,raw,llm_qwen2.5-72b,0.6663741136457855,9
default_5shot,samples,2,11,raw,squad_token_f1,0.6741656856788435,9
default_5shot,samples,2,11,surface,llm_llama-3.1-70b,0.7342163841258045,9
default_5shot,samples,2,11,surface,llm_qwen2.5-72b,0.6867541965258683,9
default_5shot,samples,2,11,surface,squad_token_f1,0.7174095381551522,9
default_5shot,samples,2,12,normalized,llm_llama-3.1-70b,0.6682464967489122,9
default_5shot,samples,2,12,normalized,llm_qwen2.5-72b,0.6516072220406586,9
default_5shot,samples,2,12,normalized,squad_token_f1,0.6603519812437941,9
default_5shot,samples,2,12,raw,llm_llama-3.1-70b,0.6752460558318046,9
default_5shot,samples,2,12,raw,llm_qwen2.5-72b,0.6605851721950793,9
default_5shot,samples,2,12,raw,squad_token_f1,0.6678211170462632,9
default_5shot,samples,2,12,surface,llm_llama-3.1-70b,0.6797199267006031,9
default_5shot,samples,2,12,surface,llm_qwen2.5-72b,0.656330167940075,9
default_5shot,samples,2,12,surface,squad_token_f1,0.6638433485509508,9
default_5shot,samples,2,13,normalized,llm_llama-3.1-70b,0.6626007792976392,9
default_5shot,samples,2,13,normalized,llm_qwen2.5-72b,0.63370140566348,9
default_5shot,samples,2,13,normalized,squad_token_f1,0.6319658820170516,9
default_5shot,samples,2,13,raw,llm_llama-3.1-70b,0.6754976046944646,9
default_5shot,samples,2,13,raw,llm_qwen2.5-72b,0.6401116620737364,9
default_5shot,samples,2,13,raw,squad_token_f1,0.6379248767260463,9
default_5shot,samples,2,13,surface,llm_llama-3.1-70b,0.7244639195122287,9
default_5shot,samples,2,13,surface,llm_qwen2.5-72b,0.6785493953644108,9
default_5shot,samples,2,13,surface,squad_token_f1,0.7054041388544312,9
default_5shot,samples,2,14,normalized,llm_llama-3.1-70b,0.6662878072902227,9
default_5shot,samples,2,14,normalized,llm_qwen2.5-72b,0.6439107632993082,9
default_5shot,samples,2,14,normalized,squad_token_f1,0.6470239642315666,9
default_5shot,samples,2,14,raw,llm_llama-3.1-70b,0.6806727279251433,9
default_5shot,samples,2,14,raw,llm_qwen2.5-72b,0.6534633022636118,9
default_5shot,samples,2,14,raw,squad_token_f1,0.6546959219035242,9
default_5shot,samples,2,14,surface,llm_llama-3.1-70b,0.6975208489399312,9
default_5shot,samples,2,14,surface,llm_qwen2.5-72b,0.6653411303179104,9
default_5shot,samples,2,14,surface,squad_token_f1,0.6873171741081098,9
default_5shot,samples,2,15,normalized,llm_llama-3.1-70b,0.6763235255083081,9
default_5shot,samples,2,15,normalized,llm_qwen2.5-72b,0.6354799454644655,9
default_5shot,samples,2,15,normalized,squad_token_f1,0.645623507421753,9
default_5shot,samples,2,15,raw,llm_llama-3.1-70b,0.6742842838857332,9
default_5shot,samples,2,15,raw,llm_qwen2.5-72b,0.6272381872227073,9
default_5shot,samples,2,15,raw,squad_token_f1,0.6364083398732521,9
default_5shot,samples,2,15,surface,llm_llama-3.1-70b,0.7237571372535141,9
default_5shot,samples,2,15,surface,llm_qwen2.5-72b,0.6803926852301465,9
default_5shot,samples,2,15,surface,squad_token_f1,0.7151184569167026,9
default_5shot,samples,2,16,normalized,llm_llama-3.1-70b,0.665312702148451,9
default_5shot,samples,2,16,normalized,llm_qwen2.5-72b,0.643297585054551,9
default_5shot,samples,2,16,normalized,squad_token_f1,0.6484254793830817,9
default_5shot,samples,2,16,raw,llm_llama-3.1-70b,0.6713753123777279,9
default_5shot,samples,2,16,raw,llm_qwen2.5-72b,0.6443031154718462,9
default_5shot,samples,2,16,raw,squad_token_f1,0.6477751266493956,9
default_5shot,samples,2,16,surface,llm_llama-3.1-70b,0.7390815259172747,9
default_5shot,samples,2,16,surface,llm_qwen2.5-72b,0.6806383760718125,9
default_5shot,samples,2,16,surface,squad_token_f1,0.7000843297919321,9
default_5shot,samples,2,17,normalized,llm_llama-3.1-70b,0.6322611846464503,9
default_5shot,samples,2,17,normalized,llm_qwen2.5-72b,0.6288289632910375,9
default_5shot,samples,2,17,normalized,squad_token_f1,0.6380860962732308,9
default_5shot,samples,2,17,raw,llm_llama-3.1-70b,0.6392056290908948,9
default_5shot,samples,2,17,raw,llm_qwen2.5-72b,0.6366756917260014,9
default_5shot,samples,2,17,raw,squad_token_f1,0.6452620221991566,9
default_5shot,samples,2,17,surface,llm_llama-3.1-70b,0.6880818065902606,9
default_5shot,samples,2,17,surface,llm_qwen2.5-72b,0.668891161441471,9
default_5shot,samples,2,17,surface,squad_token_f1,0.6823743210439117,9
default_5shot,samples,2,18,normalized,llm_llama-3.1-70b,0.6703309606389316,9
default_5shot,samples,2,18,normalized,llm_qwen2.5-72b,0.648668597198009,9
default_5shot,samples,2,18,normalized,squad_token_f1,0.6540421234061584,9
default_5shot,samples,2,18,raw,llm_llama-3.1-70b,0.6913847525260569,9
default_5shot,samples,2,18,raw,llm_qwen2.5-72b,0.6556130416424534,9
default_5shot,samples,2,18,raw,squad_token_f1,0.6575494185801203,9
default_5shot,samples,2,18,surface,llm_llama-3.1-70b,0.7129336545097414,9
default_5shot,samples,2,18,surface,llm_qwen2.5-72b,0.672850841968489,9
default_5shot,samples,2,18,surface,squad_token_f1,0.6981403529868442,9
default_5shot,samples,2,19,normalized,llm_llama-3.1-70b,0.682858941916913,9
default_5shot,samples,2,19,normalized,llm_qwen2.5-72b,0.6450893913161715,9
default_5shot,samples,2,19,normalized,squad_token_f1,0.6370869619334533,9
default_5shot,samples,2,19,raw,llm_llama-3.1-70b,0.6820873369786413,9
default_5shot,samples,2,19,raw,llm_qwen2.5-72b,0.6385534436037532,9
default_5shot,samples,2,19,raw,squad_token_f1,0.6293709125507372,9
default_5shot,samples,2,19,surface,llm_llama-3.1-70b,0.6973563037874633,9
default_5shot,samples,2,19,surface,llm_qwen2.5-72b,0.6693668567701075,9
default_5shot,samples,2,19,surface,squad_token_f1,0.6766032610988751,9
default_5shot,samples,2,20,normalized,llm_llama-3.1-70b,0.6779298990953581,9
default_5shot,samples,2,20,normalized,llm_qwen2.5-72b,0.6534624395499009,9
default_5shot,samples,2,20,normalized,squad_token_f1,0.6729781594840074,9
default_5shot,samples,2,20,raw,llm_llama-3.1-70b,0.6810163188484445,9
default_5shot,samples,2,20,raw,llm_qwen2.5-72b,0.65673041340611,9
default_5shot,samples,2,20,raw,squad_token_f1,0.6760645792370938,9
default_5shot,samples,2,20,surface,llm_llama-3.1-70b,0.692557582201302,9
default_5shot,samples,2,20,surface,llm_qwen2.5-72b,0.6737292098166711,9
default_5shot,samples,2,20,surface,squad_token_f1,0.6972085587144066,9
default_5shot,samples,2,21,normalized,llm_llama-3.1-70b,0.66238990589836,9
default_5shot,samples,2,21,normalized,llm_qwen2.5-72b,0.650162316183988,9
default_5shot,samples,2,21,normalized,squad_token_f1,0.6588649267669735,9
default_5shot,samples,2,21,raw,llm_llama-3.1-70b,0.6678462551047093,9
default_5shot,samples,2,21,raw,llm_qwen2.5-72b,0.649031094464531,9
default_5shot,samples,2,21,raw,squad_token_f1,0.6573834452854921,9
default_5shot,samples,2,21,surface,llm_llama-3.1-70b,0.6611996877697361,9
default_5shot,samples,2,21,surface,llm_qwen2.5-72b,0.6564249805348877,9
default_5shot,samples,2,21,surface,squad_token_f1,0.6703371890725692,9
default_5shot,samples,2,22,normalized,llm_llama-3.1-70b,0.697759986256363,9
default_5shot,samples,2,22,normalized,llm_qwen2.5-72b,0.6518068454020466,9
default_5shot,samples,2,22,normalized,squad_token_f1,0.6658152114292465,9
default_5shot,samples,2,22,raw,llm_llama-3.1-70b,0.7043186282316717,9
default_5shot,samples,2,22,raw,llm_qwen2.5-72b,0.6518068454020466,9
default_5shot,samples,2,22,raw,squad_token_f1,0.6651979274786293,9
default_5shot,samples,2,22,surface,llm_llama-3.1-70b,0.7065158405738116,9
default_5shot,samples,2,22,surface,llm_qwen2.5-72b,0.675938623210295,9
default_5shot,samples,2,22,surface,squad_token_f1,0.7267032585672937,9
default_5shot,samples,2,23,normalized,llm_llama-3.1-70b,0.6799220137082456,9
default_5shot,samples,2,23,normalized,llm_qwen2.5-72b,0.6514760000634614,9
default_5shot,samples,2,23,normalized,squad_token_f1,0.6668594887893133,9
default_5shot,samples,2,23,raw,llm_llama-3.1-70b,0.6913307438669758,9
default_5shot,samples,2,23,raw,llm_qwen2.5-72b,0.6577605651715559,9
default_5shot,samples,2,23,raw,squad_token_f1,0.6710151325282904,9
default_5shot,samples,2,23,surface,llm_llama-3.1-70b,0.6761764302525172,9
default_5shot,samples,2,23,surface,llm_qwen2.5-72b,0.6593088534845502,9
default_5shot,samples,2,23,surface,squad_token_f1,0.7004576782866256,9
default_5shot,samples,2,24,normalized,llm_llama-3.1-70b,0.6569384107125653,9
default_5shot,samples,2,24,normalized,llm_qwen2.5-72b,0.6275823849353261,9
default_5shot,samples,2,24,normalized,squad_token_f1,0.6262894364137055,9
default_5shot,samples,2,24,raw,llm_llama-3.1-70b,0.6854326787901667,9
default_5shot,samples,2,24,raw,llm_qwen2.5-72b,0.6436708716120481,9
default_5shot,samples,2,24,raw,squad_token_f1,0.6475306180715538,9
default_5shot,samples,2,24,surface,llm_llama-3.1-70b,0.6646758423630404,9
default_5shot,samples,2,24,surface,llm_qwen2.5-72b,0.6427243780184957,9
default_5shot,samples,2,24,surface,squad_token_f1,0.6858065372465957,9
default_5shot,samples,2,25,normalized,llm_llama-3.1-70b,0.649262238030354,9
default_5shot,samples,2,25,normalized,llm_qwen2.5-72b,0.619795806618562,9
default_5shot,samples,2,25,normalized,squad_token_f1,0.6212034189007873,9
default_5shot,samples,2,25,raw,llm_llama-3.1-70b,0.6567027142208302,9
default_5shot,samples,2,25,raw,llm_qwen2.5-72b,0.6208013370358572,9
default_5shot,samples,2,25,raw,squad_token_f1,0.6214679691653376,9
default_5shot,samples,2,25,surface,llm_llama-3.1-70b,0.6312908106386367,9
default_5shot,samples,2,25,surface,llm_qwen2.5-72b,0.617948525359516,9
default_5shot,samples,2,25,surface,squad_token_f1,0.6542797228762142,9
default_5shot,samples,2,26,normalized,llm_llama-3.1-70b,0.6788539448563603,9
default_5shot,samples,2,26,normalized,llm_qwen2.5-72b,0.6527190846076295,9
default_5shot,samples,2,26,normalized,squad_token_f1,0.6314866466109156,9
default_5shot,samples,2,26,raw,llm_llama-3.1-70b,0.6862944210468365,9
default_5shot,samples,2,26,raw,llm_qwen2.5-72b,0.6534193647196743,9
default_5shot,samples,2,26,raw,squad_token_f1,0.6317511968754659,9
default_5shot,samples,2,26,surface,llm_llama-3.1-70b,0.6840114953037658,9
default_5shot,samples,2,26,surface,llm_qwen2.5-72b,0.6503395197280646,9
default_5shot,samples,2,26,surface,squad_token_f1,0.6484181694415612,9
default_5shot,samples,2,27,normalized,llm_llama-3.1-70b,0.6432275845017391,9
default_5shot,samples,2,27,normalized,llm_qwen2.5-72b,0.649189275350266,9
default_5shot,samples,2,27,normalized,squad_token_f1,0.6466764308357875,9
default_5shot,samples,2,27,raw,llm_llama-3.1-70b,0.6599273199514745,9
default_5shot,samples,2,27,raw,llm_qwen2.5-72b,0.6527624995117255,9
default_5shot,samples,2,27,raw,squad_token_f1,0.648484190976881,9
default_5shot,samples,2,27,surface,llm_llama-3.1-70b,0.6898800061541608,9
default_5shot,samples,2,27,surface,llm_qwen2.5-72b,0.6823717791210051,9
default_5shot,samples,2,27,surface,squad_token_f1,0.673985633978324,9
default_5shot,samples,2,28,normalized,llm_llama-3.1-70b,0.6902491574894957,9
default_5shot,samples,2,28,normalized,llm_qwen2.5-72b,0.627343112540481,9
default_5shot,samples,2,28,normalized,squad_token_f1,0.6607392147596826,9
default_5shot,samples,2,28,raw,llm_llama-3.1-70b,0.7049280228628054,9
default_5shot,samples,2,28,raw,llm_qwen2.5-72b,0.6440406035026778,9
default_5shot,samples,2,28,raw,squad_token_f1,0.6758810430959553,9
default_5shot,samples,2,28,surface,llm_llama-3.1-70b,0.7132022846092894,9
default_5shot,samples,2,28,surface,llm_qwen2.5-72b,0.6525756414494804,9
default_5shot,samples,2,28,surface,squad_token_f1,0.7052586151124163,9
default_5shot,samples,2,29,normalized,llm_llama-3.1-70b,0.701262377137981,9
default_5shot,samples,2,29,normalized,llm_qwen2.5-72b,0.666002391428088,9
default_5shot,samples,2,29,normalized,squad_token_f1,0.6826646020213272,9
default_5shot,samples,2,29,raw,llm_llama-3.1-70b,0.7073249873672579,9
default_5shot,samples,2,29,raw,llm_qwen2.5-72b,0.6663076417333383,9
default_5shot,samples,2,29,raw,squad_token_f1,0.6817827678061597,9
default_5shot,samples,2,29,surface,llm_llama-3.1-70b,0.7174364037286742,9
default_5shot,samples,2,29,surface,llm_qwen2.5-72b,0.6733029612286577,9
default_5shot,samples,2,29,surface,squad_token_f1,0.7197962358196276,9
default_5shot,samples,2,30,normalized,llm_llama-3.1-70b,0.6506295971875682,9
default_5shot,samples,2,30,normalized,llm_qwen2.5-72b,0.628889131307862,9
default_5shot,samples,2,30,normalized,squad_token_f1,0.6442849337147583,9
default_5shot,samples,2,30,raw,llm_llama-3.1-70b,0.6633610786690497,9
default_5shot,samples,2,30,raw,llm_qwen2.5-72b,0.6278836008905668,9
default_5shot,samples,2,30,raw,squad_token_f1,0.6421244398875978,9
default_5shot,samples,2,30,surface,llm_llama-3.1-70b,0.6702430352792672,9
default_5shot,samples,2,30,surface,llm_qwen2.5-72b,0.6526019381089041,9
default_5shot,samples,2,30,surface,squad_token_f1,0.7016081660379906,9
default_5shot,samples,2,31,normalized,llm_llama-3.1-70b,0.6858902470315514,9
default_5shot,samples,2,31,normalized,llm_qwen2.5-72b,0.6406019805787607,9
default_5shot,samples,2,31,normalized,squad_token_f1,0.65104929833,9
default_5shot,samples,2,31,raw,llm_llama-3.1-70b,0.6962517990597701,9
default_5shot,samples,2,31,raw,llm_qwen2.5-72b,0.6456116767649276,9
default_5shot,samples,2,31,raw,squad_token_f1,0.6541643776950794,9
default_5shot,samples,2,31,surface,llm_llama-3.1-70b,0.7243274539470191,9
default_5shot,samples,2,31,surface,llm_qwen2.5-72b,0.6735740466390622,9
default_5shot,samples,2,31,surface,squad_token_f1,0.6780038691003604,9
default_5shot,samples,2,32,normalized,llm_llama-3.1-70b,0.6460935457010336,9
default_5shot,samples,2,32,normalized,llm_qwen2.5-72b,0.6330863480631282,9
default_5shot,samples,2,32,normalized,squad_token_f1,0.650994718136531,9
default_5shot,samples,2,32,raw,llm_llama-3.1-70b,0.645211711485866,9
default_5shot,samples,2,32,raw,llm_qwen2.5-72b,0.6326913182563337,9
default_5shot,samples,2,32,raw,squad_token_f1,0.6501128839213635,9
default_5shot,samples,2,32,surface,llm_llama-3.1-70b,0.7116471547329035,9
default_5shot,samples,2,32,surface,llm_qwen2.5-72b,0.6708661064311219,9
default_5shot,samples,2,32,surface,squad_token_f1,0.691073882799029,9
default_5shot,samples,2,33,normalized,llm_llama-3.1-70b,0.6803819167949603,9
default_5shot,samples,2,33,normalized,llm_qwen2.5-72b,0.6652111075485689,9
default_5shot,samples,2,33,normalized,squad_token_f1,0.6826445111094235,9
default_5shot,samples,2,33,raw,llm_llama-3.1-70b,0.6934992007455776,9
default_5shot,samples,2,33,raw,llm_qwen2.5-72b,0.6655163578538192,9
default_5shot,samples,2,33,raw,squad_token_f1,0.6811013012328802,9
default_5shot,samples,2,33,surface,llm_llama-3.1-70b,0.7206803026549403,9
default_5shot,samples,2,33,surface,llm_qwen2.5-72b,0.6933754813011779,9
default_5shot,samples,2,33,surface,squad_token_f1,0.7116804110444461,9
default_5shot,samples,2,34,normalized,llm_llama-3.1-70b,0.7004942130244063,9
default_5shot,samples,2,34,normalized,llm_qwen2.5-72b,0.6517422779032686,9
default_5shot,samples,2,34,normalized,squad_token_f1,0.6571681026359388,9
default_5shot,samples,2,34,raw,llm_llama-3.1-70b,0.7160365410667343,9
default_5shot,samples,2,34,raw,llm_qwen2.5-72b,0.6594880043989951,9
default_5shot,samples,2,34,raw,squad_token_f1,0.6652699544877908,9
default_5shot,samples,2,34,surface,llm_llama-3.1-70b,0.740334723426511,9
default_5shot,samples,2,34,surface,llm_qwen2.5-72b,0.6879299464438783,9
default_5shot,samples,2,34,surface,squad_token_f1,0.6896641997811588,9
default_5shot,samples,2,35,normalized,llm_llama-3.1-70b,0.6699316406442011,9
default_5shot,samples,2,35,normalized,llm_qwen2.5-72b,0.6431074622831588,9
default_5shot,samples,2,35,normalized,squad_token_f1,0.65545740051588,9
default_5shot,samples,2,35,raw,llm_llama-3.1-70b,0.6804585365877637,9
default_5shot,samples,2,35,raw,llm_qwen2.5-72b,0.6549224446863766,9
default_5shot,samples,2,35,raw,squad_token_f1,0.658775301750448,9
default_5shot,samples,2,35,surface,llm_llama-3.1-70b,0.6735459812150633,9
default_5shot,samples,2,35,surface,llm_qwen2.5-72b,0.6425608955601215,9
default_5shot,samples,2,35,surface,squad_token_f1,0.6850550689293379,9
default_5shot,samples,2,36,normalized,llm_llama-3.1-70b,0.6675681627372448,9
default_5shot,samples,2,36,normalized,llm_qwen2.5-72b,0.6413256112366019,9
default_5shot,samples,2,36,normalized,squad_token_f1,0.6393275557018246,9
default_5shot,samples,2,36,raw,llm_llama-3.1-70b,0.6842678981869803,9
default_5shot,samples,2,36,raw,llm_qwen2.5-72b,0.6521350632225246,9
default_5shot,samples,2,36,raw,squad_token_f1,0.6485427232503256,9
default_5shot,samples,2,36,surface,llm_llama-3.1-70b,0.7021631973322795,9
default_5shot,samples,2,36,surface,llm_qwen2.5-72b,0.6706535817410431,9
default_5shot,samples,2,36,surface,squad_token_f1,0.6745337846580537,9
default_5shot,samples,2,37,normalized,llm_llama-3.1-70b,0.676141407572567,9
default_5shot,samples,2,37,normalized,llm_qwen2.5-72b,0.6543561536789091,9
default_5shot,samples,2,37,normalized,squad_token_f1,0.6608591132713939,9
default_5shot,samples,2,37,raw,llm_llama-3.1-70b,0.6896444939923201,9
default_5shot,samples,2,37,raw,llm_qwen2.5-72b,0.6556669344014545,9
default_5shot,samples,2,37,raw,squad_token_f1,0.6599331873454681,9
default_5shot,samples,2,37,surface,llm_llama-3.1-70b,0.7051859003851758,9
default_5shot,samples,2,37,surface,llm_qwen2.5-72b,0.6611511016503276,9
default_5shot,samples,2,37,surface,squad_token_f1,0.7017432575546612,9
default_5shot,samples,2,38,normalized,llm_llama-3.1-70b,0.6586206053295425,9
default_5shot,samples,2,38,normalized,llm_qwen2.5-72b,0.6232241593116207,9
default_5shot,samples,2,38,normalized,squad_token_f1,0.6226394549786363,9
default_5shot,samples,2,38,raw,llm_llama-3.1-70b,0.6601638152060858,9
default_5shot,samples,2,38,raw,llm_qwen2.5-72b,0.625791853055785,9
default_5shot,samples,2,38,raw,squad_token_f1,0.6241826648551795,9
default_5shot,samples,2,38,surface,llm_llama-3.1-70b,0.6662444897650212,9
default_5shot,samples,2,38,surface,llm_qwen2.5-72b,0.6345877956752569,9
default_5shot,samples,2,38,surface,squad_token_f1,0.6547690846082659,9
default_5shot,samples,2,39,normalized,llm_llama-3.1-70b,0.6772835770420311,9
default_5shot,samples,2,39,normalized,llm_qwen2.5-72b,0.6576798531132897,9
default_5shot,samples,2,39,normalized,squad_token_f1,0.6526655373000403,9
default_5shot,samples,2,39,raw,llm_llama-3.1-70b,0.699623377159609,9
default_5shot,samples,2,39,raw,llm_qwen2.5-72b,0.6750776241875314,9
default_5shot,samples,2,39,raw,squad_token_f1,0.6678294114916922,9
default_5shot,samples,2,39,surface,llm_llama-3.1-70b,0.7083608599309082,9
default_5shot,samples,2,39,surface,llm_qwen2.5-72b,0.6746158038727699,9
default_5shot,samples,2,39,surface,squad_token_f1,0.6914470027481723,9
default_5shot,samples,2,40,normalized,llm_llama-3.1-70b,0.668396295509822,9
default_5shot,samples,2,40,normalized,llm_qwen2.5-72b,0.6384169809092409,9
default_5shot,samples,2,40,normalized,squad_token_f1,0.6526087138440939,9
default_5shot,samples,2,40,raw,llm_llama-3.1-70b,0.6698843907479173,9
default_5shot,samples,2,40,raw,llm_qwen2.5-72b,0.63331750522153,9
default_5shot,samples,2,40,raw,squad_token_f1,0.6471589783943585,9
default_5shot,samples,2,40,surface,llm_llama-3.1-70b,0.6793864124781999,9
default_5shot,samples,2,40,surface,llm_qwen2.5-72b,0.6525877230211595,9
default_5shot,samples,2,40,surface,squad_token_f1,0.6762877662731464,9
default_5shot,samples,2,41,normalized,llm_llama-3.1-70b,0.7316801276644271,9
default_5shot,samples,2,41,normalized,llm_qwen2.5-72b,0.6719099506444708,9
default_5shot,samples,2,41,normalized,squad_token_f1,0.6783447957716964,9
default_5shot,samples,2,41,raw,llm_llama-3.1-70b,0.7477736020912349,9
default_5shot,samples,2,41,raw,llm_qwen2.5-72b,0.6829236509964064,9
default_5shot,samples,2,41,raw,squad_token_f1,0.6800092578528251,9
default_5shot,samples,2,41,surface,llm_llama-3.1-70b,0.7315721103462649,9
default_5shot,samples,2,41,surface,llm_qwen2.5-72b,0.6791562446554706,9
default_5shot,samples,2,41,surface,squad_token_f1,0.7155342551102785,9
default_5shot,samples,2,42,normalized,llm_llama-3.1-70b,0.691293202011801,9
default_5shot,samples,2,42,normalized,llm_qwen2.5-72b,0.6537046186813988,9
default_5shot,samples,2,42,normalized,squad_token_f1,0.6610137858675871,9
default_5shot,samples,2,42,raw,llm_llama-3.1-70b,0.6987336782022773,9
default_5shot,samples,2,42,raw,llm_qwen2.5-72b,0.6625568775336578,9
default_5shot,samples,2,42,raw,squad_token_f1,0.6686857435395448,9
default_5shot,samples,2,42,surface,llm_llama-3.1-70b,0.7139571155271639,9
default_5shot,samples,2,42,surface,llm_qwen2.5-72b,0.6775935837468345,9
default_5shot,samples,2,42,surface,squad_token_f1,0.7100208257737497,9
default_5shot,samples,2,43,normalized,llm_llama-3.1-70b,0.6741819193510015,9
default_5shot,samples,2,43,normalized,llm_qwen2.5-72b,0.6369630756240663,9
default_5shot,samples,2,43,normalized,squad_token_f1,0.6408497218073241,9
default_5shot,samples,2,43,raw,llm_llama-3.1-70b,0.6943538770229591,9
default_5shot,samples,2,43,raw,llm_qwen2.5-72b,0.6445045537537797,9
default_5shot,samples,2,43,raw,squad_token_f1,0.6463611856521213,9
default_5shot,samples,2,43,surface,llm_llama-3.1-70b,0.6925118683874723,9
default_5shot,samples,2,43,surface,llm_qwen2.5-72b,0.6601093193585454,9
default_5shot,samples,2,43,surface,squad_token_f1,0.6808929169163087,9
default_5shot,samples,2,44,normalized,llm_llama-3.1-70b,0.6594830849057902,9
default_5shot,samples,2,44,normalized,llm_qwen2.5-72b,0.6589107415345805,9
default_5shot,samples,2,44,normalized,squad_token_f1,0.6483143324078997,9
default_5shot,samples,2,44,raw,llm_llama-3.1-70b,0.6748049543943264,9
default_5shot,samples,2,44,raw,llm_qwen2.5-72b,0.6690199134084582,9
default_5shot,samples,2,44,raw,squad_token_f1,0.6566917574519914,9
default_5shot,samples,2,44,surface,llm_llama-3.1-70b,0.6605525669535331,9
default_5shot,samples,2,44,surface,llm_qwen2.5-72b,0.656458808935589,9
default_5shot,samples,2,44,surface,squad_token_f1,0.6651968480404152,9
default_5shot,samples,2,45,normalized,llm_llama-3.1-70b,0.6931806172446269,9
default_5shot,samples,2,45,normalized,llm_qwen2.5-72b,0.6591094091094091,9
default_5shot,samples,2,45,normalized,squad_token_f1,0.6788480530731992,9
default_5shot,samples,2,45,raw,llm_llama-3.1-70b,0.7059120987261084,9
default_5shot,samples,2,45,raw,llm_qwen2.5-72b,0.6584091289973643,9
default_5shot,samples,2,45,raw,squad_token_f1,0.6766875592460387,9
default_5shot,samples,2,45,surface,llm_llama-3.1-70b,0.7535438651078747,9
default_5shot,samples,2,45,surface,llm_qwen2.5-72b,0.7016768634415693,9
default_5shot,samples,2,45,surface,squad_token_f1,0.727551756776903,9
default_5shot,samples,2,46,normalized,llm_llama-3.1-70b,0.5978450114923546,9
default_5shot,samples,2,46,normalized,llm_qwen2.5-72b,0.5851075237685145,9
default_5shot,samples,2,46,normalized,squad_token_f1,0.6017156176074305,9
default_5shot,samples,2,46,raw,llm_llama-3.1-70b,0.6057815194288625,9
default_5shot,samples,2,46,raw,llm_qwen2.5-72b,0.5946600627328181,9
default_5shot,samples,2,46,raw,squad_token_f1,0.6098836070254199,9
default_5shot,samples,2,46,surface,llm_llama-3.1-70b,0.6639752044341417,9
default_5shot,samples,2,46,surface,llm_qwen2.5-72b,0.6350583898958512,9
default_5shot,samples,2,46,surface,squad_token_f1,0.66002790716972,9
default_5shot,samples,2,47,normalized,llm_llama-3.1-70b,0.7212840445026436,9
default_5shot,samples,2,47,normalized,llm_qwen2.5-72b,0.7070313730530449,9
default_5shot,samples,2,47,normalized,squad_token_f1,0.6906128571991146,9
default_5shot,samples,2,47,raw,llm_llama-3.1-70b,0.7256381009400333,9
default_5shot,samples,2,47,raw,llm_qwen2.5-72b,0.7133159381611394,9
default_5shot,samples,2,47,raw,squad_token_f1,0.6954298765994672,9
default_5shot,samples,2,47,surface,llm_llama-3.1-70b,0.7687569185153725,9
default_5shot,samples,2,47,surface,llm_qwen2.5-72b,0.7233483893700612,9
default_5shot,samples,2,47,surface,squad_token_f1,0.7184161934015736,9
default_5shot,samples,2,48,normalized,llm_llama-3.1-70b,0.7027801494890867,9
default_5shot,samples,2,48,normalized,llm_qwen2.5-72b,0.6925496673948687,9
default_5shot,samples,2,48,normalized,squad_token_f1,0.6868825754059672,9
default_5shot,samples,2,48,raw,llm_llama-3.1-70b,0.719865687407958,9
default_5shot,samples,2,48,raw,llm_qwen2.5-72b,0.6958176412510778,9
default_5shot,samples,2,48,raw,squad_token_f1,0.6890761380161965,9
default_5shot,samples,2,48,surface,llm_llama-3.1-70b,0.6994203685024941,9
default_5shot,samples,2,48,surface,llm_qwen2.5-72b,0.6959309538643904,9
default_5shot,samples,2,48,surface,squad_token_f1,0.7159050474108953,9
default_5shot,samples,2,49,normalized,llm_llama-3.1-70b,0.6785105382629537,9
default_5shot,samples,2,49,normalized,llm_qwen2.5-72b,0.6558018757128665,9
default_5shot,samples,2,49,normalized,squad_token_f1,0.6429391731292315,9
default_5shot,samples,2,49,raw,llm_llama-3.1-70b,0.6814867287391442,9
default_5shot,samples,2,49,raw,llm_qwen2.5-72b,0.6603806302916211,9
default_5shot,samples,2,49,raw,squad_token_f1,0.646378326568385,9
default_5shot,samples,2,49,surface,llm_llama-3.1-70b,0.7213792201714907,9
default_5shot,samples,2,49,surface,llm_qwen2.5-72b,0.6801945581937843,9
default_5shot,samples,2,49,surface,squad_token_f1,0.6848281021014939,9
default_5shot,samples,4,0,normalized,llm_llama-3.1-70b,0.7305644402564693,9
default_5shot,samples,4,0,normalized,llm_qwen2.5-72b,0.6878817072638022,9
default_5shot,samples,4,0,normalized,squad_token_f1,0.6911776139985204,9
default_5shot,samples,4,0,raw,llm_llama-3.1-70b,0.7417131730990427,9
default_5shot,samples,4,0,raw,llm_qwen2.5-72b,0.6940044652247955,9
default_5shot,samples,4,0,raw,squad_token_f1,0.6911273824994585,9
default_5shot,samples,4,0,surface,llm_llama-3.1-70b,0.7586629827722823,9
default_5shot,samples,4,0,surface,llm_qwen2.5-72b,0.7127006610043245,9
default_5shot,samples,4,0,surface,squad_token_f1,0.7502864930986276,9
default_5shot,samples,4,1,normalized,llm_llama-3.1-70b,0.7330780139002764,9
default_5shot,samples,4,1,normalized,llm_qwen2.5-72b,0.6936383029165536,9
default_5shot,samples,4,1,normalized,squad_token_f1,0.7097472842928496,9
default_5shot,samples,4,1,raw,llm_llama-3.1-70b,0.7467372584622987,9
default_5shot,samples,4,1,raw,llm_qwen2.5-72b,0.6970387015375406,9
default_5shot,samples,4,1,raw,squad_token_f1,0.7123068081023735,9
default_5shot,samples,4,1,surface,llm_llama-3.1-70b,0.7854670583635962,9
default_5shot,samples,4,1,surface,llm_qwen2.5-72b,0.7181365216549686,9
default_5shot,samples,4,1,surface,squad_token_f1,0.7563987769414182,9
default_5shot,samples,4,2,normalized,llm_llama-3.1-70b,0.7305624638303785,9
default_5shot,samples,4,2,normalized,llm_qwen2.5-72b,0.7045050507866555,9
default_5shot,samples,4,2,normalized,squad_token_f1,0.69932204259714,9
default_5shot,samples,4,2,raw,llm_llama-3.1-70b,0.743461685515832,9
default_5shot,samples,4,2,raw,llm_qwen2.5-72b,0.7137981473959286,9
default_5shot,samples,4,2,raw,squad_token_f1,0.7035645230969305,9
default_5shot,samples,4,2,surface,llm_llama-3.1-70b,0.7599419147828971,9
default_5shot,samples,4,2,surface,llm_qwen2.5-72b,0.7335798929742429,9
default_5shot,samples,4,2,surface,squad_token_f1,0.751140052127138,9
default_5shot,samples,4,3,normalized,llm_llama-3.1-70b,0.6907194956963475,9
default_5shot,samples,4,3,normalized,llm_qwen2.5-72b,0.6729575303007965,9
default_5shot,samples,4,3,normalized,squad_token_f1,0.6785451012960759,9
default_5shot,samples,4,3,raw,llm_llama-3.1-70b,0.7055820765311506,9
default_5shot,samples,4,3,raw,llm_qwen2.5-72b,0.6847758794353221,9
default_5shot,samples,4,3,raw,squad_token_f1,0.6892983346881982,9
default_5shot,samples,4,3,surface,llm_llama-3.1-70b,0.746868194130674,9
default_5shot,samples,4,3,surface,llm_qwen2.5-72b,0.7166573172603875,9
default_5shot,samples,4,3,surface,squad_token_f1,0.7538963367781594,9
default_5shot,samples,4,4,normalized,llm_llama-3.1-70b,0.7294867452878725,9
default_5shot,samples,4,4,normalized,llm_qwen2.5-72b,0.7058032666746548,9
default_5shot,samples,4,4,normalized,squad_token_f1,0.71887198823846,9
default_5shot,samples,4,4,raw,llm_llama-3.1-70b,0.7446830758777216,9
default_5shot,samples,4,4,raw,llm_qwen2.5-72b,0.71147683239724,9
default_5shot,samples,4,4,raw,squad_token_f1,0.7237368961357753,9
default_5shot,samples,4,4,surface,llm_llama-3.1-70b,0.7666930278896865,9
default_5shot,samples,4,4,surface,llm_qwen2.5-72b,0.7241841913055793,9
default_5shot,samples,4,4,surface,squad_token_f1,0.7603694000480063,9
default_5shot,samples,4,5,normalized,llm_llama-3.1-70b,0.7764463936716353,9
default_5shot,samples,4,5,normalized,llm_qwen2.5-72b,0.7327076810597193,9
default_5shot,samples,4,5,normalized,squad_token_f1,0.7335479611627272,9
default_5shot,samples,4,5,raw,llm_llama-3.1-70b,0.7808647505205477,9
default_5shot,samples,4,5,raw,llm_qwen2.5-72b,0.7303995997075202,9
default_5shot,samples,4,5,raw,squad_token_f1,0.7283227260069365,9
default_5shot,samples,4,5,surface,llm_llama-3.1-70b,0.7991141166714839,9
default_5shot,samples,4,5,surface,llm_qwen2.5-72b,0.7535019739128356,9
default_5shot,samples,4,5,surface,squad_token_f1,0.7772567287326059,9
default_5shot,samples,4,6,normalized,llm_llama-3.1-70b,0.7636606167956812,9
default_5shot,samples,4,6,normalized,llm_qwen2.5-72b,0.7150421668449274,9
default_5shot,samples,4,6,normalized,squad_token_f1,0.7160860074334734,9
default_5shot,samples,4,6,raw,llm_llama-3.1-70b,0.7766125568309545,9
default_5shot,samples,4,6,raw,llm_qwen2.5-72b,0.7140628221155827,9
default_5shot,samples,4,6,raw,squad_token_f1,0.7140816717485821,9
default_5shot,samples,4,6,surface,llm_llama-3.1-70b,0.782023560883263,9
default_5shot,samples,4,6,surface,llm_qwen2.5-72b,0.7324894526745661,9
default_5shot,samples,4,6,surface,squad_token_f1,0.7735016881897974,9
default_5shot,samples,4,7,normalized,llm_llama-3.1-70b,0.7572324496640116,9
default_5shot,samples,4,7,normalized,llm_qwen2.5-72b,0.6914150777508621,9
default_5shot,samples,4,7,normalized,squad_token_f1,0.7134767802409128,9
default_5shot,samples,4,7,raw,llm_llama-3.1-70b,0.7745598796071823,9
default_5shot,samples,4,7,raw,llm_qwen2.5-72b,0.707323506649487,9
default_5shot,samples,4,7,raw,squad_token_f1,0.726689351277558,9
default_5shot,samples,4,7,surface,llm_llama-3.1-70b,0.7793707157636304,9
default_5shot,samples,4,7,surface,llm_qwen2.5-72b,0.7193920254582019,9
default_5shot,samples,4,7,surface,squad_token_f1,0.776267062976371,9
default_5shot,samples,4,8,normalized,llm_llama-3.1-70b,0.765421858215739,9
default_5shot,samples,4,8,normalized,llm_qwen2.5-72b,0.7318245360686021,9
default_5shot,samples,4,8,normalized,squad_token_f1,0.7457460192053271,9
default_5shot,samples,4,8,raw,llm_llama-3.1-70b,0.7737533543944575,9
default_5shot,samples,4,8,raw,llm_qwen2.5-72b,0.7334809678720927,9
default_5shot,samples,4,8,raw,squad_token_f1,0.7407215483058562,9
default_5shot,samples,4,8,surface,llm_llama-3.1-70b,0.7604323551887964,9
default_5shot,samples,4,8,surface,llm_qwen2.5-72b,0.7289377623484952,9
default_5shot,samples,4,8,surface,squad_token_f1,0.7811574599142825,9
default_5shot,samples,4,9,normalized,llm_llama-3.1-70b,0.7438515330020966,9
default_5shot,samples,4,9,normalized,llm_qwen2.5-72b,0.6884398251626064,9
default_5shot,samples,4,9,normalized,squad_token_f1,0.7171178738325424,9
default_5shot,samples,4,9,raw,llm_llama-3.1-70b,0.7519441990808738,9
default_5shot,samples,4,9,raw,llm_qwen2.5-72b,0.6966793389168261,9
default_5shot,samples,4,9,raw,squad_token_f1,0.7188901401464753,9
default_5shot,samples,4,9,surface,llm_llama-3.1-70b,0.7833132454710554,9
default_5shot,samples,4,9,surface,llm_qwen2.5-72b,0.7236224393893383,9
default_5shot,samples,4,9,surface,squad_token_f1,0.7668769495521445,9
default_5shot,samples,4,10,normalized,llm_llama-3.1-70b,0.7135650458416158,9
default_5shot,samples,4,10,normalized,llm_qwen2.5-72b,0.6951389301750499,9
default_5shot,samples,4,10,normalized,squad_token_f1,0.6907974235532716,9
default_5shot,samples,4,10,raw,llm_llama-3.1-70b,0.730010641569619,9
default_5shot,samples,4,10,raw,llm_qwen2.5-72b,0.7059759394801964,9
default_5shot,samples,4,10,raw,squad_token_f1,0.6989875813036144,9
default_5shot,samples,4,10,surface,llm_llama-3.1-70b,0.7734247658764567,9
default_5shot,samples,4,10,surface,llm_qwen2.5-72b,0.7271675179634416,9
default_5shot,samples,4,10,surface,squad_token_f1,0.7454394037844331,9
default_5shot,samples,4,11,normalized,llm_llama-3.1-70b,0.7329734169257116,9
default_5shot,samples,4,11,normalized,llm_qwen2.5-72b,0.6978334058442418,9
default_5shot,samples,4,11,normalized,squad_token_f1,0.7127746558455623,9
default_5shot,samples,4,11,raw,llm_llama-3.1-70b,0.748938290529474,9
default_5shot,samples,4,11,raw,llm_qwen2.5-72b,0.704725104831529,9
default_5shot,samples,4,11,raw,squad_token_f1,0.7138359433235164,9
default_5shot,samples,4,11,surface,llm_llama-3.1-70b,0.7796713987837176,9
default_5shot,samples,4,11,surface,llm_qwen2.5-72b,0.7225801505664767,9
default_5shot,samples,4,11,surface,squad_token_f1,0.7662343094689585,9
default_5shot,samples,4,12,normalized,llm_llama-3.1-70b,0.7830920905598844,9
default_5shot,samples,4,12,normalized,llm_qwen2.5-72b,0.7303502317208458,9
default_5shot,samples,4,12,normalized,squad_token_f1,0.7572332361252926,9
default_5shot,samples,4,12,raw,llm_llama-3.1-70b,0.7938761881495375,9
default_5shot,samples,4,12,raw,llm_qwen2.5-72b,0.7378917098505592,9
default_5shot,samples,4,12,raw,squad_token_f1,0.7637970221335232,9
default_5shot,samples,4,12,surface,llm_llama-3.1-70b,0.8013808725865892,9
default_5shot,samples,4,12,surface,llm_qwen2.5-72b,0.7366365425414703,9
default_5shot,samples,4,12,surface,squad_token_f1,0.7865985299715806,9
default_5shot,samples,4,13,normalized,llm_llama-3.1-70b,0.779239053016227,9
default_5shot,samples,4,13,normalized,llm_qwen2.5-72b,0.7388736922405653,9
default_5shot,samples,4,13,normalized,squad_token_f1,0.736412104897485,9
default_5shot,samples,4,13,raw,llm_llama-3.1-70b,0.7920440206823057,9
default_5shot,samples,4,13,raw,llm_qwen2.5-72b,0.7418117264285995,9
default_5shot,samples,4,13,raw,squad_token_f1,0.7386218344683257,9
default_5shot,samples,4,13,surface,llm_llama-3.1-70b,0.7991407523412355,9
default_5shot,samples,4,13,surface,llm_qwen2.5-72b,0.7600882257100008,9
default_5shot,samples,4,13,surface,squad_token_f1,0.777779526327041,9
default_5shot,samples,4,14,normalized,llm_llama-3.1-70b,0.7814472227465383,9
default_5shot,samples,4,14,normalized,llm_qwen2.5-72b,0.7333667567478197,9
default_5shot,samples,4,14,normalized,squad_token_f1,0.7485568028282453,9
default_5shot,samples,4,14,raw,llm_llama-3.1-70b,0.7862268866697208,9
default_5shot,samples,4,14,raw,llm_qwen2.5-72b,0.7322739407040232,9
default_5shot,samples,4,14,raw,squad_token_f1,0.7457170517014572,9
default_5shot,samples,4,14,surface,llm_llama-3.1-70b,0.7954876615303346,9
default_5shot,samples,4,14,surface,llm_qwen2.5-72b,0.7374512479646639,9
default_5shot,samples,4,14,surface,squad_token_f1,0.7849800115233838,9
default_5shot,samples,4,15,normalized,llm_llama-3.1-70b,0.7305944348265202,9
default_5shot,samples,4,15,normalized,llm_qwen2.5-72b,0.711698678094447,9
default_5shot,samples,4,15,normalized,squad_token_f1,0.7117893645683606,9
default_5shot,samples,4,15,raw,llm_llama-3.1-70b,0.73925049498721,9
default_5shot,samples,4,15,raw,llm_qwen2.5-72b,0.7073674406136996,9
default_5shot,samples,4,15,raw,squad_token_f1,0.7061681613545648,9
default_5shot,samples,4,15,surface,llm_llama-3.1-70b,0.7856720536873516,9
default_5shot,samples,4,15,surface,llm_qwen2.5-72b,0.7384344241929381,9
default_5shot,samples,4,15,surface,squad_token_f1,0.7478264863430556,9
default_5shot,samples,4,16,normalized,llm_llama-3.1-70b,0.7495530819302961,9
default_5shot,samples,4,16,normalized,llm_qwen2.5-72b,0.6927806282650194,9
default_5shot,samples,4,16,normalized,squad_token_f1,0.7208209719491396,9
default_5shot,samples,4,16,raw,llm_llama-3.1-70b,0.7661242165569863,9
default_5shot,samples,4,16,raw,llm_qwen2.5-72b,0.6965985015681868,9
default_5shot,samples,4,16,raw,squad_token_f1,0.7266454869403213,9
default_5shot,samples,4,16,surface,llm_llama-3.1-70b,0.7933121386724447,9
default_5shot,samples,4,16,surface,llm_qwen2.5-72b,0.7249045954380062,9
default_5shot,samples,4,16,surface,squad_token_f1,0.7790594957980436,9
default_5shot,samples,4,17,normalized,llm_llama-3.1-70b,0.7835098640251619,9
default_5shot,samples,4,17,normalized,llm_qwen2.5-72b,0.7219950045511191,9
default_5shot,samples,4,17,normalized,squad_token_f1,0.7324426303787903,9
default_5shot,samples,4,17,raw,llm_llama-3.1-70b,0.7979529612228888,9
default_5shot,samples,4,17,raw,llm_qwen2.5-72b,0.7265541822107869,9
default_5shot,samples,4,17,raw,squad_token_f1,0.7394114477411261,9
default_5shot,samples,4,17,surface,llm_llama-3.1-70b,0.780018379328967,9
default_5shot,samples,4,17,surface,llm_qwen2.5-72b,0.7404352834080646,9
default_5shot,samples,4,17,surface,squad_token_f1,0.7762194932711501,9
default_5shot,samples,4,18,normalized,llm_llama-3.1-70b,0.7341471887315285,9
default_5shot,samples,4,18,normalized,llm_qwen2.5-72b,0.7001850685577466,9
default_5shot,samples,4,18,normalized,squad_token_f1,0.730003269373396,9
default_5shot,samples,4,18,raw,llm_llama-3.1-70b,0.7461897372324103,9
default_5shot,samples,4,18,raw,llm_qwen2.5-72b,0.7068568077662505,9
default_5shot,samples,4,18,raw,squad_token_f1,0.7345568408019676,9
default_5shot,samples,4,18,surface,llm_llama-3.1-70b,0.7806694120351527,9
default_5shot,samples,4,18,surface,llm_qwen2.5-72b,0.733924454625564,9
default_5shot,samples,4,18,surface,squad_token_f1,0.7878222795812951,9
default_5shot,samples,4,19,normalized,llm_llama-3.1-70b,0.7467335616238595,9
default_5shot,samples,4,19,normalized,llm_qwen2.5-72b,0.710282958331849,9
default_5shot,samples,4,19,normalized,squad_token_f1,0.734193781545146,9
default_5shot,samples,4,19,raw,llm_llama-3.1-70b,0.7535861483375573,9
default_5shot,samples,4,19,raw,llm_qwen2.5-72b,0.7142332563997941,9
default_5shot,samples,4,19,raw,squad_token_f1,0.7373055540319187,9
default_5shot,samples,4,19,surface,llm_llama-3.1-70b,0.7752224226912231,9
default_5shot,samples,4,19,surface,llm_qwen2.5-72b,0.715755291010064,9
default_5shot,samples,4,19,surface,squad_token_f1,0.7702003091576679,9
default_5shot,samples,4,20,normalized,llm_llama-3.1-70b,0.7862128878382904,9
default_5shot,samples,4,20,normalized,llm_qwen2.5-72b,0.7385812346790159,9
default_5shot,samples,4,20,normalized,squad_token_f1,0.7419089911694687,9
default_5shot,samples,4,20,raw,llm_llama-3.1-70b,0.7969449327138538,9
default_5shot,samples,4,20,raw,llm_qwen2.5-72b,0.73819019507229,9
default_5shot,samples,4,20,raw,squad_token_f1,0.743376265321928,9
default_5shot,samples,4,20,surface,llm_llama-3.1-70b,0.7972948010941168,9
default_5shot,samples,4,20,surface,llm_qwen2.5-72b,0.751031497742024,9
default_5shot,samples,4,20,surface,squad_token_f1,0.7747940429543744,9
default_5shot,samples,4,21,normalized,llm_llama-3.1-70b,0.7452102593759196,9
default_5shot,samples,4,21,normalized,llm_qwen2.5-72b,0.6977230536634562,9
default_5shot,samples,4,21,normalized,squad_token_f1,0.7171274994678991,9
default_5shot,samples,4,21,raw,llm_llama-3.1-70b,0.7547267202812694,9
default_5shot,samples,4,21,raw,llm_qwen2.5-72b,0.6935034170908784,9
default_5shot,samples,4,21,raw,squad_token_f1,0.7086556446765999,9
default_5shot,samples,4,21,surface,llm_llama-3.1-70b,0.7889705757056803,9
default_5shot,samples,4,21,surface,llm_qwen2.5-72b,0.7281413009934682,9
default_5shot,samples,4,21,surface,squad_token_f1,0.7693474401023134,9
default_5shot,samples,4,22,normalized,llm_llama-3.1-70b,0.7849668791949388,9
default_5shot,samples,4,22,normalized,llm_qwen2.5-72b,0.7257076041099518,9
default_5shot,samples,4,22,normalized,squad_token_f1,0.7522713406458533,9
default_5shot,samples,4,22,raw,llm_llama-3.1-70b,0.7921624014367573,9
default_5shot,samples,4,22,raw,llm_qwen2.5-72b,0.7314945164532367,9
default_5shot,samples,4,22,raw,squad_token_f1,0.7582954196190063,9
default_5shot,samples,4,22,surface,llm_llama-3.1-70b,0.8051067020219597,9
default_5shot,samples,4,22,surface,llm_qwen2.5-72b,0.747314605496365,9
default_5shot,samples,4,22,surface,squad_token_f1,0.8106132774885212,9
default_5shot,samples,4,23,normalized,llm_llama-3.1-70b,0.76253369550471,9
default_5shot,samples,4,23,normalized,llm_qwen2.5-72b,0.7403431866312413,9
default_5shot,samples,4,23,normalized,squad_token_f1,0.7498973373388578,9
default_5shot,samples,4,23,raw,llm_llama-3.1-70b,0.7724818877445689,9
default_5shot,samples,4,23,raw,llm_qwen2.5-72b,0.7439669117623194,9
default_5shot,samples,4,23,raw,squad_token_f1,0.7555649593259243,9
default_5shot,samples,4,23,surface,llm_llama-3.1-70b,0.7736780965947633,9
default_5shot,samples,4,23,surface,llm_qwen2.5-72b,0.745796157770487,9
default_5shot,samples,4,23,surface,squad_token_f1,0.7879777027445156,9
default_5shot,samples,4,24,normalized,llm_llama-3.1-70b,0.7626476421011446,9
default_5shot,samples,4,24,normalized,llm_qwen2.5-72b,0.7253703093002629,9
default_5shot,samples,4,24,normalized,squad_token_f1,0.7297440490254818,9
default_5shot,samples,4,24,raw,llm_llama-3.1-70b,0.7752137796672821,9
default_5shot,samples,4,24,raw,llm_qwen2.5-72b,0.7317962771232894,9
default_5shot,samples,4,24,raw,squad_token_f1,0.734717740971396,9
default_5shot,samples,4,24,surface,llm_llama-3.1-70b,0.7837897280077232,9
default_5shot,samples,4,24,surface,llm_qwen2.5-72b,0.7350242582924471,9
default_5shot,samples,4,24,surface,squad_token_f1,0.7810294486215539,9
default_5shot,samples,4,25,normalized,llm_llama-3.1-70b,0.7565269474740087,9
default_5shot,samples,4,25,normalized,llm_qwen2.5-72b,0.7173661260671065,9
default_5shot,samples,4,25,normalized,squad_token_f1,0.7427707314254586,9
default_5shot,samples,4,25,raw,llm_llama-3.1-70b,0.7695156306015807,9
default_5shot,samples,4,25,raw,llm_qwen2.5-72b,0.7244149391820961,9
default_5shot,samples,4,25,raw,squad_token_f1,0.74688632519383,9
default_5shot,samples,4,25,surface,llm_llama-3.1-70b,0.7795267715004027,9
default_5shot,samples,4,25,surface,llm_qwen2.5-72b,0.7344437969437969,9
default_5shot,samples,4,25,surface,squad_token_f1,0.7847187088325003,9
default_5shot,samples,4,26,normalized,llm_llama-3.1-70b,0.7530572853892097,9
default_5shot,samples,4,26,normalized,llm_qwen2.5-72b,0.7028879082542654,9
default_5shot,samples,4,26,normalized,squad_token_f1,0.7084220428784269,9
default_5shot,samples,4,26,raw,llm_llama-3.1-70b,0.7707062173899936,9
default_5shot,samples,4,26,raw,llm_qwen2.5-72b,0.7135891260633263,9
default_5shot,samples,4,26,raw,squad_token_f1,0.7159989584183054,9
default_5shot,samples,4,26,surface,llm_llama-3.1-70b,0.7879714871965274,9
default_5shot,samples,4,26,surface,llm_qwen2.5-72b,0.7296403179723614,9
default_5shot,samples,4,26,surface,squad_token_f1,0.7665313892662821,9
default_5shot,samples,4,27,normalized,llm_llama-3.1-70b,0.7809483031654931,9
default_5shot,samples,4,27,normalized,llm_qwen2.5-72b,0.7219804660948882,9
default_5shot,samples,4,27,normalized,squad_token_f1,0.7373809802752298,9
default_5shot,samples,4,27,raw,llm_llama-3.1-70b,0.7928989939356285,9
default_5shot,samples,4,27,raw,llm_qwen2.5-72b,0.7289264068643584,9
default_5shot,samples,4,27,raw,squad_token_f1,0.7423872266009206,9
default_5shot,samples,4,27,surface,llm_llama-3.1-70b,0.7895207799595884,9
default_5shot,samples,4,27,surface,llm_qwen2.5-72b,0.7393255483909509,9
default_5shot,samples,4,27,surface,squad_token_f1,0.7844777935767214,9
default_5shot,samples,4,28,normalized,llm_llama-3.1-70b,0.7757107842655346,9
default_5shot,samples,4,28,normalized,llm_qwen2.5-72b,0.7415450279711115,9
default_5shot,samples,4,28,normalized,squad_token_f1,0.7573228871608502,9
default_5shot,samples,4,28,raw,llm_llama-3.1-70b,0.7746697299837396,9
default_5shot,samples,4,28,raw,llm_qwen2.5-72b,0.7358291910665492,9
default_5shot,samples,4,28,raw,squad_token_f1,0.7503121826732938,9
default_5shot,samples,4,28,surface,llm_llama-3.1-70b,0.7747270770620207,9
default_5shot,samples,4,28,surface,llm_qwen2.5-72b,0.7370496595051548,9
default_5shot,samples,4,28,surface,squad_token_f1,0.7890980922189499,9
default_5shot,samples,4,29,normalized,llm_llama-3.1-70b,0.7582360132933804,9
default_5shot,samples,4,29,normalized,llm_qwen2.5-72b,0.7276452328535661,9
default_5shot,samples,4,29,normalized,squad_token_f1,0.7461265889189865,9
default_5shot,samples,4,29,raw,llm_llama-3.1-70b,0.768955810471511,9
default_5shot,samples,4,29,raw,llm_qwen2.5-72b,0.7331756501486894,9
default_5shot,samples,4,29,raw,squad_token_f1,0.7501051309530842,9
default_5shot,samples,4,29,surface,llm_llama-3.1-70b,0.7725988450626132,9
default_5shot,samples,4,29,surface,llm_qwen2.5-72b,0.7286955169920856,9
default_5shot,samples,4,29,surface,squad_token_f1,0.7656193682860349,9
default_5shot,samples,4,30,normalized,llm_llama-3.1-70b,0.7226236824918387,9
default_5shot,samples,4,30,normalized,llm_qwen2.5-72b,0.6954010078042585,9
default_5shot,samples,4,30,normalized,squad_token_f1,0.7092243298810064,9
default_5shot,samples,4,30,raw,llm_llama-3.1-70b,0.7374495202343431,9
default_5shot,samples,4,30,raw,llm_qwen2.5-72b,0.7078478134495936,9
default_5shot,samples,4,30,raw,squad_token_f1,0.7183531511626053,9
default_5shot,samples,4,30,surface,llm_llama-3.1-70b,0.7939016871182732,9
default_5shot,samples,4,30,surface,llm_qwen2.5-72b,0.7389779600821913,9
default_5shot,samples,4,30,surface,squad_token_f1,0.7681486352431771,9
default_5shot,samples,4,31,normalized,llm_llama-3.1-70b,0.7296202001314723,9
default_5shot,samples,4,31,normalized,llm_qwen2.5-72b,0.6838274211693974,9
default_5shot,samples,4,31,normalized,squad_token_f1,0.7045199447599546,9
default_5shot,samples,4,31,raw,llm_llama-3.1-70b,0.7369688185912019,9
default_5shot,samples,4,31,raw,llm_qwen2.5-72b,0.6858654158544509,9
default_5shot,samples,4,31,raw,squad_token_f1,0.7041223845012832,9
default_5shot,samples,4,31,surface,llm_llama-3.1-70b,0.7959686089466685,9
default_5shot,samples,4,31,surface,llm_qwen2.5-72b,0.7363098878675504,9
default_5shot,samples,4,31,surface,squad_token_f1,0.7644013415740999,9
default_5shot,samples,4,32,normalized,llm_llama-3.1-70b,0.7394616551218806,9
default_5shot,samples,4,32,normalized,llm_qwen2.5-72b,0.6938048269478867,9
default_5shot,samples,4,32,normalized,squad_token_f1,0.701127811344673,9
default_5shot,samples,4,32,raw,llm_llama-3.1-70b,0.7603776604128858,9
default_5shot,samples,4,32,raw,llm_qwen2.5-72b,0.7058745586867361,9
default_5shot,samples,4,32,raw,squad_token_f1,0.7116907155186882,9
default_5shot,samples,4,32,surface,llm_llama-3.1-70b,0.7990565238200101,9
default_5shot,samples,4,32,surface,llm_qwen2.5-72b,0.7409866756003237,9
default_5shot,samples,4,32,surface,squad_token_f1,0.7767116197011421,9
default_5shot,samples,4,33,normalized,llm_llama-3.1-70b,0.7202228573001519,9
default_5shot,samples,4,33,normalized,llm_qwen2.5-72b,0.6930324845862771,9
default_5shot,samples,4,33,normalized,squad_token_f1,0.6711381269531854,9
default_5shot,samples,4,33,raw,llm_llama-3.1-70b,0.7329267814624095,9
default_5shot,samples,4,33,raw,llm_qwen2.5-72b,0.705400733167761,9
default_5shot,samples,4,33,raw,squad_token_f1,0.6810910957950431,9
default_5shot,samples,4,33,surface,llm_llama-3.1-70b,0.7642125107402885,9
default_5shot,samples,4,33,surface,llm_qwen2.5-72b,0.7376798760473942,9
default_5shot,samples,4,33,surface,squad_token_f1,0.7381215556427545,9
default_5shot,samples,4,34,normalized,llm_llama-3.1-70b,0.7969636934008915,9
default_5shot,samples,4,34,normalized,llm_qwen2.5-72b,0.7462862793906395,9
default_5shot,samples,4,34,normalized,squad_token_f1,0.747086176088369,9
default_5shot,samples,4,34,raw,llm_llama-3.1-70b,0.7969177645355181,9
default_5shot,samples,4,34,raw,llm_qwen2.5-72b,0.7400589487147795,9
default_5shot,samples,4,34,raw,squad_token_f1,0.7411194653299916,9
default_5shot,samples,4,34,surface,llm_llama-3.1-70b,0.8037275252703996,9
default_5shot,samples,4,34,surface,llm_qwen2.5-72b,0.7629781477981942,9
default_5shot,samples,4,34,surface,squad_token_f1,0.7868286439302521,9
default_5shot,samples,4,35,normalized,llm_llama-3.1-70b,0.8001871521899703,9
default_5shot,samples,4,35,normalized,llm_qwen2.5-72b,0.7258575003189296,9
default_5shot,samples,4,35,normalized,squad_token_f1,0.7296405577402166,9
default_5shot,samples,4,35,raw,llm_llama-3.1-70b,0.8164735278513459,9
default_5shot,samples,4,35,raw,llm_qwen2.5-72b,0.7379339655203948,9
default_5shot,samples,4,35,raw,squad_token_f1,0.7349642643833677,9
default_5shot,samples,4,35,surface,llm_llama-3.1-70b,0.7915100989024098,9
default_5shot,samples,4,35,surface,llm_qwen2.5-72b,0.733033172323033,9
default_5shot,samples,4,35,surface,squad_token_f1,0.7654134822653341,9
default_5shot,samples,4,36,normalized,llm_llama-3.1-70b,0.7368220305519018,9
default_5shot,samples,4,36,normalized,llm_qwen2.5-72b,0.698622717295318,9
default_5shot,samples,4,36,normalized,squad_token_f1,0.7142361470923849,9
default_5shot,samples,4,36,raw,llm_llama-3.1-70b,0.7415894467776513,9
default_5shot,samples,4,36,raw,llm_qwen2.5-72b,0.7037042370827201,9
default_5shot,samples,4,36,raw,squad_token_f1,0.7200444951229552,9
default_5shot,samples,4,36,surface,llm_llama-3.1-70b,0.7808582887336912,9
default_5shot,samples,4,36,surface,llm_qwen2.5-72b,0.7304927626457555,9
default_5shot,samples,4,36,surface,squad_token_f1,0.7654810508782243,9
default_5shot,samples,4,37,normalized,llm_llama-3.1-70b,0.7771358386797195,9
default_5shot,samples,4,37,normalized,llm_qwen2.5-72b,0.7063994859724994,9
default_5shot,samples,4,37,normalized,squad_token_f1,0.7282598448046791,9
default_5shot,samples,4,37,raw,llm_llama-3.1-70b,0.7996042396203427,9
default_5shot,samples,4,37,raw,llm_qwen2.5-72b,0.7148570890992202,9
default_5shot,samples,4,37,raw,squad_token_f1,0.7377770405718749,9
default_5shot,samples,4,37,surface,llm_llama-3.1-70b,0.770465431345061,9
default_5shot,samples,4,37,surface,llm_qwen2.5-72b,0.71314682360219,9
default_5shot,samples,4,37,surface,squad_token_f1,0.7565670156498617,9
default_5shot,samples,4,38,normalized,llm_llama-3.1-70b,0.7743428311564382,9
default_5shot,samples,4,38,normalized,llm_qwen2.5-72b,0.7437370707494547,9
default_5shot,samples,4,38,normalized,squad_token_f1,0.7531528356759838,9
default_5shot,samples,4,38,raw,llm_llama-3.1-70b,0.7954792950012354,9
default_5shot,samples,4,38,raw,llm_qwen2.5-72b,0.7574441561477165,9
default_5shot,samples,4,38,raw,squad_token_f1,0.7606888439064365,9
default_5shot,samples,4,38,surface,llm_llama-3.1-70b,0.7578034319932468,9
default_5shot,samples,4,38,surface,llm_qwen2.5-72b,0.7297547068896397,9
default_5shot,samples,4,38,surface,squad_token_f1,0.7720045806388399,9
default_5shot,samples,4,39,normalized,llm_llama-3.1-70b,0.7800540164418989,9
default_5shot,samples,4,39,normalized,llm_qwen2.5-72b,0.7408372095549598,9
default_5shot,samples,4,39,normalized,squad_token_f1,0.7405645734941544,9
default_5shot,samples,4,39,raw,llm_llama-3.1-70b,0.7854552510098001,9
default_5shot,samples,4,39,raw,llm_qwen2.5-72b,0.7424667075079872,9
default_5shot,samples,4,39,raw,squad_token_f1,0.7408057551520026,9
default_5shot,samples,4,39,surface,llm_llama-3.1-70b,0.812884829616915,9
default_5shot,samples,4,39,surface,llm_qwen2.5-72b,0.759516651028519,9
default_5shot,samples,4,39,surface,squad_token_f1,0.7923640107095272,9
default_5shot,samples,4,40,normalized,llm_llama-3.1-70b,0.7469849159160753,9
default_5shot,samples,4,40,normalized,llm_qwen2.5-72b,0.6988793859601393,9
default_5shot,samples,4,40,normalized,squad_token_f1,0.6926248579501504,9
default_5shot,samples,4,40,raw,llm_llama-3.1-70b,0.7530781453889345,9
default_5shot,samples,4,40,raw,llm_qwen2.5-72b,0.7022186846425753,9
default_5shot,samples,4,40,raw,squad_token_f1,0.6947410151126038,9
default_5shot,samples,4,40,surface,llm_llama-3.1-70b,0.7816108872117327,9
default_5shot,samples,4,40,surface,llm_qwen2.5-72b,0.7359849818892646,9
default_5shot,samples,4,40,surface,squad_token_f1,0.7623015774565483,9
default_5shot,samples,4,41,normalized,llm_llama-3.1-70b,0.7787038102054206,9
default_5shot,samples,4,41,normalized,llm_qwen2.5-72b,0.7391232652939309,9
default_5shot,samples,4,41,normalized,squad_token_f1,0.7520142047505595,9
default_5shot,samples,4,41,raw,llm_llama-3.1-70b,0.785593140011417,9
default_5shot,samples,4,41,raw,llm_qwen2.5-72b,0.7428255474888602,9
default_5shot,samples,4,41,raw,squad_token_f1,0.758875977237332,9
default_5shot,samples,4,41,surface,llm_llama-3.1-70b,0.7944527720594547,9
default_5shot,samples,4,41,surface,llm_qwen2.5-72b,0.7505168961728559,9
default_5shot,samples,4,41,surface,squad_token_f1,0.7759942671399787,9
default_5shot,samples,4,42,normalized,llm_llama-3.1-70b,0.8006229490227075,9
default_5shot,samples,4,42,normalized,llm_qwen2.5-72b,0.7565366278601573,9
default_5shot,samples,4,42,normalized,squad_token_f1,0.758624887133659,9
default_5shot,samples,4,42,raw,llm_llama-3.1-70b,0.8056567526676223,9
default_5shot,samples,4,42,raw,llm_qwen2.5-72b,0.7590504539033951,9
default_5shot,samples,4,42,raw,squad_token_f1,0.7604186848996791,9
default_5shot,samples,4,42,surface,llm_llama-3.1-70b,0.8175403166345195,9
default_5shot,samples,4,42,surface,llm_qwen2.5-72b,0.7648436802848567,9
default_5shot,samples,4,42,surface,squad_token_f1,0.7861564000489438,9
default_5shot,samples,4,43,normalized,llm_llama-3.1-70b,0.7293849337428243,9
default_5shot,samples,4,43,normalized,llm_qwen2.5-72b,0.6995947456635021,9
default_5shot,samples,4,43,normalized,squad_token_f1,0.6999903178728715,9
default_5shot,samples,4,43,raw,llm_llama-3.1-70b,0.7442934434430006,9
default_5shot,samples,4,43,raw,llm_qwen2.5-72b,0.703796426335771,9
default_5shot,samples,4,43,raw,squad_token_f1,0.708509571253236,9
default_5shot,samples,4,43,surface,llm_llama-3.1-70b,0.7590653646913711,9
default_5shot,samples,4,43,surface,llm_qwen2.5-72b,0.7164880058165662,9
default_5shot,samples,4,43,surface,squad_token_f1,0.7457990741209551,9
default_5shot,samples,4,44,normalized,llm_llama-3.1-70b,0.7873542687854282,9
default_5shot,samples,4,44,normalized,llm_qwen2.5-72b,0.7252285897796733,9
default_5shot,samples,4,44,normalized,squad_token_f1,0.7413705714904545,9
default_5shot,samples,4,44,raw,llm_llama-3.1-70b,0.7959980812486851,9
default_5shot,samples,4,44,raw,llm_qwen2.5-72b,0.7286009323064276,9
default_5shot,samples,4,44,raw,squad_token_f1,0.7419277437420713,9
default_5shot,samples,4,44,surface,llm_llama-3.1-70b,0.8260241614710213,9
default_5shot,samples,4,44,surface,llm_qwen2.5-72b,0.7614000708040956,9
default_5shot,samples,4,44,surface,squad_token_f1,0.795780629323027,9
default_5shot,samples,4,45,normalized,llm_llama-3.1-70b,0.7688618431875276,9
default_5shot,samples,4,45,normalized,llm_qwen2.5-72b,0.7129059248189795,9
default_5shot,samples,4,45,normalized,squad_token_f1,0.7318141810990251,9
default_5shot,samples,4,45,raw,llm_llama-3.1-70b,0.7796183834579566,9
default_5shot,samples,4,45,raw,llm_qwen2.5-72b,0.7182354604793975,9
default_5shot,samples,4,45,raw,squad_token_f1,0.7403554803347688,9
default_5shot,samples,4,45,surface,llm_llama-3.1-70b,0.7682461506183326,9
default_5shot,samples,4,45,surface,llm_qwen2.5-72b,0.7147292422060224,9
default_5shot,samples,4,45,surface,squad_token_f1,0.7732166596579364,9
default_5shot,samples,4,46,normalized,llm_llama-3.1-70b,0.7806806663992654,9
default_5shot,samples,4,46,normalized,llm_qwen2.5-72b,0.7456928654039078,9
default_5shot,samples,4,46,normalized,squad_token_f1,0.7391101227395087,9
default_5shot,samples,4,46,raw,llm_llama-3.1-70b,0.795965792795503,9
default_5shot,samples,4,46,raw,llm_qwen2.5-72b,0.7527383117875893,9
default_5shot,samples,4,46,raw,squad_token_f1,0.7433197788241648,9
default_5shot,samples,4,46,surface,llm_llama-3.1-70b,0.7955936307385583,9
default_5shot,samples,4,46,surface,llm_qwen2.5-72b,0.7544591989251432,9
default_5shot,samples,4,46,surface,squad_token_f1,0.7852144857795442,9
default_5shot,samples,4,47,normalized,llm_llama-3.1-70b,0.7636435970020914,9
default_5shot,samples,4,47,normalized,llm_qwen2.5-72b,0.7338141096042282,9
default_5shot,samples,4,47,normalized,squad_token_f1,0.7373013282832971,9
default_5shot,samples,4,47,raw,llm_llama-3.1-70b,0.7688549922597829,9
default_5shot,samples,4,47,raw,llm_qwen2.5-72b,0.7314939329580712,9
default_5shot,samples,4,47,raw,squad_token_f1,0.7344560656926641,9
default_5shot,samples,4,47,surface,llm_llama-3.1-70b,0.8009271138296903,9
default_5shot,samples,4,47,surface,llm_qwen2.5-72b,0.7534717848991586,9
default_5shot,samples,4,47,surface,squad_token_f1,0.7907218257249933,9
default_5shot,samples,4,48,normalized,llm_llama-3.1-70b,0.7513834777824311,9
default_5shot,samples,4,48,normalized,llm_qwen2.5-72b,0.7001989984607373,9
default_5shot,samples,4,48,normalized,squad_token_f1,0.6965874820796848,9
default_5shot,samples,4,48,raw,llm_llama-3.1-70b,0.7630218522680278,9
default_5shot,samples,4,48,raw,llm_qwen2.5-72b,0.7058061024134296,9
default_5shot,samples,4,48,raw,squad_token_f1,0.7007328377528182,9
default_5shot,samples,4,48,surface,llm_llama-3.1-70b,0.8031885651400548,9
default_5shot,samples,4,48,surface,llm_qwen2.5-72b,0.747176440046022,9
default_5shot,samples,4,48,surface,squad_token_f1,0.7630266583733933,9
default_5shot,samples,4,49,normalized,llm_llama-3.1-70b,0.7241115831594898,9
default_5shot,samples,4,49,normalized,llm_qwen2.5-72b,0.6770972453376994,9
default_5shot,samples,4,49,normalized,squad_token_f1,0.7054063106231722,9
default_5shot,samples,4,49,raw,llm_llama-3.1-70b,0.7442192404199248,9
default_5shot,samples,4,49,raw,llm_qwen2.5-72b,0.6918064944219485,9
default_5shot,samples,4,49,raw,squad_token_f1,0.71918680738978,9
default_5shot,samples,4,49,surface,llm_llama-3.1-70b,0.7622145385329765,9
default_5shot,samples,4,49,surface,llm_qwen2.5-72b,0.7071046154185989,9
default_5shot,samples,4,49,surface,squad_token_f1,0.7648359150776305,9
default_5shot,samples,6,0,normalized,llm_llama-3.1-70b,0.7660827628118289,9
default_5shot,samples,6,0,normalized,llm_qwen2.5-72b,0.7196275057310919,9
default_5shot,samples,6,0,normalized,squad_token_f1,0.7315191875123649,9
default_5shot,samples,6,0,raw,llm_llama-3.1-70b,0.7852075423532751,9
default_5shot,samples,6,0,raw,llm_qwen2.5-72b,0.7284258968824242,9
default_5shot,samples,6,0,raw,squad_token_f1,0.7429110158486377,9
default_5shot,samples,6,0,surface,llm_llama-3.1-70b,0.820200975293568,9
default_5shot,samples,6,0,surface,llm_qwen2.5-72b,0.7591886843854078,9
default_5shot,samples,6,0,surface,squad_token_f1,0.8009331749219664,9
default_5shot,samples,6,1,normalized,llm_llama-3.1-70b,0.7707680088668414,9
default_5shot,samples,6,1,normalized,llm_qwen2.5-72b,0.7212913415990041,9
default_5shot,samples,6,1,normalized,squad_token_f1,0.7333703887712173,9
default_5shot,samples,6,1,raw,llm_llama-3.1-70b,0.7822624729076018,9
default_5shot,samples,6,1,raw,llm_qwen2.5-72b,0.7245801393118215,9
default_5shot,samples,6,1,raw,squad_token_f1,0.7358396470506607,9
default_5shot,samples,6,1,surface,llm_llama-3.1-70b,0.8165942639322269,9
default_5shot,samples,6,1,surface,llm_qwen2.5-72b,0.7642572944914277,9
default_5shot,samples,6,1,surface,squad_token_f1,0.8003556155868534,9
default_5shot,samples,6,2,normalized,llm_llama-3.1-70b,0.8053068126035114,9
default_5shot,samples,6,2,normalized,llm_qwen2.5-72b,0.7625541783017273,9
default_5shot,samples,6,2,normalized,squad_token_f1,0.7774534732829079,9
default_5shot,samples,6,2,raw,llm_llama-3.1-70b,0.8121318419979853,9
default_5shot,samples,6,2,raw,llm_qwen2.5-72b,0.7657189057311606,9
default_5shot,samples,6,2,raw,squad_token_f1,0.7770623063222966,9
default_5shot,samples,6,2,surface,llm_llama-3.1-70b,0.8357947006548053,9
default_5shot,samples,6,2,surface,llm_qwen2.5-72b,0.7788538961945825,9
default_5shot,samples,6,2,surface,squad_token_f1,0.8245420104226147,9
default_5shot,samples,6,3,normalized,llm_llama-3.1-70b,0.7858407974651935,9
default_5shot,samples,6,3,normalized,llm_qwen2.5-72b,0.7433522855188232,9
default_5shot,samples,6,3,normalized,squad_token_f1,0.7544464472066811,9
default_5shot,samples,6,3,raw,llm_llama-3.1-70b,0.792521916414831,9
default_5shot,samples,6,3,raw,llm_qwen2.5-72b,0.740472857394297,9
default_5shot,samples,6,3,raw,squad_token_f1,0.7492584450510864,9
default_5shot,samples,6,3,surface,llm_llama-3.1-70b,0.825856697761891,9
default_5shot,samples,6,3,surface,llm_qwen2.5-72b,0.7633295849078873,9
default_5shot,samples,6,3,surface,squad_token_f1,0.8153574733691693,9
default_5shot,samples,6,4,normalized,llm_llama-3.1-70b,0.7721137297425542,9
default_5shot,samples,6,4,normalized,llm_qwen2.5-72b,0.7275680653196133,9
default_5shot,samples,6,4,normalized,squad_token_f1,0.7295876432335984,9
default_5shot,samples,6,4,raw,llm_llama-3.1-70b,0.7851391559624249,9
default_5shot,samples,6,4,raw,llm_qwen2.5-72b,0.7411528261470212,9
default_5shot,samples,6,4,raw,squad_token_f1,0.7411716379425931,9
default_5shot,samples,6,4,surface,llm_llama-3.1-70b,0.7952823999522872,9
default_5shot,samples,6,4,surface,llm_qwen2.5-72b,0.7505343419623606,9
default_5shot,samples,6,4,surface,squad_token_f1,0.7880288240475862,9
default_5shot,samples,6,5,normalized,llm_llama-3.1-70b,0.7769974478911678,9
default_5shot,samples,6,5,normalized,llm_qwen2.5-72b,0.7384906819568842,9
default_5shot,samples,6,5,normalized,squad_token_f1,0.7456031707354807,9
default_5shot,samples,6,5,raw,llm_llama-3.1-70b,0.7837673626471936,9
default_5shot,samples,6,5,raw,llm_qwen2.5-72b,0.7378880370527687,9
default_5shot,samples,6,5,raw,squad_token_f1,0.742854934403911,9
default_5shot,samples,6,5,surface,llm_llama-3.1-70b,0.8232954031565143,9
default_5shot,samples,6,5,surface,llm_qwen2.5-72b,0.7655562090224113,9
default_5shot,samples,6,5,surface,squad_token_f1,0.8088914436765314,9
default_5shot,samples,6,6,normalized,llm_llama-3.1-70b,0.7662043078961356,9
default_5shot,samples,6,6,normalized,llm_qwen2.5-72b,0.7312166074904723,9
default_5shot,samples,6,6,normalized,squad_token_f1,0.7324146668345012,9
default_5shot,samples,6,6,raw,llm_llama-3.1-70b,0.784860613010774,9
default_5shot,samples,6,6,raw,llm_qwen2.5-72b,0.7435814893406483,9
default_5shot,samples,6,6,raw,squad_token_f1,0.7454805104559004,9
default_5shot,samples,6,6,surface,llm_llama-3.1-70b,0.8050749358368119,9
default_5shot,samples,6,6,surface,llm_qwen2.5-72b,0.7492409306618543,9
default_5shot,samples,6,6,surface,squad_token_f1,0.7915603189136328,9
default_5shot,samples,6,7,normalized,llm_llama-3.1-70b,0.7647032583626786,9
default_5shot,samples,6,7,normalized,llm_qwen2.5-72b,0.7267547589722513,9
default_5shot,samples,6,7,normalized,squad_token_f1,0.738848718668163,9
default_5shot,samples,6,7,raw,llm_llama-3.1-70b,0.7782032828580735,9
default_5shot,samples,6,7,raw,llm_qwen2.5-72b,0.7297048884542434,9
default_5shot,samples,6,7,raw,squad_token_f1,0.7410377496303422,9
default_5shot,samples,6,7,surface,llm_llama-3.1-70b,0.8089130938617654,9
default_5shot,samples,6,7,surface,llm_qwen2.5-72b,0.7670788140021886,9
default_5shot,samples,6,7,surface,squad_token_f1,0.8056364909186546,9
default_5shot,samples,6,8,normalized,llm_llama-3.1-70b,0.7902377515652476,9
default_5shot,samples,6,8,normalized,llm_qwen2.5-72b,0.746144326591308,9
default_5shot,samples,6,8,normalized,squad_token_f1,0.7591826165676068,9
default_5shot,samples,6,8,raw,llm_llama-3.1-70b,0.7978895005364409,9
default_5shot,samples,6,8,raw,llm_qwen2.5-72b,0.7508139829153762,9
default_5shot,samples,6,8,raw,squad_token_f1,0.7617404501948849,9
default_5shot,samples,6,8,surface,llm_llama-3.1-70b,0.8214422528029613,9
default_5shot,samples,6,8,surface,llm_qwen2.5-72b,0.7678030645490656,9
default_5shot,samples,6,8,surface,squad_token_f1,0.8069358872302342,9
default_5shot,samples,6,9,normalized,llm_llama-3.1-70b,0.784763163939895,9
default_5shot,samples,6,9,normalized,llm_qwen2.5-72b,0.7492157240286755,9
default_5shot,samples,6,9,normalized,squad_token_f1,0.7554629511254755,9
default_5shot,samples,6,9,raw,llm_llama-3.1-70b,0.7915238929228462,9
default_5shot,samples,6,9,raw,llm_qwen2.5-72b,0.7524414267029076,9
default_5shot,samples,6,9,raw,squad_token_f1,0.7567412433065455,9
default_5shot,samples,6,9,surface,llm_llama-3.1-70b,0.8265275868939316,9
default_5shot,samples,6,9,surface,llm_qwen2.5-72b,0.7688856193113159,9
default_5shot,samples,6,9,surface,squad_token_f1,0.8075517016915652,9
default_5shot,samples,6,10,normalized,llm_llama-3.1-70b,0.8147707497294856,9
default_5shot,samples,6,10,normalized,llm_qwen2.5-72b,0.7544766465045103,9
default_5shot,samples,6,10,normalized,squad_token_f1,0.7537885023070208,9
default_5shot,samples,6,10,raw,llm_llama-3.1-70b,0.8211916051086744,9
default_5shot,samples,6,10,raw,llm_qwen2.5-72b,0.7572923561216904,9
default_5shot,samples,6,10,raw,squad_token_f1,0.7586819473393548,9
default_5shot,samples,6,10,surface,llm_llama-3.1-70b,0.817644022681261,9
default_5shot,samples,6,10,surface,llm_qwen2.5-72b,0.7540983029889118,9
default_5shot,samples,6,10,surface,squad_token_f1,0.7963796009149323,9
default_5shot,samples,6,11,normalized,llm_llama-3.1-70b,0.7967669622007383,9
default_5shot,samples,6,11,normalized,llm_qwen2.5-72b,0.733611550271767,9
default_5shot,samples,6,11,normalized,squad_token_f1,0.7526017451972618,9
default_5shot,samples,6,11,raw,llm_llama-3.1-70b,0.8101598193435956,9
default_5shot,samples,6,11,raw,llm_qwen2.5-72b,0.7483062101870152,9
default_5shot,samples,6,11,raw,squad_token_f1,0.7638070655970266,9
default_5shot,samples,6,11,surface,llm_llama-3.1-70b,0.8140139423855205,9
default_5shot,samples,6,11,surface,llm_qwen2.5-72b,0.7587328296822621,9
default_5shot,samples,6,11,surface,squad_token_f1,0.8003959248101549,9
default_5shot,samples,6,12,normalized,llm_llama-3.1-70b,0.7685183956319223,9
default_5shot,samples,6,12,normalized,llm_qwen2.5-72b,0.7391115983737243,9
default_5shot,samples,6,12,normalized,squad_token_f1,0.73009641668706,9
default_5shot,samples,6,12,raw,llm_llama-3.1-70b,0.7771438365490297,9
default_5shot,samples,6,12,raw,llm_qwen2.5-72b,0.7481647388606883,9
default_5shot,samples,6,12,raw,squad_token_f1,0.7379068958169835,9
default_5shot,samples,6,12,surface,llm_llama-3.1-70b,0.8035672811488028,9
default_5shot,samples,6,12,surface,llm_qwen2.5-72b,0.7586954776389762,9
default_5shot,samples,6,12,surface,squad_token_f1,0.7899214808907791,9
default_5shot,samples,6,13,normalized,llm_llama-3.1-70b,0.8075351357356189,9
default_5shot,samples,6,13,normalized,llm_qwen2.5-72b,0.764906650033069,9
default_5shot,samples,6,13,normalized,squad_token_f1,0.7698333639232762,9
default_5shot,samples,6,13,raw,llm_llama-3.1-70b,0.8158329507463968,9
default_5shot,samples,6,13,raw,llm_qwen2.5-72b,0.7652461911201591,9
default_5shot,samples,6,13,raw,squad_token_f1,0.7685632776994863,9
default_5shot,samples,6,13,surface,llm_llama-3.1-70b,0.8423239317713955,9
default_5shot,samples,6,13,surface,llm_qwen2.5-72b,0.7840172825015447,9
default_5shot,samples,6,13,surface,squad_token_f1,0.8176695509115101,9
default_5shot,samples,6,14,normalized,llm_llama-3.1-70b,0.787744474690932,9
default_5shot,samples,6,14,normalized,llm_qwen2.5-72b,0.7474057202353126,9
default_5shot,samples,6,14,normalized,squad_token_f1,0.7603907248714754,9
default_5shot,samples,6,14,raw,llm_llama-3.1-70b,0.7929436222511907,9
default_5shot,samples,6,14,raw,llm_qwen2.5-72b,0.7514884430680354,9
default_5shot,samples,6,14,raw,squad_token_f1,0.7672671945951673,9
default_5shot,samples,6,14,surface,llm_llama-3.1-70b,0.8280638741588822,9
default_5shot,samples,6,14,surface,llm_qwen2.5-72b,0.771668426483313,9
default_5shot,samples,6,14,surface,squad_token_f1,0.8053903296634778,9
default_5shot,samples,6,15,normalized,llm_llama-3.1-70b,0.7757205947121406,9
default_5shot,samples,6,15,normalized,llm_qwen2.5-72b,0.7453719872128024,9
default_5shot,samples,6,15,normalized,squad_token_f1,0.7581711148662903,9
default_5shot,samples,6,15,raw,llm_llama-3.1-70b,0.7879529825232321,9
default_5shot,samples,6,15,raw,llm_qwen2.5-72b,0.750122195700756,9
default_5shot,samples,6,15,raw,squad_token_f1,0.7612351458284694,9
default_5shot,samples,6,15,surface,llm_llama-3.1-70b,0.8149602818232045,9
default_5shot,samples,6,15,surface,llm_qwen2.5-72b,0.7626307360891984,9
default_5shot,samples,6,15,surface,squad_token_f1,0.8107011183261184,9
default_5shot,samples,6,16,normalized,llm_llama-3.1-70b,0.7620292767484796,9
default_5shot,samples,6,16,normalized,llm_qwen2.5-72b,0.7346333660510647,9
default_5shot,samples,6,16,normalized,squad_token_f1,0.749020537454748,9
default_5shot,samples,6,16,raw,llm_llama-3.1-70b,0.7727215166073862,9
default_5shot,samples,6,16,raw,llm_qwen2.5-72b,0.7324476092697196,9
default_5shot,samples,6,16,raw,squad_token_f1,0.748584764380086,9
default_5shot,samples,6,16,surface,llm_llama-3.1-70b,0.8079134421223793,9
default_5shot,samples,6,16,surface,llm_qwen2.5-72b,0.7558259987633053,9
default_5shot,samples,6,16,surface,squad_token_f1,0.8057379085339611,9
default_5shot,samples,6,17,normalized,llm_llama-3.1-70b,0.7804151289457247,9
default_5shot,samples,6,17,normalized,llm_qwen2.5-72b,0.7294065058512943,9
default_5shot,samples,6,17,normalized,squad_token_f1,0.7435544931117543,9
default_5shot,samples,6,17,raw,llm_llama-3.1-70b,0.7879566486400222,9
default_5shot,samples,6,17,raw,llm_qwen2.5-72b,0.7350412918169626,9
default_5shot,samples,6,17,raw,squad_token_f1,0.7476794196255697,9
default_5shot,samples,6,17,surface,llm_llama-3.1-70b,0.8133008417076453,9
default_5shot,samples,6,17,surface,llm_qwen2.5-72b,0.746363722563413,9
default_5shot,samples,6,17,surface,squad_token_f1,0.7852140428699883,9
default_5shot,samples,6,18,normalized,llm_llama-3.1-70b,0.8056302910872154,9
default_5shot,samples,6,18,normalized,llm_qwen2.5-72b,0.7464387518083337,9
default_5shot,samples,6,18,normalized,squad_token_f1,0.7491563752019404,9
default_5shot,samples,6,18,raw,llm_llama-3.1-70b,0.8148742407246836,9
default_5shot,samples,6,18,raw,llm_qwen2.5-72b,0.7541005594088669,9
default_5shot,samples,6,18,raw,squad_token_f1,0.7561259274261224,9
default_5shot,samples,6,18,surface,llm_llama-3.1-70b,0.8170788672248013,9
default_5shot,samples,6,18,surface,llm_qwen2.5-72b,0.7625935755611968,9
default_5shot,samples,6,18,surface,squad_token_f1,0.8008535871571935,9
default_5shot,samples,6,19,normalized,llm_llama-3.1-70b,0.7698060116286767,9
default_5shot,samples,6,19,normalized,llm_qwen2.5-72b,0.7413406238870635,9
default_5shot,samples,6,19,normalized,squad_token_f1,0.7402992180460504,9
default_5shot,samples,6,19,raw,llm_llama-3.1-70b,0.7741784396122158,9
default_5shot,samples,6,19,raw,llm_qwen2.5-72b,0.7391421483429998,9
default_5shot,samples,6,19,raw,squad_token_f1,0.7385880922377024,9
default_5shot,samples,6,19,surface,llm_llama-3.1-70b,0.8017687538873126,9
default_5shot,samples,6,19,surface,llm_qwen2.5-72b,0.7603011250779568,9
default_5shot,samples,6,19,surface,squad_token_f1,0.7830949253980443,9
default_5shot,samples,6,20,normalized,llm_llama-3.1-70b,0.7744835772714195,9
default_5shot,samples,6,20,normalized,llm_qwen2.5-72b,0.7352642430525558,9
default_5shot,samples,6,20,normalized,squad_token_f1,0.749440939024516,9
default_5shot,samples,6,20,raw,llm_llama-3.1-70b,0.7853779041379685,9
default_5shot,samples,6,20,raw,llm_qwen2.5-72b,0.7386837198176208,9
default_5shot,samples,6,20,raw,squad_token_f1,0.7493297544272203,9
default_5shot,samples,6,20,surface,llm_llama-3.1-70b,0.8191605661664035,9
default_5shot,samples,6,20,surface,llm_qwen2.5-72b,0.7633016558938901,9
default_5shot,samples,6,20,surface,squad_token_f1,0.8028709794735623,9
default_5shot,samples,6,21,normalized,llm_llama-3.1-70b,0.7967979193824605,9
default_5shot,samples,6,21,normalized,llm_qwen2.5-72b,0.7468502244850285,9
default_5shot,samples,6,21,normalized,squad_token_f1,0.7440261350626848,9
default_5shot,samples,6,21,raw,llm_llama-3.1-70b,0.8060633024904361,9
default_5shot,samples,6,21,raw,llm_qwen2.5-72b,0.7470317785881512,9
default_5shot,samples,6,21,raw,squad_token_f1,0.7450448985351519,9
default_5shot,samples,6,21,surface,llm_llama-3.1-70b,0.8256425678678094,9
default_5shot,samples,6,21,surface,llm_qwen2.5-72b,0.7630601175331567,9
default_5shot,samples,6,21,surface,squad_token_f1,0.8014629742144362,9
default_5shot,samples,6,22,normalized,llm_llama-3.1-70b,0.7874123941454859,9
default_5shot,samples,6,22,normalized,llm_qwen2.5-72b,0.751493512555174,9
default_5shot,samples,6,22,normalized,squad_token_f1,0.7675463736501748,9
default_5shot,samples,6,22,raw,llm_llama-3.1-70b,0.7951406912256349,9
default_5shot,samples,6,22,raw,llm_qwen2.5-72b,0.7516793062458696,9
default_5shot,samples,6,22,raw,squad_token_f1,0.764759312117743,9
default_5shot,samples,6,22,surface,llm_llama-3.1-70b,0.8147769350215002,9
default_5shot,samples,6,22,surface,llm_qwen2.5-72b,0.7592812948527603,9
default_5shot,samples,6,22,surface,squad_token_f1,0.8134746535952676,9
default_5shot,samples,6,23,normalized,llm_llama-3.1-70b,0.7736363356331151,9
default_5shot,samples,6,23,normalized,llm_qwen2.5-72b,0.7396502008053866,9
default_5shot,samples,6,23,normalized,squad_token_f1,0.751630306241661,9
default_5shot,samples,6,23,raw,llm_llama-3.1-70b,0.7880978043769912,9
default_5shot,samples,6,23,raw,llm_qwen2.5-72b,0.7456028311452718,9
default_5shot,samples,6,23,raw,squad_token_f1,0.7552610136686648,9
default_5shot,samples,6,23,surface,llm_llama-3.1-70b,0.8074374920942957,9
default_5shot,samples,6,23,surface,llm_qwen2.5-72b,0.7611694404618812,9
default_5shot,samples,6,23,surface,squad_token_f1,0.8081921879380456,9
default_5shot,samples,6,24,normalized,llm_llama-3.1-70b,0.7912546176686676,9
default_5shot,samples,6,24,normalized,llm_qwen2.5-72b,0.7353231348974383,9
default_5shot,samples,6,24,normalized,squad_token_f1,0.7408649145778775,9
default_5shot,samples,6,24,raw,llm_llama-3.1-70b,0.8087749488464061,9
default_5shot,samples,6,24,raw,llm_qwen2.5-72b,0.7445766582440989,9
default_5shot,samples,6,24,raw,squad_token_f1,0.7465554397591434,9
default_5shot,samples,6,24,surface,llm_llama-3.1-70b,0.8151487488997553,9
default_5shot,samples,6,24,surface,llm_qwen2.5-72b,0.7526486969533925,9
default_5shot,samples,6,24,surface,squad_token_f1,0.7736313512222381,9
default_5shot,samples,6,25,normalized,llm_llama-3.1-70b,0.7489440559589513,9
default_5shot,samples,6,25,normalized,llm_qwen2.5-72b,0.7198619890505856,9
default_5shot,samples,6,25,normalized,squad_token_f1,0.7246555601733476,9
default_5shot,samples,6,25,raw,llm_llama-3.1-70b,0.7603956530586965,9
default_5shot,samples,6,25,raw,llm_qwen2.5-72b,0.7239568071772664,9
default_5shot,samples,6,25,raw,squad_token_f1,0.7269320396951975,9
default_5shot,samples,6,25,surface,llm_llama-3.1-70b,0.8086089392953322,9
default_5shot,samples,6,25,surface,llm_qwen2.5-72b,0.7531062275644319,9
default_5shot,samples,6,25,surface,squad_token_f1,0.7868715954917221,9
default_5shot,samples,6,26,normalized,llm_llama-3.1-70b,0.79375033179381,9
default_5shot,samples,6,26,normalized,llm_qwen2.5-72b,0.7400647723306393,9
default_5shot,samples,6,26,normalized,squad_token_f1,0.7594339563133423,9
default_5shot,samples,6,26,raw,llm_llama-3.1-70b,0.8049049222308079,9
default_5shot,samples,6,26,raw,llm_qwen2.5-72b,0.747117201564441,9
default_5shot,samples,6,26,raw,squad_token_f1,0.7661938524528681,9
default_5shot,samples,6,26,surface,llm_llama-3.1-70b,0.8196960240287535,9
default_5shot,samples,6,26,surface,llm_qwen2.5-72b,0.7478222427106586,9
default_5shot,samples,6,26,surface,squad_token_f1,0.8009793067826694,9
default_5shot,samples,6,27,normalized,llm_llama-3.1-70b,0.7853213148603647,9
default_5shot,samples,6,27,normalized,llm_qwen2.5-72b,0.7431076214615947,9
default_5shot,samples,6,27,normalized,squad_token_f1,0.743456629203949,9
default_5shot,samples,6,27,raw,llm_llama-3.1-70b,0.795523646821956,9
default_5shot,samples,6,27,raw,llm_qwen2.5-72b,0.7467681312495554,9
default_5shot,samples,6,27,raw,squad_token_f1,0.7503965420003431,9
default_5shot,samples,6,27,surface,llm_llama-3.1-70b,0.818602507410881,9
default_5shot,samples,6,27,surface,llm_qwen2.5-72b,0.7581808969515368,9
default_5shot,samples,6,27,surface,squad_token_f1,0.8032240387491362,9
default_5shot,samples,6,28,normalized,llm_llama-3.1-70b,0.8053421629810519,9
default_5shot,samples,6,28,normalized,llm_qwen2.5-72b,0.7408945382532843,9
default_5shot,samples,6,28,normalized,squad_token_f1,0.7682526064740977,9
default_5shot,samples,6,28,raw,llm_llama-3.1-70b,0.8110924569257902,9
default_5shot,samples,6,28,raw,llm_qwen2.5-72b,0.740043877476153,9
default_5shot,samples,6,28,raw,squad_token_f1,0.7658545318121341,9
default_5shot,samples,6,28,surface,llm_llama-3.1-70b,0.8248315163321203,9
default_5shot,samples,6,28,surface,llm_qwen2.5-72b,0.7559436911700844,9
default_5shot,samples,6,28,surface,squad_token_f1,0.8120903911715316,9
default_5shot,samples,6,29,normalized,llm_llama-3.1-70b,0.7765157836363552,9
default_5shot,samples,6,29,normalized,llm_qwen2.5-72b,0.7435148945243114,9
default_5shot,samples,6,29,normalized,squad_token_f1,0.7401780930065531,9
default_5shot,samples,6,29,raw,llm_llama-3.1-70b,0.7855515224174644,9
default_5shot,samples,6,29,raw,llm_qwen2.5-72b,0.7503502319356293,9
default_5shot,samples,6,29,raw,squad_token_f1,0.744521885873494,9
default_5shot,samples,6,29,surface,llm_llama-3.1-70b,0.809374799285226,9
default_5shot,samples,6,29,surface,llm_qwen2.5-72b,0.7678671082147605,9
default_5shot,samples,6,29,surface,squad_token_f1,0.7990634032237346,9
default_5shot,samples,6,30,normalized,llm_llama-3.1-70b,0.7788782989316404,9
default_5shot,samples,6,30,normalized,llm_qwen2.5-72b,0.7365058103899693,9
default_5shot,samples,6,30,normalized,squad_token_f1,0.7442814702534488,9
default_5shot,samples,6,30,raw,llm_llama-3.1-70b,0.793526545061368,9
default_5shot,samples,6,30,raw,llm_qwen2.5-72b,0.7445879606289822,9
default_5shot,samples,6,30,raw,squad_token_f1,0.7500156217329708,9
default_5shot,samples,6,30,surface,llm_llama-3.1-70b,0.7788481302722446,9
default_5shot,samples,6,30,surface,llm_qwen2.5-72b,0.741309059065767,9
default_5shot,samples,6,30,surface,squad_token_f1,0.772511329061524,9
default_5shot,samples,6,31,normalized,llm_llama-3.1-70b,0.8091489644428453,9
default_5shot,samples,6,31,normalized,llm_qwen2.5-72b,0.7554957572049935,9
default_5shot,samples,6,31,normalized,squad_token_f1,0.7655780259196439,9
default_5shot,samples,6,31,raw,llm_llama-3.1-70b,0.8219351611813367,9
default_5shot,samples,6,31,raw,llm_qwen2.5-72b,0.7637295577182058,9
default_5shot,samples,6,31,raw,squad_token_f1,0.7698911027334517,9
default_5shot,samples,6,31,surface,llm_llama-3.1-70b,0.8362817104765575,9
default_5shot,samples,6,31,surface,llm_qwen2.5-72b,0.7708491402054354,9
default_5shot,samples,6,31,surface,squad_token_f1,0.8137256505226778,9
default_5shot,samples,6,32,normalized,llm_llama-3.1-70b,0.7907438292905282,9
default_5shot,samples,6,32,normalized,llm_qwen2.5-72b,0.7461569504913158,9
default_5shot,samples,6,32,normalized,squad_token_f1,0.7645453074558826,9
default_5shot,samples,6,32,raw,llm_llama-3.1-70b,0.8015830415186292,9
default_5shot,samples,6,32,raw,llm_qwen2.5-72b,0.751687367786439,9
default_5shot,samples,6,32,raw,squad_token_f1,0.7661561246222552,9
default_5shot,samples,6,32,surface,llm_llama-3.1-70b,0.8225199682526575,9
default_5shot,samples,6,32,surface,llm_qwen2.5-72b,0.766015541428338,9
default_5shot,samples,6,32,surface,squad_token_f1,0.8118914734460544,9
default_5shot,samples,6,33,normalized,llm_llama-3.1-70b,0.7864979540200958,9
default_5shot,samples,6,33,normalized,llm_qwen2.5-72b,0.752076789954112,9
default_5shot,samples,6,33,normalized,squad_token_f1,0.7640619292807401,9
default_5shot,samples,6,33,raw,llm_llama-3.1-70b,0.7838432656015184,9
default_5shot,samples,6,33,raw,llm_qwen2.5-72b,0.7462624449853552,9
default_5shot,samples,6,33,raw,squad_token_f1,0.7592788604976713,9
default_5shot,samples,6,33,surface,llm_llama-3.1-70b,0.8126164555311094,9
default_5shot,samples,6,33,surface,llm_qwen2.5-72b,0.7688376933571722,9
default_5shot,samples,6,33,surface,squad_token_f1,0.8122890817578927,9
default_5shot,samples,6,34,normalized,llm_llama-3.1-70b,0.7637117581008482,9
default_5shot,samples,6,34,normalized,llm_qwen2.5-72b,0.7393469831872825,9
default_5shot,samples,6,34,normalized,squad_token_f1,0.7476320956947176,9
default_5shot,samples,6,34,raw,llm_llama-3.1-70b,0.7726985060922259,9
default_5shot,samples,6,34,raw,llm_qwen2.5-72b,0.7439970625922638,9
default_5shot,samples,6,34,raw,squad_token_f1,0.7485380823692228,9
default_5shot,samples,6,34,surface,llm_llama-3.1-70b,0.7945300267663392,9
default_5shot,samples,6,34,surface,llm_qwen2.5-72b,0.750263399740954,9
default_5shot,samples,6,34,surface,squad_token_f1,0.7828850478000088,9
default_5shot,samples,6,35,normalized,llm_llama-3.1-70b,0.8198420337862768,9
default_5shot,samples,6,35,normalized,llm_qwen2.5-72b,0.7671961890066895,9
default_5shot,samples,6,35,normalized,squad_token_f1,0.7746948907528829,9
default_5shot,samples,6,35,raw,llm_llama-3.1-70b,0.820635072195056,9
default_5shot,samples,6,35,raw,llm_qwen2.5-72b,0.7651281431273691,9
default_5shot,samples,6,35,raw,squad_token_f1,0.7736500396848838,9
default_5shot,samples,6,35,surface,llm_llama-3.1-70b,0.8147003049881472,9
default_5shot,samples,6,35,surface,llm_qwen2.5-72b,0.7667158006586541,9
default_5shot,samples,6,35,surface,squad_token_f1,0.8085347337667026,9
default_5shot,samples,6,36,normalized,llm_llama-3.1-70b,0.7899615741805758,9
default_5shot,samples,6,36,normalized,llm_qwen2.5-72b,0.7494441337481843,9
default_5shot,samples,6,36,normalized,squad_token_f1,0.7596651924892666,9
default_5shot,samples,6,36,raw,llm_llama-3.1-70b,0.7997658559755982,9
default_5shot,samples,6,36,raw,llm_qwen2.5-72b,0.7542378603556364,9
default_5shot,samples,6,36,raw,squad_token_f1,0.7634344213742362,9
default_5shot,samples,6,36,surface,llm_llama-3.1-70b,0.8259634452518914,9
default_5shot,samples,6,36,surface,llm_qwen2.5-72b,0.7746569837159362,9
default_5shot,samples,6,36,surface,squad_token_f1,0.8163098343970664,9
default_5shot,samples,6,37,normalized,llm_llama-3.1-70b,0.775386066675318,9
default_5shot,samples,6,37,normalized,llm_qwen2.5-72b,0.7288181476294222,9
default_5shot,samples,6,37,normalized,squad_token_f1,0.7421202666458515,9
default_5shot,samples,6,37,raw,llm_llama-3.1-70b,0.7898501979621142,9
default_5shot,samples,6,37,raw,llm_qwen2.5-72b,0.7362400104434418,9
default_5shot,samples,6,37,raw,squad_token_f1,0.7471222109238679,9
default_5shot,samples,6,37,surface,llm_llama-3.1-70b,0.8170887698363544,9
default_5shot,samples,6,37,surface,llm_qwen2.5-72b,0.7531189421508049,9
default_5shot,samples,6,37,surface,squad_token_f1,0.7858165218742704,9
default_5shot,samples,6,38,normalized,llm_llama-3.1-70b,0.7886453051257801,9
default_5shot,samples,6,38,normalized,llm_qwen2.5-72b,0.7269982661817027,9
default_5shot,samples,6,38,normalized,squad_token_f1,0.7411844950948265,9
default_5shot,samples,6,38,raw,llm_llama-3.1-70b,0.8014441489431425,9
default_5shot,samples,6,38,raw,llm_qwen2.5-72b,0.7264130784028874,9
default_5shot,samples,6,38,raw,squad_token_f1,0.7361053994648049,9
default_5shot,samples,6,38,surface,llm_llama-3.1-70b,0.8149210093151317,9
default_5shot,samples,6,38,surface,llm_qwen2.5-72b,0.7523987008958629,9
default_5shot,samples,6,38,surface,squad_token_f1,0.7944478727449,9
default_5shot,samples,6,39,normalized,llm_llama-3.1-70b,0.7692853923228319,9
default_5shot,samples,6,39,normalized,llm_qwen2.5-72b,0.7214795689060395,9
default_5shot,samples,6,39,normalized,squad_token_f1,0.7352372193812252,9
default_5shot,samples,6,39,raw,llm_llama-3.1-70b,0.7752010301829143,9
default_5shot,samples,6,39,raw,llm_qwen2.5-72b,0.724392913731149,9
default_5shot,samples,6,39,raw,squad_token_f1,0.7399294592401318,9
default_5shot,samples,6,39,surface,llm_llama-3.1-70b,0.8086743252051223,9
default_5shot,samples,6,39,surface,llm_qwen2.5-72b,0.7545373335814513,9
default_5shot,samples,6,39,surface,squad_token_f1,0.7989760449102554,9
default_5shot,samples,6,40,normalized,llm_llama-3.1-70b,0.7670539663041676,9
default_5shot,samples,6,40,normalized,llm_qwen2.5-72b,0.7205706212575408,9
default_5shot,samples,6,40,normalized,squad_token_f1,0.724960275853307,9
default_5shot,samples,6,40,raw,llm_llama-3.1-70b,0.7838516833333661,9
default_5shot,samples,6,40,raw,llm_qwen2.5-72b,0.7303653154885095,9
default_5shot,samples,6,40,raw,squad_token_f1,0.736425614869572,9
default_5shot,samples,6,40,surface,llm_llama-3.1-70b,0.805885055482479,9
default_5shot,samples,6,40,surface,llm_qwen2.5-72b,0.7499571524823073,9
default_5shot,samples,6,40,surface,squad_token_f1,0.7873044327522885,9
default_5shot,samples,6,41,normalized,llm_llama-3.1-70b,0.8010580904602643,9
default_5shot,samples,6,41,normalized,llm_qwen2.5-72b,0.7564254672581556,9
default_5shot,samples,6,41,normalized,squad_token_f1,0.7582636754625058,9
default_5shot,samples,6,41,raw,llm_llama-3.1-70b,0.8130043880345812,9
default_5shot,samples,6,41,raw,llm_qwen2.5-72b,0.7631599500955796,9
default_5shot,samples,6,41,raw,squad_token_f1,0.7616420814944207,9
default_5shot,samples,6,41,surface,llm_llama-3.1-70b,0.8300274381192255,9
default_5shot,samples,6,41,surface,llm_qwen2.5-72b,0.7774600336358592,9
default_5shot,samples,6,41,surface,squad_token_f1,0.8212808870520859,9
default_5shot,samples,6,42,normalized,llm_llama-3.1-70b,0.7988636737881908,9
default_5shot,samples,6,42,normalized,llm_qwen2.5-72b,0.7358663348891678,9
default_5shot,samples,6,42,normalized,squad_token_f1,0.7512007547628893,9
default_5shot,samples,6,42,raw,llm_llama-3.1-70b,0.8067818101785493,9
default_5shot,samples,6,42,raw,llm_qwen2.5-72b,0.7408939869756433,9
default_5shot,samples,6,42,raw,squad_token_f1,0.7541288117881685,9
default_5shot,samples,6,42,surface,llm_llama-3.1-70b,0.8230232093456731,9
default_5shot,samples,6,42,surface,llm_qwen2.5-72b,0.7620313916914794,9
default_5shot,samples,6,42,surface,squad_token_f1,0.7992918748189216,9
default_5shot,samples,6,43,normalized,llm_llama-3.1-70b,0.8020915360136374,9
default_5shot,samples,6,43,normalized,llm_qwen2.5-72b,0.7499375612443209,9
default_5shot,samples,6,43,normalized,squad_token_f1,0.7584676070085427,9
default_5shot,samples,6,43,raw,llm_llama-3.1-70b,0.8082368182005863,9
default_5shot,samples,6,43,raw,llm_qwen2.5-72b,0.7505817291679004,9
default_5shot,samples,6,43,raw,squad_token_f1,0.7572456787310589,9
default_5shot,samples,6,43,surface,llm_llama-3.1-70b,0.8173617316884225,9
default_5shot,samples,6,43,surface,llm_qwen2.5-72b,0.7652861832105898,9
default_5shot,samples,6,43,surface,squad_token_f1,0.8092335763651552,9
default_5shot,samples,6,44,normalized,llm_llama-3.1-70b,0.7807772245423211,9
default_5shot,samples,6,44,normalized,llm_qwen2.5-72b,0.7406899038735983,9
default_5shot,samples,6,44,normalized,squad_token_f1,0.7464680890638493,9
default_5shot,samples,6,44,raw,llm_llama-3.1-70b,0.7960470413167676,9
default_5shot,samples,6,44,raw,llm_qwen2.5-72b,0.7509598059939907,9
default_5shot,samples,6,44,raw,squad_token_f1,0.7509330116584015,9
default_5shot,samples,6,44,surface,llm_llama-3.1-70b,0.8096534241612744,9
default_5shot,samples,6,44,surface,llm_qwen2.5-72b,0.763195947212975,9
default_5shot,samples,6,44,surface,squad_token_f1,0.7963452314146758,9
default_5shot,samples,6,45,normalized,llm_llama-3.1-70b,0.7831266626556482,9
default_5shot,samples,6,45,normalized,llm_qwen2.5-72b,0.7400769606974458,9
default_5shot,samples,6,45,normalized,squad_token_f1,0.7598030088549095,9
default_5shot,samples,6,45,raw,llm_llama-3.1-70b,0.7913663011036199,9
default_5shot,samples,6,45,raw,llm_qwen2.5-72b,0.7426985221425366,9
default_5shot,samples,6,45,raw,squad_token_f1,0.7656243639401534,9
default_5shot,samples,6,45,surface,llm_llama-3.1-70b,0.8080601379967322,9
default_5shot,samples,6,45,surface,llm_qwen2.5-72b,0.7491970390577202,9
default_5shot,samples,6,45,surface,squad_token_f1,0.8052713472092127,9
default_5shot,samples,6,46,normalized,llm_llama-3.1-70b,0.7548343996612918,9
default_5shot,samples,6,46,normalized,llm_qwen2.5-72b,0.7100502821768302,9
default_5shot,samples,6,46,normalized,squad_token_f1,0.7396896937442746,9
default_5shot,samples,6,46,raw,llm_llama-3.1-70b,0.7690662240783014,9
default_5shot,samples,6,46,raw,llm_qwen2.5-72b,0.7180087362137155,9
default_5shot,samples,6,46,raw,squad_token_f1,0.7462195781260108,9
default_5shot,samples,6,46,surface,llm_llama-3.1-70b,0.7915791509289899,9
default_5shot,samples,6,46,surface,llm_qwen2.5-72b,0.7432805549904363,9
default_5shot,samples,6,46,surface,squad_token_f1,0.8010762525233772,9
default_5shot,samples,6,47,normalized,llm_llama-3.1-70b,0.7660459992384308,9
default_5shot,samples,6,47,normalized,llm_qwen2.5-72b,0.7346364684793477,9
default_5shot,samples,6,47,normalized,squad_token_f1,0.7484137948453251,9
default_5shot,samples,6,47,raw,llm_llama-3.1-70b,0.7757308659834827,9
default_5shot,samples,6,47,raw,llm_qwen2.5-72b,0.7418022443338491,9
default_5shot,samples,6,47,raw,squad_token_f1,0.7504932089154799,9
default_5shot,samples,6,47,surface,llm_llama-3.1-70b,0.8030660779251761,9
default_5shot,samples,6,47,surface,llm_qwen2.5-72b,0.7536004610953011,9
default_5shot,samples,6,47,surface,squad_token_f1,0.792496888381635,9
default_5shot,samples,6,48,normalized,llm_llama-3.1-70b,0.8329088625485566,9
default_5shot,samples,6,48,normalized,llm_qwen2.5-72b,0.786085852810569,9
default_5shot,samples,6,48,normalized,squad_token_f1,0.7767881075678347,9
default_5shot,samples,6,48,raw,llm_llama-3.1-70b,0.8444339458328991,9
default_5shot,samples,6,48,raw,llm_qwen2.5-72b,0.7860227577719837,9
default_5shot,samples,6,48,raw,squad_token_f1,0.7768192167193142,9
default_5shot,samples,6,48,surface,llm_llama-3.1-70b,0.8276560135457076,9
default_5shot,samples,6,48,surface,llm_qwen2.5-72b,0.7773326914838782,9
default_5shot,samples,6,48,surface,squad_token_f1,0.7974946568394424,9
default_5shot,samples,6,49,normalized,llm_llama-3.1-70b,0.7822419508460169,9
default_5shot,samples,6,49,normalized,llm_qwen2.5-72b,0.7557033687225895,9
default_5shot,samples,6,49,normalized,squad_token_f1,0.7541441639545927,9
default_5shot,samples,6,49,raw,llm_llama-3.1-70b,0.7969361258411178,9
default_5shot,samples,6,49,raw,llm_qwen2.5-72b,0.76599409469959,9
default_5shot,samples,6,49,raw,squad_token_f1,0.7675686446522216,9
default_5shot,samples,6,49,surface,llm_llama-3.1-70b,0.8050888117816459,9
default_5shot,samples,6,49,surface,llm_qwen2.5-72b,0.7618755734242061,9
default_5shot,samples,6,49,surface,squad_token_f1,0.7919991876670727,9
default_5shot,samples,8,0,normalized,llm_llama-3.1-70b,0.7873062508479175,9
default_5shot,samples,8,0,normalized,llm_qwen2.5-72b,0.750466805678364,9
default_5shot,samples,8,0,normalized,squad_token_f1,0.7665894822634588,9
default_5shot,samples,8,0,raw,llm_llama-3.1-70b,0.7981975157901083,9
default_5shot,samples,8,0,raw,llm_qwen2.5-72b,0.7570440270227422,9
default_5shot,samples,8,0,raw,squad_token_f1,0.7709630370351618,9
default_5shot,samples,8,0,surface,llm_llama-3.1-70b,0.8283577472134236,9
default_5shot,samples,8,0,surface,llm_qwen2.5-72b,0.7759708722363521,9
default_5shot,samples,8,0,surface,squad_token_f1,0.819189126365296,9
default_5shot,samples,8,1,normalized,llm_llama-3.1-70b,0.7877877000511864,9
default_5shot,samples,8,1,normalized,llm_qwen2.5-72b,0.7509535575841045,9
default_5shot,samples,8,1,normalized,squad_token_f1,0.7560611783621043,9
default_5shot,samples,8,1,raw,llm_llama-3.1-70b,0.7982227382640024,9
default_5shot,samples,8,1,raw,llm_qwen2.5-72b,0.7591459371000134,9
default_5shot,samples,8,1,raw,squad_token_f1,0.7610870454990826,9
default_5shot,samples,8,1,surface,llm_llama-3.1-70b,0.8199642649874131,9
default_5shot,samples,8,1,surface,llm_qwen2.5-72b,0.769460014816052,9
default_5shot,samples,8,1,surface,squad_token_f1,0.8089892287068213,9
default_5shot,samples,8,2,normalized,llm_llama-3.1-70b,0.7908513345812058,9
default_5shot,samples,8,2,normalized,llm_qwen2.5-72b,0.7559548485761076,9
default_5shot,samples,8,2,normalized,squad_token_f1,0.7621485997307147,9
default_5shot,samples,8,2,raw,llm_llama-3.1-70b,0.7988950098702514,9
default_5shot,samples,8,2,raw,llm_qwen2.5-72b,0.7602595262876481,9
default_5shot,samples,8,2,raw,squad_token_f1,0.7655686712572678,9
default_5shot,samples,8,2,surface,llm_llama-3.1-70b,0.8286486095463551,9
default_5shot,samples,8,2,surface,llm_qwen2.5-72b,0.7772054072041172,9
default_5shot,samples,8,2,surface,squad_token_f1,0.8174890788043809,9
default_5shot,samples,8,3,normalized,llm_llama-3.1-70b,0.7846776246283089,9
default_5shot,samples,8,3,normalized,llm_qwen2.5-72b,0.7509594468282549,9
default_5shot,samples,8,3,normalized,squad_token_f1,0.751610018897787,9
default_5shot,samples,8,3,raw,llm_llama-3.1-70b,0.7965364576676977,9
default_5shot,samples,8,3,raw,llm_qwen2.5-72b,0.7588566762328371,9
default_5shot,samples,8,3,raw,squad_token_f1,0.7594794339477575,9
default_5shot,samples,8,3,surface,llm_llama-3.1-70b,0.8194634713857741,9
default_5shot,samples,8,3,surface,llm_qwen2.5-72b,0.7674472255709356,9
default_5shot,samples,8,3,surface,squad_token_f1,0.8026743720505904,9
default_5shot,samples,8,4,normalized,llm_llama-3.1-70b,0.7713893234978179,9
default_5shot,samples,8,4,normalized,llm_qwen2.5-72b,0.7414072222831253,9
default_5shot,samples,8,4,normalized,squad_token_f1,0.7538584903382662,9
default_5shot,samples,8,4,raw,llm_llama-3.1-70b,0.7752687816596835,9
default_5shot,samples,8,4,raw,llm_qwen2.5-72b,0.7410921211714556,9
default_5shot,samples,8,4,raw,squad_token_f1,0.752024397647692,9
default_5shot,samples,8,4,surface,llm_llama-3.1-70b,0.8104771842191327,9
default_5shot,samples,8,4,surface,llm_qwen2.5-72b,0.764374133730429,9
default_5shot,samples,8,4,surface,squad_token_f1,0.8010896912361338,9
default_5shot,samples,8,5,normalized,llm_llama-3.1-70b,0.7965994677699588,9
default_5shot,samples,8,5,normalized,llm_qwen2.5-72b,0.7606168890353617,9
default_5shot,samples,8,5,normalized,squad_token_f1,0.7721975314502117,9
default_5shot,samples,8,5,raw,llm_llama-3.1-70b,0.8022579039839507,9
default_5shot,samples,8,5,raw,llm_qwen2.5-72b,0.7605338429964333,9
default_5shot,samples,8,5,raw,squad_token_f1,0.7670389482638508,9
default_5shot,samples,8,5,surface,llm_llama-3.1-70b,0.8300027481539156,9
default_5shot,samples,8,5,surface,llm_qwen2.5-72b,0.776433679361956,9
default_5shot,samples,8,5,surface,squad_token_f1,0.8162147560493077,9
default_5shot,samples,8,6,normalized,llm_llama-3.1-70b,0.7823597274080366,9
default_5shot,samples,8,6,normalized,llm_qwen2.5-72b,0.7464613398727176,9
default_5shot,samples,8,6,normalized,squad_token_f1,0.7510216615472464,9
default_5shot,samples,8,6,raw,llm_llama-3.1-70b,0.7904952604278289,9
default_5shot,samples,8,6,raw,llm_qwen2.5-72b,0.749023173010531,9
default_5shot,samples,8,6,raw,squad_token_f1,0.7491573415394078,9
default_5shot,samples,8,6,surface,llm_llama-3.1-70b,0.8217181844144404,9
default_5shot,samples,8,6,surface,llm_qwen2.5-72b,0.7712307788578429,9
default_5shot,samples,8,6,surface,squad_token_f1,0.8052455767645826,9
default_5shot,samples,8,7,normalized,llm_llama-3.1-70b,0.7917305881778507,9
default_5shot,samples,8,7,normalized,llm_qwen2.5-72b,0.7552165303068296,9
default_5shot,samples,8,7,normalized,squad_token_f1,0.7558306854866309,9
default_5shot,samples,8,7,raw,llm_llama-3.1-70b,0.803127070639148,9
default_5shot,samples,8,7,raw,llm_qwen2.5-72b,0.7612909864425602,9
default_5shot,samples,8,7,raw,squad_token_f1,0.759710045666917,9
default_5shot,samples,8,7,surface,llm_llama-3.1-70b,0.8260542584465692,9
default_5shot,samples,8,7,surface,llm_qwen2.5-72b,0.7751376494926547,9
default_5shot,samples,8,7,surface,squad_token_f1,0.8080147550179226,9
default_5shot,samples,8,8,normalized,llm_llama-3.1-70b,0.799710116663619,9
default_5shot,samples,8,8,normalized,llm_qwen2.5-72b,0.7634163866749006,9
default_5shot,samples,8,8,normalized,squad_token_f1,0.7707711306183529,9
default_5shot,samples,8,8,raw,llm_llama-3.1-70b,0.8018289683195078,9
default_5shot,samples,8,8,raw,llm_qwen2.5-72b,0.7596027529593061,9
default_5shot,samples,8,8,raw,squad_token_f1,0.7655928041437301,9
default_5shot,samples,8,8,surface,llm_llama-3.1-70b,0.827627340006567,9
default_5shot,samples,8,8,surface,llm_qwen2.5-72b,0.778621066708012,9
default_5shot,samples,8,8,surface,squad_token_f1,0.8091900057382513,9
default_5shot,samples,8,9,normalized,llm_llama-3.1-70b,0.7841122131581069,9
default_5shot,samples,8,9,normalized,llm_qwen2.5-72b,0.7429918561400759,9
default_5shot,samples,8,9,normalized,squad_token_f1,0.7488943370631967,9
default_5shot,samples,8,9,raw,llm_llama-3.1-70b,0.7946513567991024,9
default_5shot,samples,8,9,raw,llm_qwen2.5-72b,0.7460187969733894,9
default_5shot,samples,8,9,raw,squad_token_f1,0.7526618757659206,9
default_5shot,samples,8,9,surface,llm_llama-3.1-70b,0.8217291213215127,9
default_5shot,samples,8,9,surface,llm_qwen2.5-72b,0.7669952447267979,9
default_5shot,samples,8,9,surface,squad_token_f1,0.8021423814165042,9
default_5shot,samples,8,10,normalized,llm_llama-3.1-70b,0.7908295734131081,9
default_5shot,samples,8,10,normalized,llm_qwen2.5-72b,0.7554861337111078,9
default_5shot,samples,8,10,normalized,squad_token_f1,0.7615521044005449,9
default_5shot,samples,8,10,raw,llm_llama-3.1-70b,0.7985364370227495,9
default_5shot,samples,8,10,raw,llm_qwen2.5-72b,0.7541394411879447,9
default_5shot,samples,8,10,raw,squad_token_f1,0.7573525159231786,9
default_5shot,samples,8,10,surface,llm_llama-3.1-70b,0.8317538207081283,9
default_5shot,samples,8,10,surface,llm_qwen2.5-72b,0.7798992886389686,9
default_5shot,samples,8,10,surface,squad_token_f1,0.8189446711147491,9
default_5shot,samples,8,11,normalized,llm_llama-3.1-70b,0.7692731036632003,9
default_5shot,samples,8,11,normalized,llm_qwen2.5-72b,0.7417389858211582,9
default_5shot,samples,8,11,normalized,squad_token_f1,0.751583516521382,9
default_5shot,samples,8,11,raw,llm_llama-3.1-70b,0.7811166270807978,9
default_5shot,samples,8,11,raw,llm_qwen2.5-72b,0.7459401677184184,9
default_5shot,samples,8,11,raw,squad_token_f1,0.7553683244774863,9
default_5shot,samples,8,11,surface,llm_llama-3.1-70b,0.8063504475038292,9
default_5shot,samples,8,11,surface,llm_qwen2.5-72b,0.7593064084130905,9
default_5shot,samples,8,11,surface,squad_token_f1,0.8053255972422639,9
default_5shot,samples,8,12,normalized,llm_llama-3.1-70b,0.8070805577347445,9
default_5shot,samples,8,12,normalized,llm_qwen2.5-72b,0.7676417758654601,9
default_5shot,samples,8,12,normalized,squad_token_f1,0.7748383580537577,9
default_5shot,samples,8,12,raw,llm_llama-3.1-70b,0.8148823409994908,9
default_5shot,samples,8,12,raw,llm_qwen2.5-72b,0.7718294908374888,9
default_5shot,samples,8,12,raw,squad_token_f1,0.7776344093961053,9
default_5shot,samples,8,12,surface,llm_llama-3.1-70b,0.8362648647723124,9
default_5shot,samples,8,12,surface,llm_qwen2.5-72b,0.7836872545334878,9
default_5shot,samples,8,12,surface,squad_token_f1,0.8210068509751746,9
default_5shot,samples,8,13,normalized,llm_llama-3.1-70b,0.7929036533857388,9
default_5shot,samples,8,13,normalized,llm_qwen2.5-72b,0.7576208352620891,9
default_5shot,samples,8,13,normalized,squad_token_f1,0.7622584532552855,9
default_5shot,samples,8,13,raw,llm_llama-3.1-70b,0.8005431546594992,9
default_5shot,samples,8,13,raw,llm_qwen2.5-72b,0.7581648741026966,9
default_5shot,samples,8,13,raw,squad_token_f1,0.7588432073215211,9
default_5shot,samples,8,13,surface,llm_llama-3.1-70b,0.8287519776549568,9
default_5shot,samples,8,13,surface,llm_qwen2.5-72b,0.7786000149422492,9
default_5shot,samples,8,13,surface,squad_token_f1,0.8168297826731062,9
default_5shot,samples,8,14,normalized,llm_llama-3.1-70b,0.7785349742626313,9
default_5shot,samples,8,14,normalized,llm_qwen2.5-72b,0.7372176380980561,9
default_5shot,samples,8,14,normalized,squad_token_f1,0.7444341954071487,9
default_5shot,samples,8,14,raw,llm_llama-3.1-70b,0.7909694490813654,9
default_5shot,samples,8,14,raw,llm_qwen2.5-72b,0.739410253035769,9
default_5shot,samples,8,14,raw,squad_token_f1,0.7474448019131255,9
default_5shot,samples,8,14,surface,llm_llama-3.1-70b,0.8233405947023097,9
default_5shot,samples,8,14,surface,llm_qwen2.5-72b,0.7706196255441612,9
default_5shot,samples,8,14,surface,squad_token_f1,0.8112470521140112,9
default_5shot,samples,8,15,normalized,llm_llama-3.1-70b,0.787134086726478,9
default_5shot,samples,8,15,normalized,llm_qwen2.5-72b,0.7538110754055026,9
default_5shot,samples,8,15,normalized,squad_token_f1,0.7561405843452627,9
default_5shot,samples,8,15,raw,llm_llama-3.1-70b,0.7970241024035308,9
default_5shot,samples,8,15,raw,llm_qwen2.5-72b,0.7573649720353797,9
default_5shot,samples,8,15,raw,squad_token_f1,0.7561876399987999,9
default_5shot,samples,8,15,surface,llm_llama-3.1-70b,0.8242783115971521,9
default_5shot,samples,8,15,surface,llm_qwen2.5-72b,0.7714486439009143,9
default_5shot,samples,8,15,surface,squad_token_f1,0.8028866343749385,9
default_5shot,samples,8,16,normalized,llm_llama-3.1-70b,0.7959966987744765,9
default_5shot,samples,8,16,normalized,llm_qwen2.5-72b,0.7531223685441951,9
default_5shot,samples,8,16,normalized,squad_token_f1,0.7582331213837061,9
default_5shot,samples,8,16,raw,llm_llama-3.1-70b,0.8033606268559973,9
default_5shot,samples,8,16,raw,llm_qwen2.5-72b,0.7525632417595782,9
default_5shot,samples,8,16,raw,squad_token_f1,0.7597188895592892,9
default_5shot,samples,8,16,surface,llm_llama-3.1-70b,0.828577253396094,9
default_5shot,samples,8,16,surface,llm_qwen2.5-72b,0.769618875849526,9
default_5shot,samples,8,16,surface,squad_token_f1,0.8121006848631117,9
default_5shot,samples,8,17,normalized,llm_llama-3.1-70b,0.7937342950929908,9
default_5shot,samples,8,17,normalized,llm_qwen2.5-72b,0.7613590644582646,9
default_5shot,samples,8,17,normalized,squad_token_f1,0.7699760417457786,9
default_5shot,samples,8,17,raw,llm_llama-3.1-70b,0.805228759133751,9
default_5shot,samples,8,17,raw,llm_qwen2.5-72b,0.7638899735455463,9
default_5shot,samples,8,17,raw,squad_token_f1,0.7722389508188728,9
default_5shot,samples,8,17,surface,llm_llama-3.1-70b,0.8294017302924308,9
default_5shot,samples,8,17,surface,llm_qwen2.5-72b,0.780685371774768,9
default_5shot,samples,8,17,surface,squad_token_f1,0.8191864028055549,9
default_5shot,samples,8,18,normalized,llm_llama-3.1-70b,0.7738625698569338,9
default_5shot,samples,8,18,normalized,llm_qwen2.5-72b,0.7448816347003911,9
default_5shot,samples,8,18,normalized,squad_token_f1,0.7520933936740467,9
default_5shot,samples,8,18,raw,llm_llama-3.1-70b,0.7836852231981056,9
default_5shot,samples,8,18,raw,llm_qwen2.5-72b,0.746314241218782,9
default_5shot,samples,8,18,raw,squad_token_f1,0.7520602269093984,9
default_5shot,samples,8,18,surface,llm_llama-3.1-70b,0.8122127730622094,9
default_5shot,samples,8,18,surface,llm_qwen2.5-72b,0.7636672472360037,9
default_5shot,samples,8,18,surface,squad_token_f1,0.8027514874213217,9
default_5shot,samples,8,19,normalized,llm_llama-3.1-70b,0.786687004807979,9
default_5shot,samples,8,19,normalized,llm_qwen2.5-72b,0.7576789705917673,9
default_5shot,samples,8,19,normalized,squad_token_f1,0.7645420512092052,9
default_5shot,samples,8,19,raw,llm_llama-3.1-70b,0.7987142436870697,9
default_5shot,samples,8,19,raw,llm_qwen2.5-72b,0.7633345804140438,9
default_5shot,samples,8,19,raw,squad_token_f1,0.7712813712170438,9
default_5shot,samples,8,19,surface,llm_llama-3.1-70b,0.8251329059501362,9
default_5shot,samples,8,19,surface,llm_qwen2.5-72b,0.7740556585370827,9
default_5shot,samples,8,19,surface,squad_token_f1,0.820168500539602,9
default_5shot,samples,8,20,normalized,llm_llama-3.1-70b,0.7813090777311792,9
default_5shot,samples,8,20,normalized,llm_qwen2.5-72b,0.7422546314767676,9
default_5shot,samples,8,20,normalized,squad_token_f1,0.747120675566582,9
default_5shot,samples,8,20,raw,llm_llama-3.1-70b,0.7915512147094272,9
default_5shot,samples,8,20,raw,llm_qwen2.5-72b,0.7456909418983723,9
default_5shot,samples,8,20,raw,squad_token_f1,0.7496094321803386,9
default_5shot,samples,8,20,surface,llm_llama-3.1-70b,0.8160845405712556,9
default_5shot,samples,8,20,surface,llm_qwen2.5-72b,0.757904785607314,9
default_5shot,samples,8,20,surface,squad_token_f1,0.7984511963832139,9
default_5shot,samples,8,21,normalized,llm_llama-3.1-70b,0.7713438042544323,9
default_5shot,samples,8,21,normalized,llm_qwen2.5-72b,0.7424083042955592,9
default_5shot,samples,8,21,normalized,squad_token_f1,0.7404369752242559,9
default_5shot,samples,8,21,raw,llm_llama-3.1-70b,0.7794915849716575,9
default_5shot,samples,8,21,raw,llm_qwen2.5-72b,0.7443262188972973,9
default_5shot,samples,8,21,raw,squad_token_f1,0.742044265053768,9
default_5shot,samples,8,21,surface,llm_llama-3.1-70b,0.8197755930998684,9
default_5shot,samples,8,21,surface,llm_qwen2.5-72b,0.765955427107388,9
default_5shot,samples,8,21,surface,squad_token_f1,0.8005308343108051,9
default_5shot,samples,8,22,normalized,llm_llama-3.1-70b,0.7820093162786399,9
default_5shot,samples,8,22,normalized,llm_qwen2.5-72b,0.7333972679367416,9
default_5shot,samples,8,22,normalized,squad_token_f1,0.740393687290617,9
default_5shot,samples,8,22,raw,llm_llama-3.1-70b,0.7936170715206544,9
default_5shot,samples,8,22,raw,llm_qwen2.5-72b,0.741076532662575,9
default_5shot,samples,8,22,raw,squad_token_f1,0.7477315277766058,9
default_5shot,samples,8,22,surface,llm_llama-3.1-70b,0.8194517254752762,9
default_5shot,samples,8,22,surface,llm_qwen2.5-72b,0.7670066777716417,9
default_5shot,samples,8,22,surface,squad_token_f1,0.8062358217372837,9
default_5shot,samples,8,23,normalized,llm_llama-3.1-70b,0.788388625747724,9
default_5shot,samples,8,23,normalized,llm_qwen2.5-72b,0.7535246162697143,9
default_5shot,samples,8,23,normalized,squad_token_f1,0.755551445720549,9
default_5shot,samples,8,23,raw,llm_llama-3.1-70b,0.7987042489105693,9
default_5shot,samples,8,23,raw,llm_qwen2.5-72b,0.7578519882441451,9
default_5shot,samples,8,23,raw,squad_token_f1,0.7592580888716367,9
default_5shot,samples,8,23,surface,llm_llama-3.1-70b,0.8259923236020257,9
default_5shot,samples,8,23,surface,llm_qwen2.5-72b,0.7724084648104257,9
default_5shot,samples,8,23,surface,squad_token_f1,0.8102632863490563,9
default_5shot,samples,8,24,normalized,llm_llama-3.1-70b,0.7964850603487883,9
default_5shot,samples,8,24,normalized,llm_qwen2.5-72b,0.748261862167951,9
default_5shot,samples,8,24,normalized,squad_token_f1,0.7544784086572586,9
default_5shot,samples,8,24,raw,llm_llama-3.1-70b,0.805419755626076,9
default_5shot,samples,8,24,raw,llm_qwen2.5-72b,0.7502199281578796,9
default_5shot,samples,8,24,raw,squad_token_f1,0.7545859434407193,9
default_5shot,samples,8,24,surface,llm_llama-3.1-70b,0.8290087799196093,9
default_5shot,samples,8,24,surface,llm_qwen2.5-72b,0.7665018601873608,9
default_5shot,samples,8,24,surface,squad_token_f1,0.7996099120087911,9
default_5shot,samples,8,25,normalized,llm_llama-3.1-70b,0.7770045138704559,9
default_5shot,samples,8,25,normalized,llm_qwen2.5-72b,0.7362162929758389,9
default_5shot,samples,8,25,normalized,squad_token_f1,0.7489616549791989,9
default_5shot,samples,8,25,raw,llm_llama-3.1-70b,0.7858932802823705,9
default_5shot,samples,8,25,raw,llm_qwen2.5-72b,0.7420258995820141,9
default_5shot,samples,8,25,raw,squad_token_f1,0.7526253332076919,9
default_5shot,samples,8,25,surface,llm_llama-3.1-70b,0.8123873437128268,9
default_5shot,samples,8,25,surface,llm_qwen2.5-72b,0.7562881782438026,9
default_5shot,samples,8,25,surface,squad_token_f1,0.8012305563994161,9
default_5shot,samples,8,26,normalized,llm_llama-3.1-70b,0.8014579634446785,9
default_5shot,samples,8,26,normalized,llm_qwen2.5-72b,0.745083961947352,9
default_5shot,samples,8,26,normalized,squad_token_f1,0.7543331279939467,9
default_5shot,samples,8,26,raw,llm_llama-3.1-70b,0.8075511929175375,9
default_5shot,samples,8,26,raw,llm_qwen2.5-72b,0.7521330244498459,9
default_5shot,samples,8,26,raw,squad_token_f1,0.7601031652269469,9
default_5shot,samples,8,26,surface,llm_llama-3.1-70b,0.8282947371111623,9
default_5shot,samples,8,26,surface,llm_qwen2.5-72b,0.7635413805273196,9
default_5shot,samples,8,26,surface,squad_token_f1,0.8149744450914042,9
default_5shot,samples,8,27,normalized,llm_llama-3.1-70b,0.7862783454319283,9
default_5shot,samples,8,27,normalized,llm_qwen2.5-72b,0.7511319054469209,9
default_5shot,samples,8,27,normalized,squad_token_f1,0.7610948529666852,9
default_5shot,samples,8,27,raw,llm_llama-3.1-70b,0.7985842194276171,9
default_5shot,samples,8,27,raw,llm_qwen2.5-72b,0.754196503793382,9
default_5shot,samples,8,27,raw,squad_token_f1,0.7610926728765423,9
default_5shot,samples,8,27,surface,llm_llama-3.1-70b,0.8270306436570527,9
default_5shot,samples,8,27,surface,llm_qwen2.5-72b,0.7755915598085361,9
default_5shot,samples,8,27,surface,squad_token_f1,0.8152220213365438,9
default_5shot,samples,8,28,normalized,llm_llama-3.1-70b,0.7813747196547116,9
default_5shot,samples,8,28,normalized,llm_qwen2.5-72b,0.7491165829497873,9
default_5shot,samples,8,28,normalized,squad_token_f1,0.7586251446283122,9
default_5shot,samples,8,28,raw,llm_llama-3.1-70b,0.7896388534975491,9
default_5shot,samples,8,28,raw,llm_qwen2.5-72b,0.7524190969753405,9
default_5shot,samples,8,28,raw,squad_token_f1,0.7614507129214731,9
default_5shot,samples,8,28,surface,llm_llama-3.1-70b,0.8204831024376112,9
default_5shot,samples,8,28,surface,llm_qwen2.5-72b,0.7698285099117143,9
default_5shot,samples,8,28,surface,squad_token_f1,0.8125168214213049,9
default_5shot,samples,8,29,normalized,llm_llama-3.1-70b,0.7728744284954028,9
default_5shot,samples,8,29,normalized,llm_qwen2.5-72b,0.7380120804882156,9
default_5shot,samples,8,29,normalized,squad_token_f1,0.7535273933524421,9
default_5shot,samples,8,29,raw,llm_llama-3.1-70b,0.7854436279858985,9
default_5shot,samples,8,29,raw,llm_qwen2.5-72b,0.7424444446019524,9
default_5shot,samples,8,29,raw,squad_token_f1,0.7578721660351777,9
default_5shot,samples,8,29,surface,llm_llama-3.1-70b,0.8219895897029552,9
default_5shot,samples,8,29,surface,llm_qwen2.5-72b,0.7703753689789551,9
default_5shot,samples,8,29,surface,squad_token_f1,0.8123618743360459,9
default_5shot,samples,8,30,normalized,llm_llama-3.1-70b,0.7966427852951604,9
default_5shot,samples,8,30,normalized,llm_qwen2.5-72b,0.7450090192124506,9
default_5shot,samples,8,30,normalized,squad_token_f1,0.7600939630454737,9
default_5shot,samples,8,30,raw,llm_llama-3.1-70b,0.8050630772802673,9
default_5shot,samples,8,30,raw,llm_qwen2.5-72b,0.7498164621326386,9
default_5shot,samples,8,30,raw,squad_token_f1,0.7632682232845488,9
default_5shot,samples,8,30,surface,llm_llama-3.1-70b,0.8230921589667564,9
default_5shot,samples,8,30,surface,llm_qwen2.5-72b,0.7595182708540551,9
default_5shot,samples,8,30,surface,squad_token_f1,0.8026331913069242,9
default_5shot,samples,8,31,normalized,llm_llama-3.1-70b,0.7805856136170146,9
default_5shot,samples,8,31,normalized,llm_qwen2.5-72b,0.738278029589949,9
default_5shot,samples,8,31,normalized,squad_token_f1,0.752841158381363,9
default_5shot,samples,8,31,raw,llm_llama-3.1-70b,0.7871442555923233,9
default_5shot,samples,8,31,raw,llm_qwen2.5-72b,0.7441507312347095,9
default_5shot,samples,8,31,raw,squad_token_f1,0.7572714199921803,9
default_5shot,samples,8,31,surface,llm_llama-3.1-70b,0.8071545866684756,9
default_5shot,samples,8,31,surface,llm_qwen2.5-72b,0.7535620601926072,9
default_5shot,samples,8,31,surface,squad_token_f1,0.8013018341307815,9
default_5shot,samples,8,32,normalized,llm_llama-3.1-70b,0.7950583367250034,9
default_5shot,samples,8,32,normalized,llm_qwen2.5-72b,0.7495124193879354,9
default_5shot,samples,8,32,normalized,squad_token_f1,0.7620750037270505,9
default_5shot,samples,8,32,raw,llm_llama-3.1-70b,0.8013567151298633,9
default_5shot,samples,8,32,raw,llm_qwen2.5-72b,0.748202511521655,9
default_5shot,samples,8,32,raw,squad_token_f1,0.7616677677874072,9
default_5shot,samples,8,32,surface,llm_llama-3.1-70b,0.8339219601296896,9
default_5shot,samples,8,32,surface,llm_qwen2.5-72b,0.7707336183052127,9
default_5shot,samples,8,32,surface,squad_token_f1,0.8124354611978881,9
default_5shot,samples,8,33,normalized,llm_llama-3.1-70b,0.7829090407341213,9
default_5shot,samples,8,33,normalized,llm_qwen2.5-72b,0.7457031433908369,9
default_5shot,samples,8,33,normalized,squad_token_f1,0.7572417958007627,9
default_5shot,samples,8,33,raw,llm_llama-3.1-70b,0.7855637291526986,9
default_5shot,samples,8,33,raw,llm_qwen2.5-72b,0.7425900391747915,9
default_5shot,samples,8,33,raw,squad_token_f1,0.7532821397161066,9
default_5shot,samples,8,33,surface,llm_llama-3.1-70b,0.8188407128372909,9
default_5shot,samples,8,33,surface,llm_qwen2.5-72b,0.7654807967469216,9
default_5shot,samples,8,33,surface,squad_token_f1,0.8100266145395287,9
default_5shot,samples,8,34,normalized,llm_llama-3.1-70b,0.8087114574383093,9
default_5shot,samples,8,34,normalized,llm_qwen2.5-72b,0.7600166359841283,9
default_5shot,samples,8,34,normalized,squad_token_f1,0.7669031738061952,9
default_5shot,samples,8,34,raw,llm_llama-3.1-70b,0.815744697689142,9
default_5shot,samples,8,34,raw,llm_qwen2.5-72b,0.7633191500096815,9
default_5shot,samples,8,34,raw,squad_token_f1,0.7669487597360405,9
default_5shot,samples,8,34,surface,llm_llama-3.1-70b,0.8123342157410193,9
default_5shot,samples,8,34,surface,llm_qwen2.5-72b,0.7621351374898846,9
default_5shot,samples,8,34,surface,squad_token_f1,0.800815648595863,9
default_5shot,samples,8,35,normalized,llm_llama-3.1-70b,0.7875166019791623,9
default_5shot,samples,8,35,normalized,llm_qwen2.5-72b,0.7525766645348688,9
default_5shot,samples,8,35,normalized,squad_token_f1,0.7655907350446824,9
default_5shot,samples,8,35,raw,llm_llama-3.1-70b,0.7942344640210985,9
default_5shot,samples,8,35,raw,llm_qwen2.5-72b,0.756270218167148,9
default_5shot,samples,8,35,raw,squad_token_f1,0.7692986029655133,9
default_5shot,samples,8,35,surface,llm_llama-3.1-70b,0.828698050920273,9
default_5shot,samples,8,35,surface,llm_qwen2.5-72b,0.7759057319815833,9
default_5shot,samples,8,35,surface,squad_token_f1,0.8177511332343204,9
default_5shot,samples,8,36,normalized,llm_llama-3.1-70b,0.7880262536562859,9
default_5shot,samples,8,36,normalized,llm_qwen2.5-72b,0.7580506128622744,9
default_5shot,samples,8,36,normalized,squad_token_f1,0.7611614652043502,9
default_5shot,samples,8,36,raw,llm_llama-3.1-70b,0.8018263467387864,9
default_5shot,samples,8,36,raw,llm_qwen2.5-72b,0.763847625399483,9
default_5shot,samples,8,36,raw,squad_token_f1,0.764447816370331,9
default_5shot,samples,8,36,surface,llm_llama-3.1-70b,0.8250034449209167,9
default_5shot,samples,8,36,surface,llm_qwen2.5-72b,0.778149477323884,9
default_5shot,samples,8,36,surface,squad_token_f1,0.811924232110392,9
default_5shot,samples,8,37,normalized,llm_llama-3.1-70b,0.7933200238957083,9
default_5shot,samples,8,37,normalized,llm_qwen2.5-72b,0.7532680257622207,9
default_5shot,samples,8,37,normalized,squad_token_f1,0.7620014580034074,9
default_5shot,samples,8,37,raw,llm_llama-3.1-70b,0.7992325998314324,9
default_5shot,samples,8,37,raw,llm_qwen2.5-72b,0.7563225239147582,9
default_5shot,samples,8,37,raw,squad_token_f1,0.7638290839097369,9
default_5shot,samples,8,37,surface,llm_llama-3.1-70b,0.8253454383184657,9
default_5shot,samples,8,37,surface,llm_qwen2.5-72b,0.7736000221971584,9
default_5shot,samples,8,37,surface,squad_token_f1,0.8097931415472838,9
default_5shot,samples,8,38,normalized,llm_llama-3.1-70b,0.7908722560242286,9
default_5shot,samples,8,38,normalized,llm_qwen2.5-72b,0.7516181317297158,9
default_5shot,samples,8,38,normalized,squad_token_f1,0.7639949327349425,9
default_5shot,samples,8,38,raw,llm_llama-3.1-70b,0.7984995096005564,9
default_5shot,samples,8,38,raw,llm_qwen2.5-72b,0.7538639908995947,9
default_5shot,samples,8,38,raw,squad_token_f1,0.7644092968344918,9
default_5shot,samples,8,38,surface,llm_llama-3.1-70b,0.8261592650431218,9
default_5shot,samples,8,38,surface,llm_qwen2.5-72b,0.767700111659735,9
default_5shot,samples,8,38,surface,squad_token_f1,0.8163943828895096,9
default_5shot,samples,8,39,normalized,llm_llama-3.1-70b,0.7814441301005312,9
default_5shot,samples,8,39,normalized,llm_qwen2.5-72b,0.7515557198219738,9
default_5shot,samples,8,39,normalized,squad_token_f1,0.7576964479098982,9
default_5shot,samples,8,39,raw,llm_llama-3.1-70b,0.7913188361557927,9
default_5shot,samples,8,39,raw,llm_qwen2.5-72b,0.750963175111782,9
default_5shot,samples,8,39,raw,squad_token_f1,0.756699387357282,9
default_5shot,samples,8,39,surface,llm_llama-3.1-70b,0.8204237891737891,9
default_5shot,samples,8,39,surface,llm_qwen2.5-72b,0.7701318468539831,9
default_5shot,samples,8,39,surface,squad_token_f1,0.8116837186259701,9
default_5shot,samples,8,40,normalized,llm_llama-3.1-70b,0.7824809038325544,9
default_5shot,samples,8,40,normalized,llm_qwen2.5-72b,0.7485851548835295,9
default_5shot,samples,8,40,normalized,squad_token_f1,0.7537067921159051,9
default_5shot,samples,8,40,raw,llm_llama-3.1-70b,0.7910971589765874,9
default_5shot,samples,8,40,raw,llm_qwen2.5-72b,0.752755412730258,9
default_5shot,samples,8,40,raw,squad_token_f1,0.7566790878243119,9
default_5shot,samples,8,40,surface,llm_llama-3.1-70b,0.8173684392484715,9
default_5shot,samples,8,40,surface,llm_qwen2.5-72b,0.7688379594500595,9
default_5shot,samples,8,40,surface,squad_token_f1,0.8041720197894662,9
default_5shot,samples,8,41,normalized,llm_llama-3.1-70b,0.7873510122906259,9
default_5shot,samples,8,41,normalized,llm_qwen2.5-72b,0.7523484433475404,9
default_5shot,samples,8,41,normalized,squad_token_f1,0.7556696767873669,9
default_5shot,samples,8,41,raw,llm_llama-3.1-70b,0.7969103401369907,9
default_5shot,samples,8,41,raw,llm_qwen2.5-72b,0.7581748836102551,9
default_5shot,samples,8,41,raw,squad_token_f1,0.7602636901128617,9
default_5shot,samples,8,41,surface,llm_llama-3.1-70b,0.8243404922148883,9
default_5shot,samples,8,41,surface,llm_qwen2.5-72b,0.7730378347477161,9
default_5shot,samples,8,41,surface,squad_token_f1,0.8116754948538574,9
default_5shot,samples,8,42,normalized,llm_llama-3.1-70b,0.7812885863912434,9
default_5shot,samples,8,42,normalized,llm_qwen2.5-72b,0.7471711653213201,9
default_5shot,samples,8,42,normalized,squad_token_f1,0.7442260449102555,9
default_5shot,samples,8,42,raw,llm_llama-3.1-70b,0.7932300913883039,9
default_5shot,samples,8,42,raw,llm_qwen2.5-72b,0.7513481566306643,9
default_5shot,samples,8,42,raw,squad_token_f1,0.7456066298602848,9
default_5shot,samples,8,42,surface,llm_llama-3.1-70b,0.8237106369654679,9
default_5shot,samples,8,42,surface,llm_qwen2.5-72b,0.7740775151443366,9
default_5shot,samples,8,42,surface,squad_token_f1,0.8030709742931965,9
default_5shot,samples,8,43,normalized,llm_llama-3.1-70b,0.7944622957706693,9
default_5shot,samples,8,43,normalized,llm_qwen2.5-72b,0.7596858867014956,9
default_5shot,samples,8,43,normalized,squad_token_f1,0.7628876959983198,9
default_5shot,samples,8,43,raw,llm_llama-3.1-70b,0.7951083618102539,9
default_5shot,samples,8,43,raw,llm_qwen2.5-72b,0.7586940725969363,9
default_5shot,samples,8,43,raw,squad_token_f1,0.7575238414029837,9
default_5shot,samples,8,43,surface,llm_llama-3.1-70b,0.8271605143082599,9
default_5shot,samples,8,43,surface,llm_qwen2.5-72b,0.7790744048645235,9
default_5shot,samples,8,43,surface,squad_token_f1,0.8086565573351635,9
default_5shot,samples,8,44,normalized,llm_llama-3.1-70b,0.7923723224649151,9
default_5shot,samples,8,44,normalized,llm_qwen2.5-72b,0.7451132816844891,9
default_5shot,samples,8,44,normalized,squad_token_f1,0.7566063801010194,9
default_5shot,samples,8,44,raw,llm_llama-3.1-70b,0.800128176864288,9
default_5shot,samples,8,44,raw,llm_qwen2.5-72b,0.7506675154862719,9
default_5shot,samples,8,44,raw,squad_token_f1,0.759838939379875,9
default_5shot,samples,8,44,surface,llm_llama-3.1-70b,0.8264345822216193,9
default_5shot,samples,8,44,surface,llm_qwen2.5-72b,0.7680238542274146,9
default_5shot,samples,8,44,surface,squad_token_f1,0.8078914590301043,9
default_5shot,samples,8,45,normalized,llm_llama-3.1-70b,0.7987260203192168,9
default_5shot,samples,8,45,normalized,llm_qwen2.5-72b,0.7487591969338615,9
default_5shot,samples,8,45,normalized,squad_token_f1,0.7544320160202226,9
default_5shot,samples,8,45,raw,llm_llama-3.1-70b,0.8058419325277215,9
default_5shot,samples,8,45,raw,llm_qwen2.5-72b,0.7523130935637385,9
default_5shot,samples,8,45,raw,squad_token_f1,0.7557944743780514,9
default_5shot,samples,8,45,surface,llm_llama-3.1-70b,0.8268379881956774,9
default_5shot,samples,8,45,surface,llm_qwen2.5-72b,0.7642738202916222,9
default_5shot,samples,8,45,surface,squad_token_f1,0.8029144693477053,9
default_5shot,samples,8,46,normalized,llm_llama-3.1-70b,0.8051494972791269,9
default_5shot,samples,8,46,normalized,llm_qwen2.5-72b,0.7536677772262137,9
default_5shot,samples,8,46,normalized,squad_token_f1,0.7651315315974185,9
default_5shot,samples,8,46,raw,llm_llama-3.1-70b,0.8139157867167126,9
default_5shot,samples,8,46,raw,llm_qwen2.5-72b,0.7597180427740283,9
default_5shot,samples,8,46,raw,squad_token_f1,0.7658321243859744,9
default_5shot,samples,8,46,surface,llm_llama-3.1-70b,0.8182718810234912,9
default_5shot,samples,8,46,surface,llm_qwen2.5-72b,0.7631769907795449,9
default_5shot,samples,8,46,surface,squad_token_f1,0.8125889714934549,9
default_5shot,samples,8,47,normalized,llm_llama-3.1-70b,0.7972199733975096,9
default_5shot,samples,8,47,normalized,llm_qwen2.5-72b,0.7545948663240974,9
default_5shot,samples,8,47,normalized,squad_token_f1,0.7646628344852029,9
default_5shot,samples,8,47,raw,llm_llama-3.1-70b,0.8042593374970589,9
default_5shot,samples,8,47,raw,llm_qwen2.5-72b,0.7566230102027316,9
default_5shot,samples,8,47,raw,squad_token_f1,0.7643346206893965,9
default_5shot,samples,8,47,surface,llm_llama-3.1-70b,0.8228576196571366,9
default_5shot,samples,8,47,surface,llm_qwen2.5-72b,0.764424497477258,9
default_5shot,samples,8,47,surface,squad_token_f1,0.8046303567560877,9
default_5shot,samples,8,48,normalized,llm_llama-3.1-70b,0.7959545077097412,9
default_5shot,samples,8,48,normalized,llm_qwen2.5-72b,0.7514968375230242,9
default_5shot,samples,8,48,normalized,squad_token_f1,0.7710123686507703,9
default_5shot,samples,8,48,raw,llm_llama-3.1-70b,0.8041604649897726,9
default_5shot,samples,8,48,raw,llm_qwen2.5-72b,0.7525228177156712,9
default_5shot,samples,8,48,raw,squad_token_f1,0.7694106392758927,9
default_5shot,samples,8,48,surface,llm_llama-3.1-70b,0.8350400028640769,9
default_5shot,samples,8,48,surface,llm_qwen2.5-72b,0.7719732519945368,9
default_5shot,samples,8,48,surface,squad_token_f1,0.8208324551324063,9
default_5shot,samples,8,49,normalized,llm_llama-3.1-70b,0.7872775977898764,9
default_5shot,samples,8,49,normalized,llm_qwen2.5-72b,0.7507530721056264,9
default_5shot,samples,8,49,normalized,squad_token_f1,0.7580642915041064,9
default_5shot,samples,8,49,raw,llm_llama-3.1-70b,0.795682580153192,9
default_5shot,samples,8,49,raw,llm_qwen2.5-72b,0.7557044116157894,9
default_5shot,samples,8,49,raw,squad_token_f1,0.7595422456487272,9
default_5shot,samples,8,49,surface,llm_llama-3.1-70b,0.8215442793995531,9
default_5shot,samples,8,49,surface,llm_qwen2.5-72b,0.7696299377962175,9
default_5shot,samples,8,49,surface,squad_token_f1,0.8086069806484036,9
default_5shot,samples,10,0,normalized,llm_llama-3.1-70b,0.7895187830523982,9
default_5shot,samples,10,0,normalized,llm_qwen2.5-72b,0.7525685254335924,9
default_5shot,samples,10,0,normalized,squad_token_f1,0.7603693286714729,9
default_5shot,samples,10,0,raw,llm_llama-3.1-70b,0.7986555653373286,9
default_5shot,samples,10,0,raw,llm_qwen2.5-72b,0.7578854670250439,9
default_5shot,samples,10,0,raw,squad_token_f1,0.7643049057829759,9
default_5shot,samples,10,0,surface,llm_llama-3.1-70b,0.8249309213479905,9
default_5shot,samples,10,0,surface,llm_qwen2.5-72b,0.77325759943149,9
default_5shot,samples,10,0,surface,squad_token_f1,0.8141622154197691,9
