condition,backend,dataset,model,seed,grader,records,graded_chars_mean,sampled_chars_mean,graded_chars_median,graded_length_auroc,sampled_length_auroc,dse_auroc,surface_auroc,cap_metadata_records,sample_cap_fraction,any_cap_response_fraction,shorter_records,shorter_incorrect,shorter_dse_auroc,shorter_surface_auroc,longer_records,longer_incorrect,longer_dse_auroc,longer_surface_auroc,no_cap_records,no_cap_incorrect,no_cap_dse_auroc,no_cap_surface_auroc,any_cap_records,any_cap_incorrect,any_cap_dse_auroc,any_cap_surface_auroc
chat_0shot,Qwen_Qwen2.5-72B-Instruct,nqopen,meta-llama_Llama-3.1-70B-Instruct,42,squad_token_f1,400,88.145,88.76224999999998,73.0,0.8109489729528767,0.8040245375964309,0.6983455711497351,0.789850357839948,400,0.061,0.3375,203,179,0.6208100558659218,0.6684124767225326,197,192,0.7072916666666667,0.8291666666666667,265,247,0.713225371120108,0.7925101214574899,135,124,0.7243401759530792,0.8090175953079178
chat_0shot,Qwen_Qwen2.5-72B-Instruct,nqopen,meta-llama_Llama-3.1-70B-Instruct,42,llm_qwen2.5-72b,400,88.145,88.76224999999998,73.0,0.6124526693247072,0.6207151633691919,0.7383459966398355,0.6754432157275759,400,0.061,0.3375,203,79,0.7429563086974276,0.6604736627194774,197,110,0.7055381400208987,0.6457157784743992,265,109,0.7263585038814396,0.6835450482239473,135,80,0.7238636363636364,0.6071590909090909
chat_0shot,Qwen_Qwen2.5-72B-Instruct,nqopen,meta-llama_Llama-3.1-70B-Instruct,42,llm_llama-3.1-70b,400,88.145,88.76224999999998,73.0,0.5980475164203612,0.6054751642036125,0.7104115353037767,0.6476806239737274,400,0.061,0.3375,203,70,0.699516648764769,0.6258861439312567,197,98,0.6901154401154401,0.6197175840032982,265,96,0.6963757396449705,0.6514731262327417,135,72,0.6925705467372134,0.5877425044091711
chat_0shot,Qwen_Qwen2.5-72B-Instruct,nqopen,meta-llama_Llama-3.1-70B-Instruct,43,squad_token_f1,400,86.5025,88.98224999999998,73.5,0.8191891891891891,0.8415315315315315,0.7479729729729729,0.8336936936936937,400,0.06125,0.3425,200,175,0.6873142857142858,0.7552,200,195,0.7061538461538461,0.8302564102564103,263,241,0.7394379479441721,0.8539230479064503,137,129,0.7543604651162791,0.7577519379844961
chat_0shot,Qwen_Qwen2.5-72B-Instruct,nqopen,meta-llama_Llama-3.1-70B-Instruct,43,llm_qwen2.5-72b,400,86.5025,88.98224999999998,73.5,0.6120389177261215,0.6295669399934802,0.7466586423932395,0.7097720604829609,400,0.06125,0.3425,200,77,0.7349276739520642,0.7137577869285187,200,112,0.7259537337662337,0.6454951298701299,263,108,0.7496415770609319,0.6851254480286738,137,81,0.7037037037037037,0.7087742504409171
chat_0shot,Qwen_Qwen2.5-72B-Instruct,nqopen,meta-llama_Llama-3.1-70B-Instruct,43,llm_llama-3.1-70b,400,86.5025,88.98224999999998,73.5,0.597235094223046,0.6110853671094635,0.7073421892699001,0.6766038513026464,400,0.06125,0.3425,200,67,0.6845471888676916,0.6659746380877567,200,99,0.6956195619561956,0.6208120812081208,263,95,0.7148809523809524,0.6604323308270676,137,71,0.6574903969270166,0.6565300896286812
chat_0shot,Qwen_Qwen2.5-72B-Instruct,nqopen,meta-llama_Llama-3.1-70B-Instruct,44,squad_token_f1,400,89.375,87.54275,73.0,0.8098801003810763,0.8094618458964588,0.7107073148062087,0.8307463518914397,400,0.05775,0.285,203,178,0.6387640449438202,0.7220224719101124,197,193,0.7661917098445595,0.9799222797927462,286,264,0.6664944903581267,0.787362258953168,114,107,0.8157543391188251,0.9425901201602136
chat_0shot,Qwen_Qwen2.5-72B-Instruct,nqopen,meta-llama_Llama-3.1-70B-Instruct,44,llm_qwen2.5-72b,400,89.375,87.54275,73.0,0.6152380952380953,0.6266541353383459,0.7413032581453635,0.6932832080200502,400,0.05775,0.285,203,78,0.7287179487179487,0.6936410256410256,197,112,0.7247899159663865,0.6332983193277311,286,122,0.7175629748100759,0.6685075969612155,114,68,0.7647058823529411,0.7159526854219949
chat_0shot,Qwen_Qwen2.5-72B-Instruct,nqopen,meta-llama_Llama-3.1-70B-Instruct,44,llm_llama-3.1-70b,400,89.375,87.54275,73.0,0.5913445528830145,0.6019877558339097,0.7197161812546428,0.6641179333487026,400,0.05775,0.285,203,70,0.6874328678839957,0.6507518796992481,197,99,0.7230467944753659,0.6184291898577613,286,106,0.6964360587002096,0.6393343815513627,114,63,0.7279800809212574,0.6752256458138811
chat_0shot,Qwen_Qwen2.5-72B-Instruct,nqopen,meta-llama_Llama-3.1-8B-Instruct,42,squad_token_f1,400,713.07,140.2465,988.0,0.9867532467532467,0.8122077922077922,0.6890909090909091,0.7967965367965368,400,0.9734999999999999,1.0,200,185,0.6533333333333333,0.7807207207207207,200,200,,,0,0,,,400,385,0.6890909090909091,0.7967965367965368
chat_0shot,Qwen_Qwen2.5-72B-Instruct,nqopen,meta-llama_Llama-3.1-8B-Instruct,42,llm_qwen2.5-72b,400,713.07,140.2465,988.0,0.5680881904180654,0.600816295392127,0.7740947004373919,0.6055589461906214,400,0.9734999999999999,1.0,200,102,0.773859543817527,0.6388555422168868,200,124,0.7642190152801358,0.5601124787775892,0,0,,,400,226,0.7740947004373919,0.6055589461906214
chat_0shot,Qwen_Qwen2.5-72B-Instruct,nqopen,meta-llama_Llama-3.1-8B-Instruct,42,llm_llama-3.1-70b,400,713.07,140.2465,988.0,0.5684302689180738,0.6005878674171357,0.7576985616010006,0.5917948717948718,400,0.9734999999999999,1.0,200,90,0.7676767676767676,0.6232828282828283,200,115,0.7363171355498721,0.5489514066496164,0,0,,,400,205,0.7576985616010006,0.5917948717948718
chat_0shot,Qwen_Qwen2.5-72B-Instruct,nqopen,meta-llama_Llama-3.1-8B-Instruct,43,squad_token_f1,400,690.0925,141.04625,941.0,0.9931425163983304,0.7417014510037766,0.6913138541045518,0.7040349831047505,400,0.9772500000000001,1.0,200,187,0.6499382969971206,0.6964212258329905,200,200,,,0,0,,,400,387,0.6913138541045518,0.7040349831047505
chat_0shot,Qwen_Qwen2.5-72B-Instruct,nqopen,meta-llama_Llama-3.1-8B-Instruct,43,llm_qwen2.5-72b,400,690.0925,141.04625,941.0,0.5806123486929102,0.5850879869799613,0.7628928898382668,0.5819346963686298,400,0.9772500000000001,1.0,200,103,0.7700930837753979,0.6119007106395756,200,123,0.7462781121317706,0.5474078766761694,0,0,,,400,226,0.7628928898382668,0.5819346963686298
chat_0shot,Qwen_Qwen2.5-72B-Instruct,nqopen,meta-llama_Llama-3.1-8B-Instruct,43,llm_llama-3.1-70b,400,690.0925,141.04625,941.0,0.5672901402815633,0.5759670925958341,0.744592533319997,0.5949213573053937,400,0.9772500000000001,1.0,200,92,0.7619263285024155,0.6101046698872786,200,111,0.7199615345682762,0.5773863751391841,0,0,,,400,203,0.744592533319997,0.5949213573053937
chat_0shot,Qwen_Qwen2.5-72B-Instruct,nqopen,meta-llama_Llama-3.1-8B-Instruct,44,squad_token_f1,400,682.39,141.41174999999998,951.0,0.9827072152653548,0.768932617769827,0.6324786324786325,0.7221228384019082,400,0.97225,1.0,200,187,0.6192924722336487,0.706910736322501,200,200,,,0,0,,,400,387,0.6324786324786325,0.7221228384019082
chat_0shot,Qwen_Qwen2.5-72B-Instruct,nqopen,meta-llama_Llama-3.1-8B-Instruct,44,llm_qwen2.5-72b,400,682.39,141.41174999999998,951.0,0.5727636169183367,0.5828601257925696,0.7643044485752846,0.5699116396322986,400,0.97225,1.0,200,104,0.7490484775641025,0.5768729967948718,200,123,0.7780593390349488,0.5541125541125541,0,0,,,400,227,0.7643044485752846,0.5699116396322986
chat_0shot,Qwen_Qwen2.5-72B-Instruct,nqopen,meta-llama_Llama-3.1-8B-Instruct,44,llm_llama-3.1-70b,400,682.39,141.41174999999998,951.0,0.5806947779111644,0.592311924769908,0.7558023209283713,0.5693152260904362,400,0.97225,1.0,200,91,0.751940719830628,0.5845347313237221,200,113,0.7594344420709999,0.5450615400264469,0,0,,,400,204,0.7558023209283713,0.5693152260904362
chat_0shot,Qwen_Qwen2.5-72B-Instruct,nqopen,mistralai_Mistral-7B-Instruct-v0.3,42,squad_token_f1,400,52.52,50.28450000000001,53.0,0.853160210841917,0.7692828473330432,0.707069974370134,0.7391556651675613,400,0.268,0.8825,202,146,0.6887842465753424,0.7030944227005871,198,193,0.6170984455958549,0.5875647668393782,47,45,0.8777777777777778,0.9388888888888889,353,294,0.7095007494523233,0.7341750259425804
chat_0shot,Qwen_Qwen2.5-72B-Instruct,nqopen,mistralai_Mistral-7B-Instruct-v0.3,42,llm_qwen2.5-72b,400,52.52,50.28450000000001,53.0,0.6416505791505791,0.6258714071214071,0.8014398326898327,0.7424924924924925,400,0.268,0.8825,202,110,0.7747529644268775,0.732509881422925,198,142,0.8157696177062375,0.7135940643863179,47,32,0.771875,0.8104166666666667,353,220,0.8062884483937115,0.733526999316473
chat_0shot,Qwen_Qwen2.5-72B-Instruct,nqopen,mistralai_Mistral-7B-Instruct-v0.3,42,llm_llama-3.1-70b,400,52.52,50.28450000000001,53.0,0.6069699531237993,0.5979149056072133,0.7516329824022132,0.6940111170880402,400,0.268,0.8825,202,102,0.7633823529411765,0.7081372549019608,198,129,0.7190765082574991,0.6400966183574879,47,31,0.6945564516129032,0.751008064516129,353,200,0.7610457516339869,0.6867647058823529
chat_0shot,Qwen_Qwen2.5-72B-Instruct,nqopen,mistralai_Mistral-7B-Instruct-v0.3,43,squad_token_f1,400,52.275,49.9575,53.0,0.8380966197591759,0.7596111997678805,0.7157986362976934,0.71069684220707,400,0.2555,0.91,201,146,0.6897260273972603,0.6747820672478206,199,193,0.6575993091537133,0.540587219343696,36,34,0.7058823529411765,0.8970588235294118,364,305,0.7166435120866907,0.7009724923589886
chat_0shot,Qwen_Qwen2.5-72B-Instruct,nqopen,mistralai_Mistral-7B-Instruct-v0.3,43,llm_qwen2.5-72b,400,52.275,49.9575,53.0,0.6417816138313033,0.6207012449248475,0.7988222957167056,0.7421150278293135,400,0.2555,0.91,201,110,0.7604895104895105,0.7160339660339661,199,143,0.8256743256743256,0.7333291708291708,36,22,0.7662337662337663,0.762987012987013,364,231,0.8001334505093903,0.7414965986394558
chat_0shot,Qwen_Qwen2.5-72B-Instruct,nqopen,mistralai_Mistral-7B-Instruct-v0.3,43,llm_llama-3.1-70b,400,52.275,49.9575,53.0,0.6197163120567376,0.5781431334622824,0.7627208252740167,0.7004255319148937,400,0.2555,0.91,201,102,0.7435135670429788,0.6740443652208358,199,133,0.7624174071542492,0.6916154021417179,36,21,0.7968253968253968,0.7476190476190476,364,214,0.7576791277258567,0.6971495327102804
chat_0shot,Qwen_Qwen2.5-72B-Instruct,nqopen,mistralai_Mistral-7B-Instruct-v0.3,44,squad_token_f1,400,51.835,50.81525,53.0,0.8353921568627451,0.7770833333333333,0.7286029411764706,0.74875,400,0.2575,0.9075,203,149,0.7175615212527964,0.7243350733283619,197,191,0.6387434554973822,0.512216404886562,37,35,0.6571428571428571,0.2857142857142857,363,305,0.7228377614471453,0.7604861503674393
chat_0shot,Qwen_Qwen2.5-72B-Instruct,nqopen,mistralai_Mistral-7B-Instruct-v0.3,44,llm_qwen2.5-72b,400,51.835,50.81525,53.0,0.6178133333333333,0.6233866666666666,0.7825866666666667,0.73256,400,0.2575,0.9075,203,115,0.7751482213438735,0.745701581027668,197,135,0.7780167264038231,0.6943847072879331,37,30,0.7761904761904762,0.5666666666666667,363,220,0.7794342021614749,0.7373649078194533
chat_0shot,Qwen_Qwen2.5-72B-Instruct,nqopen,mistralai_Mistral-7B-Instruct-v0.3,44,llm_llama-3.1-70b,400,51.835,50.81525,53.0,0.5984554496157899,0.5998175323173396,0.7519082007658503,0.6968851995579656,400,0.2575,0.9075,203,107,0.7552083333333334,0.7067757009345794,197,126,0.7351889112452493,0.6621395036887995,37,30,0.7761904761904762,0.5666666666666667,363,203,0.7468134236453202,0.6974445812807881
chat_0shot,Qwen_Qwen2.5-72B-Instruct,svamp,meta-llama_Llama-3.1-70B-Instruct,42,squad_token_f1,300,42.07666666666667,41.367666666666665,38.0,0.6589133522727273,0.7215909090909091,0.9097567471590909,0.8978604403409091,300,0.21800000000000003,0.8366666666666667,152,14,0.9409937888198758,0.8734472049689441,148,30,0.8826271186440678,0.9009887005649717,49,7,0.9761904761904762,0.9829931972789115,251,37,0.8938494569335691,0.8786309674160141
chat_0shot,Qwen_Qwen2.5-72B-Instruct,svamp,meta-llama_Llama-3.1-70B-Instruct,42,llm_qwen2.5-72b,300,42.07666666666667,41.367666666666665,38.0,0.6273867198632089,0.6494015388999715,0.9211313764605301,0.820568538045027,300,0.21800000000000003,0.8366666666666667,152,22,0.9519230769230769,0.8183566433566434,148,36,0.8878968253968254,0.8146081349206349,49,9,0.9013888888888889,0.8361111111111111,251,49,0.9232673267326733,0.8153667407557083
chat_0shot,Qwen_Qwen2.5-72B-Instruct,svamp,meta-llama_Llama-3.1-70B-Instruct,42,llm_llama-3.1-70b,300,42.07666666666667,41.367666666666665,38.0,0.6220369626355966,0.7113298513459221,0.9239152269987947,0.8510445962233829,300,0.21800000000000003,0.8366666666666667,152,15,0.9437956204379562,0.8347931873479318,148,23,0.9092173913043479,0.8570434782608696,49,6,0.9612403100775194,0.9651162790697675,251,32,0.9140981735159818,0.8283390410958904
chat_0shot,Qwen_Qwen2.5-72B-Instruct,svamp,meta-llama_Llama-3.1-70B-Instruct,43,squad_token_f1,300,42.346666666666664,41.366,38.0,0.6587213283122219,0.6778072577884287,0.8934440260184868,0.8653286545703526,300,0.23,0.85,151,15,0.9377450980392157,0.85,149,31,0.8626298523783488,0.8590759978130126,45,5,0.95,1.0,255,41,0.8864258035103716,0.849099612491452
chat_0shot,Qwen_Qwen2.5-72B-Instruct,svamp,meta-llama_Llama-3.1-70B-Instruct,43,llm_qwen2.5-72b,300,42.346666666666664,41.366,38.0,0.6236819606725563,0.6687446565973212,0.8857936734112283,0.7737247078939868,300,0.23,0.85,151,23,0.9155910326086957,0.7753057065217391,149,35,0.8535087719298246,0.7617794486215539,45,8,0.8141891891891891,0.8158783783783784,255,50,0.8980487804878049,0.7669756097560976
chat_0shot,Qwen_Qwen2.5-72B-Instruct,svamp,meta-llama_Llama-3.1-70B-Instruct,43,llm_llama-3.1-70b,300,42.346666666666664,41.366,38.0,0.6245701935357107,0.670399842813636,0.8950781019746537,0.8155025051576775,300,0.23,0.85,151,16,0.9011574074074075,0.8155092592592592,149,23,0.8902691511387164,0.8065907522429262,45,4,0.9451219512195121,0.9969512195121951,255,35,0.8896103896103896,0.7941558441558442
chat_0shot,Qwen_Qwen2.5-72B-Instruct,svamp,meta-llama_Llama-3.1-70B-Instruct,44,squad_token_f1,300,42.0,41.293,39.0,0.6642701525054466,0.6915468409586056,0.9209586056644881,0.8985620915032679,300,0.22966666666666669,0.8633333333333333,159,17,0.9533968516984258,0.894159072079536,141,28,0.890802781289507,0.8930151706700379,41,4,0.9932432432432432,0.9864864864864865,259,41,0.9076415305437459,0.8869993287088834
chat_0shot,Qwen_Qwen2.5-72B-Instruct,svamp,meta-llama_Llama-3.1-70B-Instruct,44,llm_qwen2.5-72b,300,42.0,41.293,39.0,0.637824166429182,0.6568823026503278,0.9201695639783414,0.817113137646053,300,0.22966666666666669,0.8633333333333333,159,24,0.9401234567901234,0.8202160493827161,141,34,0.894172622319956,0.8000274876305662,41,5,0.9638888888888889,0.8527777777777777,259,53,0.9120260120901263,0.8088477743176405
chat_0shot,Qwen_Qwen2.5-72B-Instruct,svamp,meta-llama_Llama-3.1-70B-Instruct,44,llm_llama-3.1-70b,300,42.0,41.293,39.0,0.6434221678124117,0.6832093417459271,0.9336095677559092,0.8542235615406347,300,0.22966666666666669,0.8633333333333333,159,17,0.9417978458989229,0.8487986743993372,141,24,0.9252136752136753,0.8470441595441596,41,4,0.9932432432432432,0.9864864864864865,259,37,0.9214146579011444,0.836681275870465
chat_0shot,Qwen_Qwen2.5-72B-Instruct,svamp,meta-llama_Llama-3.1-8B-Instruct,42,squad_token_f1,300,497.01,102.185,376.5,0.5617673158656765,0.5429685675587315,0.771145672785017,0.7343421605716688,300,0.9916666666666667,1.0,150,48,0.7923815359477124,0.7595996732026143,150,69,0.7456611200572554,0.7212381463589193,0,0,,,300,117,0.771145672785017,0.7343421605716688
chat_0shot,Qwen_Qwen2.5-72B-Instruct,svamp,meta-llama_Llama-3.1-8B-Instruct,42,llm_qwen2.5-72b,300,497.01,102.185,376.5,0.5515835832083958,0.5513961769115442,0.8412434407796102,0.7934079835082459,300,0.9916666666666667,1.0,150,47,0.8542656475934725,0.798285478206982,150,69,0.8309178743961353,0.8019323671497585,0,0,,,300,116,0.8412434407796102,0.7934079835082459
chat_0shot,Qwen_Qwen2.5-72B-Instruct,svamp,meta-llama_Llama-3.1-8B-Instruct,42,llm_llama-3.1-70b,300,497.01,102.185,376.5,0.5089783447684391,0.543417667238422,0.8987457118353345,0.8506110634648371,300,0.9916666666666667,1.0,150,41,0.8618259118371,0.8227791452226448,150,47,0.9317289816153688,0.8777112166907663,0,0,,,300,88,0.8987457118353345,0.8506110634648371
chat_0shot,Qwen_Qwen2.5-72B-Instruct,svamp,meta-llama_Llama-3.1-8B-Instruct,43,squad_token_f1,300,461.95,102.986,338.5,0.5918399927020617,0.566411238825032,0.7401933953658092,0.720762634555738,300,0.9916666666666667,1.0,150,49,0.7443928066276015,0.729642351990301,150,77,0.7318982387475538,0.6964063333926348,0,0,,,300,126,0.7401933953658092,0.720762634555738
chat_0shot,Qwen_Qwen2.5-72B-Instruct,svamp,meta-llama_Llama-3.1-8B-Instruct,43,llm_qwen2.5-72b,300,461.95,102.986,338.5,0.6157486495221386,0.572925804515444,0.8406666974467889,0.7889560921556859,300,0.9916666666666667,1.0,150,41,0.8715596330275229,0.8062206310136496,150,80,0.8307142857142857,0.7725892857142858,0,0,,,300,121,0.8406666974467889,0.7889560921556859
chat_0shot,Qwen_Qwen2.5-72B-Instruct,svamp,meta-llama_Llama-3.1-8B-Instruct,43,llm_llama-3.1-70b,300,461.95,102.986,338.5,0.5502671199611462,0.5842642059252064,0.8928282337704387,0.8414278776104905,300,0.9916666666666667,1.0,150,35,0.8667080745341615,0.8296894409937888,150,52,0.9051216640502355,0.846251962323391,0,0,,,300,87,0.8928282337704387,0.8414278776104905
chat_0shot,Qwen_Qwen2.5-72B-Instruct,svamp,meta-llama_Llama-3.1-8B-Instruct,44,squad_token_f1,300,484.1566666666667,104.113,339.5,0.5324559341950647,0.5392479435957697,0.7642538190364278,0.7720564042303173,300,0.9906666666666666,1.0,150,53,0.7898268819295857,0.8037346819684886,150,62,0.7297470674486803,0.7358870967741935,0,0,,,300,115,0.7642538190364278,0.7720564042303173
chat_0shot,Qwen_Qwen2.5-72B-Instruct,svamp,meta-llama_Llama-3.1-8B-Instruct,44,llm_qwen2.5-72b,300,484.1566666666667,104.113,339.5,0.5558871915393655,0.5921034077555817,0.8388954171562867,0.7947356051703878,300,0.9906666666666666,1.0,150,48,0.8898080065359477,0.8544730392156863,150,67,0.7884373314152131,0.7376371156266859,0,0,,,300,115,0.8388954171562867,0.7947356051703878
chat_0shot,Qwen_Qwen2.5-72B-Instruct,svamp,meta-llama_Llama-3.1-8B-Instruct,44,llm_llama-3.1-70b,300,484.1566666666667,104.113,339.5,0.5221790297672932,0.5884498642100219,0.8928856701634805,0.8581926620160818,300,0.9906666666666666,1.0,150,42,0.8798500881834215,0.873126102292769,150,47,0.9051848791571989,0.8433174963850444,0,0,,,300,89,0.8928856701634805,0.8581926620160818
chat_0shot,Qwen_Qwen2.5-72B-Instruct,svamp,mistralai_Mistral-7B-Instruct-v0.3,42,squad_token_f1,300,35.71,32.82633333333333,35.0,0.5450902705866463,0.5607581828823556,0.9013101616316239,0.8468551618567377,300,0.3333333333333333,0.9666666666666667,158,68,0.9340686274509804,0.8911764705882353,142,65,0.8621378621378621,0.7966033966033966,10,3,1.0,0.7619047619047619,290,130,0.9001923076923077,0.8493028846153846
chat_0shot,Qwen_Qwen2.5-72B-Instruct,svamp,mistralai_Mistral-7B-Instruct-v0.3,42,llm_qwen2.5-72b,300,35.71,32.82633333333333,35.0,0.5584476518164351,0.572791456275973,0.9133115867554403,0.8488538361857099,300,0.3333333333333333,0.9666666666666667,158,69,0.9371437876567335,0.8963523856049503,142,70,0.8828373015873016,0.7948412698412698,10,3,1.0,0.7619047619047619,290,136,0.9129583651642476,0.8516042780748663
chat_0shot,Qwen_Qwen2.5-72B-Instruct,svamp,mistralai_Mistral-7B-Instruct-v0.3,42,llm_llama-3.1-70b,300,35.71,32.82633333333333,35.0,0.5363888762459605,0.5520458786582313,0.8975240089208502,0.8467752947066588,300,0.3333333333333333,0.9666666666666667,158,65,0.9340777502067825,0.8894954507857734,142,62,0.8560483870967742,0.7989919354838709,10,3,1.0,0.7619047619047619,290,124,0.8958657209483094,0.8490818111154295
chat_0shot,Qwen_Qwen2.5-72B-Instruct,svamp,mistralai_Mistral-7B-Instruct-v0.3,43,squad_token_f1,300,35.54,33.259666666666675,35.0,0.5335869614155149,0.5714961055332943,0.8911575345549503,0.854283913376255,300,0.3443333333333334,0.9633333333333334,158,67,0.918566508118747,0.8862555355092668,142,66,0.8590510366826156,0.8185805422647527,11,7,0.9285714285714286,0.8035714285714286,289,126,0.8909095335475704,0.8568263706300516
chat_0shot,Qwen_Qwen2.5-72B-Instruct,svamp,mistralai_Mistral-7B-Instruct-v0.3,43,llm_qwen2.5-72b,300,35.54,33.259666666666675,35.0,0.5387353902646546,0.5739330974877972,0.8935784335676862,0.8468272804621378,300,0.3443333333333334,0.9633333333333334,158,68,0.9264705882352942,0.8950980392156863,142,69,0.8541790748461385,0.792833035537026,11,7,0.9285714285714286,0.8035714285714286,289,130,0.8932510885341074,0.8488872762457668
chat_0shot,Qwen_Qwen2.5-72B-Instruct,svamp,mistralai_Mistral-7B-Instruct-v0.3,43,llm_llama-3.1-70b,300,35.54,33.259666666666675,35.0,0.5301917584659323,0.5649621469694909,0.8844235912779365,0.8497438687157169,300,0.3443333333333334,0.9633333333333334,158,65,0.9153846153846154,0.8799834574028123,142,64,0.8486578525641025,0.81640625,11,7,0.9285714285714286,0.8035714285714286,289,122,0.8841660940414253,0.8524590163934426
chat_0shot,Qwen_Qwen2.5-72B-Instruct,svamp,mistralai_Mistral-7B-Instruct-v0.3,44,squad_token_f1,300,35.25333333333333,33.111333333333334,35.0,0.518431936702032,0.5738626146376551,0.8884867829527063,0.8490379428160403,300,0.34,0.9633333333333334,157,69,0.9224308300395256,0.8885869565217391,143,65,0.8506903353057199,0.8093688362919133,11,6,1.0,0.9,289,128,0.8830793866459627,0.8469526397515528
chat_0shot,Qwen_Qwen2.5-72B-Instruct,svamp,mistralai_Mistral-7B-Instruct-v0.3,44,llm_qwen2.5-72b,300,35.25333333333333,33.111333333333334,35.0,0.5227232062980856,0.5733360171765969,0.8873009482912865,0.847468241188048,300,0.34,0.9633333333333334,157,70,0.9229064039408867,0.8902298850574712,143,68,0.8475490196078431,0.8029411764705883,11,6,1.0,0.9,289,132,0.8819967187801583,0.8453242617255357
chat_0shot,Qwen_Qwen2.5-72B-Instruct,svamp,mistralai_Mistral-7B-Instruct-v0.3,44,llm_llama-3.1-70b,300,35.25333333333333,33.111333333333334,35.0,0.5058252867310394,0.5618568384786256,0.8738156761412575,0.8401106124484338,300,0.34,0.9633333333333334,157,67,0.9179933665008292,0.884742951907131,143,62,0.8264635603345281,0.7950019912385504,11,6,1.0,0.9,289,123,0.8674943677147615,0.8374963267704966
chat_0shot,Qwen_Qwen2.5-72B-Instruct,triviaqa,meta-llama_Llama-3.1-70B-Instruct,42,squad_token_f1,378,52.804232804232804,47.98941798941799,47.5,0.9556714471968709,0.8165580182529335,0.6273631029986962,0.7421936114732725,378,0.062169312169312166,0.373015873015873,189,73,0.5936466698157771,0.6688710439300898,189,187,0.7754010695187166,0.7259358288770054,237,163,0.6235698889073122,0.7408389985077102,141,97,0.6394095595126523,0.744962511715089
chat_0shot,Qwen_Qwen2.5-72B-Instruct,triviaqa,meta-llama_Llama-3.1-70B-Instruct,42,llm_qwen2.5-72b,378,52.804232804232804,47.98941798941799,47.5,0.5622479995037528,0.534799330066373,0.7900874635568513,0.7352521555734756,378,0.062169312169312166,0.373015873015873,189,23,0.7613933996856993,0.7365112624410686,189,26,0.8233836715431807,0.7760736196319018,237,23,0.6983949613978058,0.694534741974807,141,26,0.8658862876254181,0.7657190635451505
chat_0shot,Qwen_Qwen2.5-72B-Instruct,triviaqa,meta-llama_Llama-3.1-70B-Instruct,42,llm_llama-3.1-70b,378,52.804232804232804,47.98941798941799,47.5,0.6196168263223657,0.5542690545605997,0.8099125364431486,0.7517700957934194,378,0.062169312169312166,0.373015873015873,189,13,0.8551136363636364,0.7530594405594405,189,22,0.773543821448013,0.7498639085465433,237,18,0.7302130898021308,0.7252663622526636,141,17,0.8953984819734345,0.7720588235294118
chat_0shot,Qwen_Qwen2.5-72B-Instruct,triviaqa,meta-llama_Llama-3.1-70B-Instruct,43,squad_token_f1,378,50.851851851851855,48.28492063492064,44.5,0.9493384345608162,0.8406185238322972,0.6336840427227801,0.7397417503586801,378,0.05502645502645503,0.3492063492063492,189,68,0.6160670879922217,0.6812105007292173,189,187,0.7620320855614974,0.6443850267379679,246,162,0.6065182245737801,0.7326940035273368,132,93,0.6779707747449683,0.7555831265508685
chat_0shot,Qwen_Qwen2.5-72B-Instruct,triviaqa,meta-llama_Llama-3.1-70B-Instruct,43,llm_qwen2.5-72b,378,50.851851851851855,48.28492063492064,44.5,0.5595959595959596,0.528219696969697,0.7640151515151515,0.7094065656565657,378,0.05502645502645503,0.3492063492063492,189,24,0.7261363636363637,0.6598484848484848,189,24,0.8289141414141414,0.8210858585858586,246,26,0.7496503496503496,0.6727272727272727,132,22,0.7807851239669421,0.7407024793388429
chat_0shot,Qwen_Qwen2.5-72B-Instruct,triviaqa,meta-llama_Llama-3.1-70B-Instruct,43,llm_llama-3.1-70b,378,50.851851851851855,48.28492063492064,44.5,0.6005044459644323,0.551641586867305,0.8097640218878249,0.7427753077975376,378,0.05502645502645503,0.3492063492063492,189,14,0.7940816326530612,0.6736734693877551,189,20,0.8312130177514793,0.8076923076923077,246,18,0.8039717348927875,0.714546783625731,132,16,0.8200431034482759,0.7642780172413793
chat_0shot,Qwen_Qwen2.5-72B-Instruct,triviaqa,meta-llama_Llama-3.1-70B-Instruct,44,squad_token_f1,378,50.47883597883598,48.162433862433865,45.0,0.9463414634146341,0.835852064402997,0.6473617089112068,0.7476327116212339,378,0.05952380952380952,0.3783068783068783,190,70,0.6296428571428572,0.7036309523809524,188,185,0.6927927927927928,0.48558558558558557,235,159,0.6262413108242304,0.7430900364117842,143,96,0.6797429078014184,0.7574246453900709
chat_0shot,Qwen_Qwen2.5-72B-Instruct,triviaqa,meta-llama_Llama-3.1-70B-Instruct,44,llm_qwen2.5-72b,378,50.47883597883598,48.162433862433865,45.0,0.5325759559979046,0.5097564169722367,0.7628666841278157,0.6961760083813515,378,0.05952380952380952,0.3783068783068783,190,23,0.7121843269981776,0.6918771153345483,188,23,0.835836627140975,0.733596837944664,235,27,0.7347756410256411,0.6665776353276354,143,19,0.8034804753820034,0.7347198641765704
chat_0shot,Qwen_Qwen2.5-72B-Instruct,triviaqa,meta-llama_Llama-3.1-70B-Instruct,44,llm_llama-3.1-70b,378,50.47883597883598,48.162433862433865,45.0,0.6154935443565182,0.5740524781341108,0.7759683465222824,0.7198250728862974,378,0.05952380952380952,0.3783068783068783,190,13,0.7842242503259452,0.7518470230334637,188,22,0.7680722891566265,0.6736035049288062,235,18,0.756784434203789,0.6995647721454173,143,17,0.795751633986928,0.7355275443510738
chat_0shot,Qwen_Qwen2.5-72B-Instruct,triviaqa,meta-llama_Llama-3.1-8B-Instruct,42,squad_token_f1,378,823.3359788359788,117.02142857142857,1022.0,0.9969919786096256,0.7760695187165776,0.571524064171123,0.7476604278074866,378,0.9679894179894181,1.0,190,186,0.5477150537634409,0.7338709677419355,188,188,,,0,0,,,378,374,0.571524064171123,0.7476604278074866
chat_0shot,Qwen_Qwen2.5-72B-Instruct,triviaqa,meta-llama_Llama-3.1-8B-Instruct,42,llm_qwen2.5-72b,378,823.3359788359788,117.02142857142857,1022.0,0.4854891914654688,0.595013335204941,0.8040426726558113,0.6781829028635598,378,0.9679894179894181,1.0,190,55,0.8333333333333334,0.6602693602693602,188,49,0.7784466304507415,0.7005579210101307,0,0,,,378,104,0.8040426726558113,0.6781829028635598
chat_0shot,Qwen_Qwen2.5-72B-Instruct,triviaqa,meta-llama_Llama-3.1-8B-Instruct,42,llm_llama-3.1-70b,378,823.3359788359788,117.02142857142857,1022.0,0.4995299145299145,0.567991452991453,0.8710683760683761,0.7035683760683761,378,0.9679894179894181,1.0,190,40,0.88125,0.6945,188,38,0.8648245614035087,0.7139473684210527,0,0,,,378,78,0.8710683760683761,0.7035683760683761
chat_0shot,Qwen_Qwen2.5-72B-Instruct,triviaqa,meta-llama_Llama-3.1-8B-Instruct,43,squad_token_f1,378,823.5026455026455,118.6253968253968,1029.5,1.0,0.944,0.5017777777777778,0.9595555555555556,378,0.9724867724867725,1.0,189,186,0.44713261648745517,0.9614695340501792,189,189,,,0,0,,,378,375,0.5017777777777778,0.9595555555555556
chat_0shot,Qwen_Qwen2.5-72B-Instruct,triviaqa,meta-llama_Llama-3.1-8B-Instruct,43,llm_qwen2.5-72b,378,823.5026455026455,118.6253968253968,1029.5,0.5612513873473918,0.5168562708102109,0.7986091842397336,0.6291620421753608,378,0.9724867724867725,1.0,189,49,0.7746355685131195,0.6166909620991253,189,57,0.8183811802232854,0.6353003721424774,0,0,,,378,106,0.7986091842397336,0.6291620421753608
chat_0shot,Qwen_Qwen2.5-72B-Instruct,triviaqa,meta-llama_Llama-3.1-8B-Instruct,43,llm_llama-3.1-70b,378,823.5026455026455,118.6253968253968,1029.5,0.5719588926174497,0.5029781879194631,0.8494337248322148,0.609123322147651,378,0.9724867724867725,1.0,189,33,0.8318764568764568,0.5917832167832168,189,47,0.8602786934372191,0.613425232244531,0,0,,,378,80,0.8494337248322148,0.609123322147651
chat_0shot,Qwen_Qwen2.5-72B-Instruct,triviaqa,meta-llama_Llama-3.1-8B-Instruct,44,squad_token_f1,378,826.3359788359788,116.92063492063492,1012.5,0.9973333333333333,0.904,0.49244444444444446,0.8426666666666667,378,0.9674603174603176,1.0,189,186,0.45698924731182794,0.8279569892473119,189,189,,,0,0,,,378,375,0.49244444444444446,0.8426666666666667
chat_0shot,Qwen_Qwen2.5-72B-Instruct,triviaqa,meta-llama_Llama-3.1-8B-Instruct,44,llm_qwen2.5-72b,378,826.3359788359788,116.92063492063492,1012.5,0.5335310218978102,0.5526038742279619,0.7904969118472768,0.6873245367770915,378,0.9674603174603176,1.0,189,51,0.8012929809605002,0.7056692242114238,189,53,0.7807991120976693,0.6677302996670367,0,0,,,378,104,0.7904969118472768,0.6873245367770915
chat_0shot,Qwen_Qwen2.5-72B-Instruct,triviaqa,meta-llama_Llama-3.1-8B-Instruct,44,llm_llama-3.1-70b,378,826.3359788359788,116.92063492063492,1012.5,0.5011538461538462,0.5254700854700854,0.8232264957264958,0.6786965811965812,378,0.9674603174603176,1.0,189,40,0.8286073825503356,0.7083053691275167,189,38,0.8223248518647612,0.6457825026141513,0,0,,,378,78,0.8232264957264958,0.6786965811965812
chat_0shot,Qwen_Qwen2.5-72B-Instruct,triviaqa,mistralai_Mistral-7B-Instruct-v0.3,42,squad_token_f1,378,27.417989417989418,27.949206349206353,14.0,0.7968474395945908,0.7777948875885433,0.7633619844891788,0.8200996724248957,378,0.38492063492063494,0.9788359788359788,196,54,0.801056338028169,0.7651278038601982,182,137,0.7169505271695052,0.7572587185725872,8,7,0.6428571428571429,0.9285714285714286,370,184,0.7718121785881253,0.8201554464703132
chat_0shot,Qwen_Qwen2.5-72B-Instruct,triviaqa,mistralai_Mistral-7B-Instruct-v0.3,42,llm_qwen2.5-72b,378,27.417989417989418,27.949206349206353,14.0,0.58903452685422,0.6490657857345837,0.8763675760159136,0.7698387325944871,378,0.38492063492063494,0.9788359788359788,196,40,0.8987179487179487,0.817548076923077,182,62,0.8452284946236559,0.7026209677419355,8,3,0.8333333333333334,0.8,370,99,0.8805024413880502,0.7675649483767565
chat_0shot,Qwen_Qwen2.5-72B-Instruct,triviaqa,mistralai_Mistral-7B-Instruct-v0.3,42,llm_llama-3.1-70b,378,27.417989417989418,27.949206349206353,14.0,0.6086033950617284,0.6457947530864198,0.8895640432098766,0.7774112654320988,378,0.38492063492063494,0.9788359788359788,196,34,0.921477850399419,0.8340595497458243,182,56,0.8511196145124716,0.7040107709750567,8,3,0.8333333333333334,0.8,370,87,0.8951910970309898,0.7752731408147516
chat_0shot,Qwen_Qwen2.5-72B-Instruct,triviaqa,mistralai_Mistral-7B-Instruct-v0.3,43,squad_token_f1,378,26.904761904761905,27.6973544973545,13.5,0.7792087801327099,0.7806086737407957,0.7654898227734692,0.808844527815886,378,0.3859788359788359,0.9814814814814815,189,56,0.786452738990333,0.7579887218045113,189,135,0.7444444444444445,0.7637860082304527,7,5,0.8,0.5,371,186,0.7666376053472828,0.8117698343504796
chat_0shot,Qwen_Qwen2.5-72B-Instruct,triviaqa,mistralai_Mistral-7B-Instruct-v0.3,43,llm_qwen2.5-72b,378,26.904761904761905,27.6973544973545,13.5,0.5768704379562044,0.6682692307692307,0.8921953958450309,0.8013229927007299,378,0.3859788359788359,0.9814814814814815,189,41,0.8932102834541858,0.8187211601845749,189,63,0.8873771730914588,0.7776518014613253,7,1,1.0,0.5,371,103,0.8915374583393711,0.8034705115200695
chat_0shot,Qwen_Qwen2.5-72B-Instruct,triviaqa,mistralai_Mistral-7B-Instruct-v0.3,43,llm_llama-3.1-70b,378,26.904761904761905,27.6973544973545,13.5,0.5869269949066214,0.6690435766836446,0.9109413318241841,0.8158460667798528,378,0.3859788359788359,0.9814814814814815,189,36,0.9292846768336964,0.8391430646332607,189,57,0.8958001063264222,0.7932615629984051,7,1,1.0,0.5,371,92,0.9103747857254169,0.8181198379304971
chat_0shot,Qwen_Qwen2.5-72B-Instruct,triviaqa,mistralai_Mistral-7B-Instruct-v0.3,44,squad_token_f1,378,26.214285714285715,27.22089947089947,13.0,0.7634468848050202,0.7643713581353653,0.7737701703272075,0.8315357463021067,378,0.394973544973545,0.9761904761904762,194,58,0.8182048681541582,0.7981110547667343,184,126,0.7307744937055282,0.7959085933223864,9,9,,,369,175,0.7796612665684831,0.8318851251840943
chat_0shot,Qwen_Qwen2.5-72B-Instruct,triviaqa,mistralai_Mistral-7B-Instruct-v0.3,44,llm_qwen2.5-72b,378,26.214285714285715,27.22089947089947,13.0,0.5736089307517879,0.6498168498168498,0.8941217512646084,0.7918018489447061,378,0.394973544973545,0.9761904761904762,194,44,0.9080303030303031,0.8293939393939394,184,61,0.8845795015327202,0.7788884446221511,9,5,0.5,0.85,369,100,0.90682156133829,0.7903345724907063
chat_0shot,Qwen_Qwen2.5-72B-Instruct,triviaqa,mistralai_Mistral-7B-Instruct-v0.3,44,llm_llama-3.1-70b,378,26.214285714285715,27.22089947089947,13.0,0.5840640196040893,0.6384347359957117,0.900792587203737,0.797220201401386,378,0.394973544973545,0.9761904761904762,194,37,0.9140127388535032,0.8320709244276123,184,54,0.8904558404558405,0.7843304843304844,9,3,0.2777777777777778,0.8333333333333334,369,88,0.9170980265286315,0.7980022646392753
chat_0shot,cross-encoder_nli-deberta-v3-large,nqopen,meta-llama_Llama-3.1-70B-Instruct,42,squad_token_f1,400,88.145,88.76224999999998,73.0,0.8109489729528767,0.8040245375964309,0.7671251975090622,0.789850357839948,400,0.061,0.3375,203,179,0.6922718808193669,0.6684124767225326,197,192,0.7442708333333333,0.8291666666666667,265,247,0.8147773279352226,0.7925101214574899,135,124,0.7547653958944281,0.8090175953079178
chat_0shot,cross-encoder_nli-deberta-v3-large,nqopen,meta-llama_Llama-3.1-70B-Instruct,42,llm_qwen2.5-72b,400,88.145,88.76224999999998,73.0,0.6124526693247072,0.6207151633691919,0.668948569422503,0.6754432157275759,400,0.061,0.3375,203,79,0.6760412413229889,0.6604736627194774,197,110,0.6337513061650992,0.6457157784743992,265,109,0.6820159962361797,0.6835450482239473,135,80,0.6021590909090909,0.6071590909090909
chat_0shot,cross-encoder_nli-deberta-v3-large,nqopen,meta-llama_Llama-3.1-70B-Instruct,42,llm_llama-3.1-70b,400,88.145,88.76224999999998,73.0,0.5980475164203612,0.6054751642036125,0.649373973727422,0.6476806239737274,400,0.061,0.3375,203,70,0.6426960257787325,0.6258861439312567,197,98,0.6228612657184086,0.6197175840032982,265,96,0.6579758382642998,0.6514731262327417,135,72,0.5923721340388007,0.5877425044091711
chat_0shot,cross-encoder_nli-deberta-v3-large,nqopen,meta-llama_Llama-3.1-70B-Instruct,43,squad_token_f1,400,86.5025,88.98224999999998,73.5,0.8191891891891891,0.8415315315315315,0.7737837837837838,0.8336936936936937,400,0.06125,0.3425,200,175,0.6980571428571428,0.7552,200,195,0.717948717948718,0.8302564102564103,263,241,0.7734817050169748,0.8539230479064503,137,129,0.748062015503876,0.7577519379844961
chat_0shot,cross-encoder_nli-deberta-v3-large,nqopen,meta-llama_Llama-3.1-70B-Instruct,43,llm_qwen2.5-72b,400,86.5025,88.98224999999998,73.5,0.6120389177261215,0.6295669399934802,0.7050954136262193,0.7097720604829609,400,0.06125,0.3425,200,77,0.690898532361947,0.7137577869285187,200,112,0.6683238636363636,0.6454951298701299,263,108,0.6956093189964158,0.6851254480286738,137,81,0.6803350970017636,0.7087742504409171
chat_0shot,cross-encoder_nli-deberta-v3-large,nqopen,meta-llama_Llama-3.1-70B-Instruct,43,llm_llama-3.1-70b,400,86.5025,88.98224999999998,73.5,0.597235094223046,0.6110853671094635,0.6599860982391103,0.6766038513026464,400,0.06125,0.3425,200,67,0.6349455728874425,0.6659746380877567,200,99,0.6247124712471247,0.6208120812081208,263,95,0.6513471177944862,0.6604323308270676,137,71,0.6256935552710201,0.6565300896286812
chat_0shot,cross-encoder_nli-deberta-v3-large,nqopen,meta-llama_Llama-3.1-70B-Instruct,44,squad_token_f1,400,89.375,87.54275,73.0,0.8098801003810763,0.8094618458964588,0.801003810763082,0.8307463518914397,400,0.05775,0.285,203,178,0.7107865168539326,0.7220224719101124,197,193,0.9080310880829016,0.9799222797927462,286,264,0.7619662534435262,0.787362258953168,114,107,0.8931909212283045,0.9425901201602136
chat_0shot,cross-encoder_nli-deberta-v3-large,nqopen,meta-llama_Llama-3.1-70B-Instruct,44,llm_qwen2.5-72b,400,89.375,87.54275,73.0,0.6152380952380953,0.6266541353383459,0.6983082706766918,0.6932832080200502,400,0.05775,0.285,203,78,0.7014358974358974,0.6936410256410256,197,112,0.6616596638655462,0.6332983193277311,286,122,0.6960715713714514,0.6685075969612155,114,68,0.6769501278772379,0.7159526854219949
chat_0shot,cross-encoder_nli-deberta-v3-large,nqopen,meta-llama_Llama-3.1-70B-Instruct,44,llm_llama-3.1-70b,400,89.375,87.54275,73.0,0.5913445528830145,0.6019877558339097,0.6754399446707139,0.6641179333487026,400,0.05775,0.285,203,70,0.669280343716434,0.6507518796992481,197,99,0.647598433312719,0.6184291898577613,286,106,0.6717505241090147,0.6393343815513627,114,63,0.6472144413320884,0.6752256458138811
chat_0shot,cross-encoder_nli-deberta-v3-large,nqopen,meta-llama_Llama-3.1-8B-Instruct,42,squad_token_f1,400,713.07,140.2465,988.0,0.9867532467532467,0.8122077922077922,0.7783549783549784,0.7967965367965368,400,0.9734999999999999,1.0,200,185,0.7403603603603603,0.7807207207207207,200,200,,,0,0,,,400,385,0.7783549783549784,0.7967965367965368
chat_0shot,cross-encoder_nli-deberta-v3-large,nqopen,meta-llama_Llama-3.1-8B-Instruct,42,llm_qwen2.5-72b,400,713.07,140.2465,988.0,0.5680881904180654,0.600816295392127,0.6743973146170278,0.6055589461906214,400,0.9734999999999999,1.0,200,102,0.6887755102040817,0.6388555422168868,200,124,0.6477610356536503,0.5601124787775892,0,0,,,400,226,0.6743973146170278,0.6055589461906214
chat_0shot,cross-encoder_nli-deberta-v3-large,nqopen,meta-llama_Llama-3.1-8B-Instruct,42,llm_llama-3.1-70b,400,713.07,140.2465,988.0,0.5684302689180738,0.6005878674171357,0.6635647279549719,0.5917948717948718,400,0.9734999999999999,1.0,200,90,0.6865151515151515,0.6232828282828283,200,115,0.6269565217391304,0.5489514066496164,0,0,,,400,205,0.6635647279549719,0.5917948717948718
chat_0shot,cross-encoder_nli-deberta-v3-large,nqopen,meta-llama_Llama-3.1-8B-Instruct,43,squad_token_f1,400,690.0925,141.04625,941.0,0.9931425163983304,0.7417014510037766,0.6168753726893261,0.7040349831047505,400,0.9772500000000001,1.0,200,187,0.5917317976141505,0.6964212258329905,200,200,,,0,0,,,400,387,0.6168753726893261,0.7040349831047505
chat_0shot,cross-encoder_nli-deberta-v3-large,nqopen,meta-llama_Llama-3.1-8B-Instruct,43,llm_qwen2.5-72b,400,690.0925,141.04625,941.0,0.5806123486929102,0.5850879869799613,0.6673024107415318,0.5819346963686298,400,0.9772500000000001,1.0,200,103,0.707086377739966,0.6119007106395756,200,123,0.6199450955548517,0.5474078766761694,0,0,,,400,226,0.6673024107415318,0.5819346963686298
chat_0shot,cross-encoder_nli-deberta-v3-large,nqopen,meta-llama_Llama-3.1-8B-Instruct,43,llm_llama-3.1-70b,400,690.0925,141.04625,941.0,0.5672901402815633,0.5759670925958341,0.6476582231001975,0.5949213573053937,400,0.9772500000000001,1.0,200,92,0.6847826086956522,0.6101046698872786,200,111,0.6051219759084928,0.5773863751391841,0,0,,,400,203,0.6476582231001975,0.5949213573053937
chat_0shot,cross-encoder_nli-deberta-v3-large,nqopen,meta-llama_Llama-3.1-8B-Instruct,44,squad_token_f1,400,682.39,141.41174999999998,951.0,0.9827072152653548,0.768932617769827,0.6779964221824687,0.7221228384019082,400,0.97225,1.0,200,187,0.6484985602632661,0.706910736322501,200,200,,,0,0,,,400,387,0.6779964221824687,0.7221228384019082
chat_0shot,cross-encoder_nli-deberta-v3-large,nqopen,meta-llama_Llama-3.1-8B-Instruct,44,llm_qwen2.5-72b,400,682.39,141.41174999999998,951.0,0.5727636169183367,0.5828601257925696,0.6899238623920959,0.5699116396322986,400,0.97225,1.0,200,104,0.6710236378205128,0.5768729967948718,200,123,0.7043078872347165,0.5541125541125541,0,0,,,400,227,0.6899238623920959,0.5699116396322986
chat_0shot,cross-encoder_nli-deberta-v3-large,nqopen,meta-llama_Llama-3.1-8B-Instruct,44,llm_llama-3.1-70b,400,682.39,141.41174999999998,951.0,0.5806947779111644,0.592311924769908,0.6662289915966386,0.5693152260904362,400,0.97225,1.0,200,91,0.6448230668414154,0.5845347313237221,200,113,0.6794324076899604,0.5450615400264469,0,0,,,400,204,0.6662289915966386,0.5693152260904362
chat_0shot,cross-encoder_nli-deberta-v3-large,nqopen,mistralai_Mistral-7B-Instruct-v0.3,42,squad_token_f1,400,52.52,50.28450000000001,53.0,0.853160210841917,0.7692828473330432,0.7084723632670825,0.7391556651675613,400,0.268,0.8825,202,146,0.6886619373776908,0.7030944227005871,198,193,0.5901554404145077,0.5875647668393782,47,45,0.7944444444444444,0.9388888888888889,353,294,0.7101060763288366,0.7341750259425804
chat_0shot,cross-encoder_nli-deberta-v3-large,nqopen,mistralai_Mistral-7B-Instruct-v0.3,42,llm_qwen2.5-72b,400,52.52,50.28450000000001,53.0,0.6416505791505791,0.6258714071214071,0.7680716430716431,0.7424924924924925,400,0.268,0.8825,202,110,0.7685770750988142,0.732509881422925,198,142,0.7463531187122736,0.7135940643863179,47,32,0.7260416666666667,0.8104166666666667,353,220,0.7729152426520848,0.733526999316473
chat_0shot,cross-encoder_nli-deberta-v3-large,nqopen,mistralai_Mistral-7B-Instruct-v0.3,42,llm_llama-3.1-70b,400,52.52,50.28450000000001,53.0,0.6069699531237993,0.5979149056072133,0.7256589564281872,0.6940111170880402,400,0.268,0.8825,202,102,0.7526470588235294,0.7081372549019608,198,129,0.6759914616335243,0.6400966183574879,47,31,0.6421370967741935,0.751008064516129,353,200,0.7364379084967321,0.6867647058823529
chat_0shot,cross-encoder_nli-deberta-v3-large,nqopen,mistralai_Mistral-7B-Instruct-v0.3,43,squad_token_f1,400,52.275,49.9575,53.0,0.8380966197591759,0.7596111997678805,0.7233183422796073,0.71069684220707,400,0.2555,0.91,201,146,0.6930261519302615,0.6747820672478206,199,193,0.6809153713298791,0.540587219343696,36,34,0.8676470588235294,0.8970588235294118,364,305,0.7168657960544595,0.7009724923589886
chat_0shot,cross-encoder_nli-deberta-v3-large,nqopen,mistralai_Mistral-7B-Instruct-v0.3,43,llm_qwen2.5-72b,400,52.275,49.9575,53.0,0.6417816138313033,0.6207012449248475,0.7685864859777903,0.7421150278293135,400,0.2555,0.91,201,110,0.7385114885114885,0.7160339660339661,199,143,0.7788461538461539,0.7333291708291708,36,22,0.7824675324675324,0.762987012987013,364,231,0.7694398333496077,0.7414965986394558
chat_0shot,cross-encoder_nli-deberta-v3-large,nqopen,mistralai_Mistral-7B-Instruct-v0.3,43,llm_llama-3.1-70b,400,52.275,49.9575,53.0,0.6197163120567376,0.5781431334622824,0.7392263056092844,0.7004255319148937,400,0.2555,0.91,201,102,0.719845513963161,0.6740443652208358,199,133,0.7335383914331283,0.6916154021417179,36,21,0.7984126984126985,0.7476190476190476,364,214,0.734563862928349,0.6971495327102804
chat_0shot,cross-encoder_nli-deberta-v3-large,nqopen,mistralai_Mistral-7B-Instruct-v0.3,44,squad_token_f1,400,51.835,50.81525,53.0,0.8353921568627451,0.7770833333333333,0.7389705882352942,0.74875,400,0.2575,0.9075,203,149,0.7243350733283619,0.7243350733283619,197,191,0.606457242582897,0.512216404886562,37,35,0.5642857142857143,0.2857142857142857,363,305,0.7366591294516676,0.7604861503674393
chat_0shot,cross-encoder_nli-deberta-v3-large,nqopen,mistralai_Mistral-7B-Instruct-v0.3,44,llm_qwen2.5-72b,400,51.835,50.81525,53.0,0.6178133333333333,0.6233866666666666,0.7558933333333333,0.73256,400,0.2575,0.9075,203,115,0.7561758893280632,0.745701581027668,197,135,0.7378136200716846,0.6943847072879331,37,30,0.6785714285714286,0.5666666666666667,363,220,0.7540686586141132,0.7373649078194533
chat_0shot,cross-encoder_nli-deberta-v3-large,nqopen,mistralai_Mistral-7B-Instruct-v0.3,44,llm_llama-3.1-70b,400,51.835,50.81525,53.0,0.5984554496157899,0.5998175323173396,0.7291639896173319,0.6968851995579656,400,0.2575,0.9075,203,107,0.7312597352024922,0.7067757009345794,197,126,0.7065168790520904,0.6621395036887995,37,30,0.6785714285714286,0.5666666666666667,363,203,0.7243534482758621,0.6974445812807881
chat_0shot,cross-encoder_nli-deberta-v3-large,svamp,meta-llama_Llama-3.1-70B-Instruct,42,squad_token_f1,300,42.07666666666667,41.367666666666665,38.0,0.6589133522727273,0.7215909090909091,0.88134765625,0.8978604403409091,300,0.21800000000000003,0.8366666666666667,152,14,0.9153726708074534,0.8734472049689441,148,30,0.8531073446327684,0.9009887005649717,49,7,0.9795918367346939,0.9829931972789115,251,37,0.8570346046981561,0.8786309674160141
chat_0shot,cross-encoder_nli-deberta-v3-large,svamp,meta-llama_Llama-3.1-70B-Instruct,42,llm_qwen2.5-72b,300,42.07666666666667,41.367666666666665,38.0,0.6273867198632089,0.6494015388999715,0.8527358221715589,0.820568538045027,300,0.21800000000000003,0.8366666666666667,152,22,0.858041958041958,0.8183566433566434,148,36,0.8406498015873016,0.8146081349206349,49,9,0.8444444444444444,0.8361111111111111,251,49,0.8506263891695292,0.8153667407557083
chat_0shot,cross-encoder_nli-deberta-v3-large,svamp,meta-llama_Llama-3.1-70B-Instruct,42,llm_llama-3.1-70b,300,42.07666666666667,41.367666666666665,38.0,0.6220369626355966,0.7113298513459221,0.8796705504218562,0.8510445962233829,300,0.21800000000000003,0.8366666666666667,152,15,0.8776155717761557,0.8347931873479318,148,23,0.8721739130434782,0.8570434782608696,49,6,0.9612403100775194,0.9651162790697675,251,32,0.8595890410958904,0.8283390410958904
chat_0shot,cross-encoder_nli-deberta-v3-large,svamp,meta-llama_Llama-3.1-70B-Instruct,43,squad_token_f1,300,42.346666666666664,41.366,38.0,0.6587213283122219,0.6778072577884287,0.8344317014720986,0.8653286545703526,300,0.23,0.85,151,15,0.871078431372549,0.85,149,31,0.7974302897758337,0.8590759978130126,45,5,0.8775,1.0,255,41,0.8281285616594484,0.849099612491452
chat_0shot,cross-encoder_nli-deberta-v3-large,svamp,meta-llama_Llama-3.1-70B-Instruct,43,llm_qwen2.5-72b,300,42.346666666666664,41.366,38.0,0.6236819606725563,0.6687446565973212,0.8272656027358222,0.7737247078939868,300,0.23,0.85,151,23,0.8559782608695652,0.7753057065217391,149,35,0.7926065162907269,0.7617794486215539,45,8,0.7702702702702703,0.8158783783783784,255,50,0.8368780487804878,0.7669756097560976
chat_0shot,cross-encoder_nli-deberta-v3-large,svamp,meta-llama_Llama-3.1-70B-Instruct,43,llm_llama-3.1-70b,300,42.346666666666664,41.366,38.0,0.6245701935357107,0.670399842813636,0.8294527949700363,0.8155025051576775,300,0.23,0.85,151,16,0.8388888888888889,0.8155092592592592,149,23,0.8062456866804693,0.8065907522429262,45,4,0.8384146341463414,0.9969512195121951,255,35,0.8275974025974026,0.7941558441558442
chat_0shot,cross-encoder_nli-deberta-v3-large,svamp,meta-llama_Llama-3.1-70B-Instruct,44,squad_token_f1,300,42.0,41.293,39.0,0.6642701525054466,0.6915468409586056,0.8613943355119825,0.8985620915032679,300,0.22966666666666669,0.8633333333333333,159,17,0.9266777133388566,0.894159072079536,141,28,0.8026232616940582,0.8930151706700379,41,4,0.8378378378378378,0.9864864864864865,259,41,0.8590848064443947,0.8869993287088834
chat_0shot,cross-encoder_nli-deberta-v3-large,svamp,meta-llama_Llama-3.1-70B-Instruct,44,llm_qwen2.5-72b,300,42.0,41.293,39.0,0.637824166429182,0.6568823026503278,0.8121259618124822,0.817113137646053,300,0.22966666666666669,0.8633333333333333,159,24,0.8521604938271605,0.8202160493827161,141,34,0.7674546454095657,0.8000274876305662,41,5,0.7472222222222222,0.8527777777777777,259,53,0.8137479391830006,0.8088477743176405
chat_0shot,cross-encoder_nli-deberta-v3-large,svamp,meta-llama_Llama-3.1-70B-Instruct,44,llm_llama-3.1-70b,300,42.0,41.293,39.0,0.6434221678124117,0.6832093417459271,0.8431114040870138,0.8542235615406347,300,0.22966666666666669,0.8633333333333333,159,17,0.8838028169014085,0.8487986743993372,141,24,0.8016381766381766,0.8470441595441596,41,4,0.8378378378378378,0.9864864864864865,259,37,0.8395422449476504,0.836681275870465
chat_0shot,cross-encoder_nli-deberta-v3-large,svamp,meta-llama_Llama-3.1-8B-Instruct,42,squad_token_f1,300,497.01,102.185,376.5,0.5617673158656765,0.5429685675587315,0.5998785670916819,0.7343421605716688,300,0.9916666666666667,1.0,150,48,0.644812091503268,0.7595996732026143,150,69,0.558239398819109,0.7212381463589193,0,0,,,300,117,0.5998785670916819,0.7343421605716688
chat_0shot,cross-encoder_nli-deberta-v3-large,svamp,meta-llama_Llama-3.1-8B-Instruct,42,llm_qwen2.5-72b,300,497.01,102.185,376.5,0.5515835832083958,0.5513961769115442,0.6577258245877061,0.7934079835082459,300,0.9916666666666667,1.0,150,47,0.690972939475315,0.798285478206982,150,69,0.6285560923242083,0.8019323671497585,0,0,,,300,116,0.6577258245877061,0.7934079835082459
chat_0shot,cross-encoder_nli-deberta-v3-large,svamp,meta-llama_Llama-3.1-8B-Instruct,42,llm_llama-3.1-70b,300,497.01,102.185,376.5,0.5089783447684391,0.543417667238422,0.6810945540308748,0.8506110634648371,300,0.9916666666666667,1.0,150,41,0.7139181024837772,0.8227791452226448,150,47,0.6486263168766784,0.8777112166907663,0,0,,,300,88,0.6810945540308748,0.8506110634648371
chat_0shot,cross-encoder_nli-deberta-v3-large,svamp,meta-llama_Llama-3.1-8B-Instruct,43,squad_token_f1,300,461.95,102.986,338.5,0.5918399927020617,0.566411238825032,0.6180441525269111,0.720762634555738,300,0.9916666666666667,1.0,150,49,0.6459890887047889,0.729642351990301,150,77,0.6051414339085572,0.6964063333926348,0,0,,,300,126,0.6180441525269111,0.720762634555738
chat_0shot,cross-encoder_nli-deberta-v3-large,svamp,meta-llama_Llama-3.1-8B-Instruct,43,llm_qwen2.5-72b,300,461.95,102.986,338.5,0.6157486495221386,0.572925804515444,0.6476060759961217,0.7889560921556859,300,0.9916666666666667,1.0,150,41,0.7135824569254867,0.8062206310136496,150,80,0.6208928571428571,0.7725892857142858,0,0,,,300,121,0.6476060759961217,0.7889560921556859
chat_0shot,cross-encoder_nli-deberta-v3-large,svamp,meta-llama_Llama-3.1-8B-Instruct,43,llm_llama-3.1-70b,300,461.95,102.986,338.5,0.5502671199611462,0.5842642059252064,0.6798337920241757,0.8414278776104905,300,0.9916666666666667,1.0,150,35,0.7284472049689441,0.8296894409937888,150,52,0.6455062794348508,0.846251962323391,0,0,,,300,87,0.6798337920241757,0.8414278776104905
chat_0shot,cross-encoder_nli-deberta-v3-large,svamp,meta-llama_Llama-3.1-8B-Instruct,44,squad_token_f1,300,484.1566666666667,104.113,339.5,0.5324559341950647,0.5392479435957697,0.6159811985898942,0.7720564042303173,300,0.9906666666666666,1.0,150,53,0.6441353822213577,0.8037346819684886,150,62,0.5899926686217009,0.7358870967741935,0,0,,,300,115,0.6159811985898942,0.7720564042303173
chat_0shot,cross-encoder_nli-deberta-v3-large,svamp,meta-llama_Llama-3.1-8B-Instruct,44,llm_qwen2.5-72b,300,484.1566666666667,104.113,339.5,0.5558871915393655,0.5921034077555817,0.6793889541715629,0.7947356051703878,300,0.9906666666666666,1.0,150,48,0.6751429738562091,0.8544730392156863,150,67,0.6908829347239706,0.7376371156266859,0,0,,,300,115,0.6793889541715629,0.7947356051703878
chat_0shot,cross-encoder_nli-deberta-v3-large,svamp,meta-llama_Llama-3.1-8B-Instruct,44,llm_llama-3.1-70b,300,484.1566666666667,104.113,339.5,0.5221790297672932,0.5884498642100219,0.695484317588796,0.8581926620160818,300,0.9906666666666666,1.0,150,42,0.6871693121693122,0.873126102292769,150,47,0.7035736418095435,0.8433174963850444,0,0,,,300,89,0.695484317588796,0.8581926620160818
chat_0shot,cross-encoder_nli-deberta-v3-large,svamp,mistralai_Mistral-7B-Instruct-v0.3,42,squad_token_f1,300,35.71,32.82633333333333,35.0,0.5450902705866463,0.5607581828823556,0.8330106703885463,0.8468551618567377,300,0.3333333333333333,0.9666666666666667,158,68,0.8644607843137255,0.8911764705882353,142,65,0.7979020979020979,0.7966033966033966,10,3,1.0,0.7619047619047619,290,130,0.8282211538461538,0.8493028846153846
chat_0shot,cross-encoder_nli-deberta-v3-large,svamp,mistralai_Mistral-7B-Instruct-v0.3,42,llm_qwen2.5-72b,300,35.71,32.82633333333333,35.0,0.5584476518164351,0.572791456275973,0.837079404799142,0.8488538361857099,300,0.3333333333333333,0.9666666666666667,158,69,0.86980947728383,0.8963523856049503,142,70,0.799404761904762,0.7948412698412698,10,3,1.0,0.7619047619047619,290,136,0.8326967150496563,0.8516042780748663
chat_0shot,cross-encoder_nli-deberta-v3-large,svamp,mistralai_Mistral-7B-Instruct-v0.3,42,llm_llama-3.1-70b,300,35.71,32.82633333333333,35.0,0.5363888762459605,0.5520458786582313,0.8322106412998953,0.8467752947066588,300,0.3333333333333333,0.9666666666666667,158,65,0.8588916459884202,0.8894954507857734,142,62,0.8037298387096774,0.7989919354838709,10,3,1.0,0.7619047619047619,290,124,0.827220171006607,0.8490818111154295
chat_0shot,cross-encoder_nli-deberta-v3-large,svamp,mistralai_Mistral-7B-Instruct-v0.3,43,squad_token_f1,300,35.54,33.259666666666675,35.0,0.5335869614155149,0.5714961055332943,0.8283508171626671,0.854283913376255,300,0.3443333333333334,0.9633333333333334,158,67,0.840167295391176,0.8862555355092668,142,66,0.814792663476874,0.8185805422647527,11,7,0.9285714285714286,0.8035714285714286,289,126,0.8281965137793359,0.8568263706300516
chat_0shot,cross-encoder_nli-deberta-v3-large,svamp,mistralai_Mistral-7B-Instruct-v0.3,43,llm_qwen2.5-72b,300,35.54,33.259666666666675,35.0,0.5387353902646546,0.5739330974877972,0.8215485199946263,0.8468272804621378,300,0.3443333333333334,0.9633333333333334,158,68,0.85,0.8950980392156863,142,69,0.7899543378995434,0.792833035537026,11,7,0.9285714285714286,0.8035714285714286,289,130,0.8209240445089502,0.8488872762457668
chat_0shot,cross-encoder_nli-deberta-v3-large,svamp,mistralai_Mistral-7B-Instruct-v0.3,43,llm_llama-3.1-70b,300,35.54,33.259666666666675,35.0,0.5301917584659323,0.5649621469694909,0.8270320504102634,0.8497438687157169,300,0.3443333333333334,0.9633333333333334,158,65,0.841025641025641,0.8799834574028123,142,64,0.8105969551282052,0.81640625,11,7,0.9285714285714286,0.8035714285714286,289,122,0.8271571610876608,0.8524590163934426
chat_0shot,cross-encoder_nli-deberta-v3-large,svamp,mistralai_Mistral-7B-Instruct-v0.3,44,squad_token_f1,300,35.25333333333333,33.111333333333334,35.0,0.518431936702032,0.5738626146376551,0.8221318108253911,0.8490379428160403,300,0.34,0.9633333333333334,157,69,0.8483201581027668,0.8885869565217391,143,65,0.7952662721893491,0.8093688362919133,11,6,0.8666666666666667,0.9,289,128,0.8204338121118012,0.8469526397515528
chat_0shot,cross-encoder_nli-deberta-v3-large,svamp,mistralai_Mistral-7B-Instruct-v0.3,44,llm_qwen2.5-72b,300,35.25333333333333,33.111333333333334,35.0,0.5227232062980856,0.5733360171765969,0.8206074431919843,0.847468241188048,300,0.34,0.9633333333333334,157,70,0.8495894909688013,0.8902298850574712,143,68,0.79,0.8029411764705883,11,6,0.8666666666666667,0.9,289,132,0.8187849835939008,0.8453242617255357
chat_0shot,cross-encoder_nli-deberta-v3-large,svamp,mistralai_Mistral-7B-Instruct-v0.3,44,llm_llama-3.1-70b,300,35.25333333333333,33.111333333333334,35.0,0.5058252867310394,0.5618568384786256,0.8057482206809012,0.8401106124484338,300,0.34,0.9633333333333334,157,67,0.8383084577114428,0.884742951907131,143,62,0.7718040621266428,0.7950019912385504,11,6,0.8666666666666667,0.9,289,123,0.8033108041923793,0.8374963267704966
chat_0shot,cross-encoder_nli-deberta-v3-large,triviaqa,meta-llama_Llama-3.1-70B-Instruct,42,squad_token_f1,378,52.804232804232804,47.98941798941799,47.5,0.9556714471968709,0.8165580182529335,0.6587190352020861,0.7421936114732725,378,0.062169312169312166,0.373015873015873,189,73,0.6048653755314124,0.6688710439300898,189,187,0.7058823529411765,0.7259358288770054,237,163,0.64338418172774,0.7408389985077102,141,97,0.6863870665417057,0.744962511715089
chat_0shot,cross-encoder_nli-deberta-v3-large,triviaqa,meta-llama_Llama-3.1-70B-Instruct,42,llm_qwen2.5-72b,378,52.804232804232804,47.98941798941799,47.5,0.5622479995037528,0.534799330066373,0.7894361391973203,0.7352521555734756,378,0.062169312169312166,0.373015873015873,189,23,0.7535358826610791,0.7365112624410686,189,26,0.8371873525247758,0.7760736196319018,237,23,0.7548760666395774,0.694534741974807,141,26,0.8048494983277592,0.7657190635451505
chat_0shot,cross-encoder_nli-deberta-v3-large,triviaqa,meta-llama_Llama-3.1-70B-Instruct,42,llm_llama-3.1-70b,378,52.804232804232804,47.98941798941799,47.5,0.6196168263223657,0.5542690545605997,0.8082465639316951,0.7517700957934194,378,0.062169312169312166,0.373015873015873,189,13,0.8011363636363636,0.7530594405594405,189,22,0.8002177463255308,0.7498639085465433,237,18,0.7836123795027905,0.7252663622526636,141,17,0.8240037950664136,0.7720588235294118
chat_0shot,cross-encoder_nli-deberta-v3-large,triviaqa,meta-llama_Llama-3.1-70B-Instruct,43,squad_token_f1,378,50.851851851851855,48.28492063492064,44.5,0.9493384345608162,0.8406185238322972,0.6480631276901004,0.7397417503586801,378,0.05502645502645503,0.3492063492063492,189,68,0.634965969859018,0.6812105007292173,189,187,0.5655080213903744,0.6443850267379679,246,162,0.6156672545561435,0.7326940035273368,132,93,0.6998897160187483,0.7555831265508685
chat_0shot,cross-encoder_nli-deberta-v3-large,triviaqa,meta-llama_Llama-3.1-70B-Instruct,43,llm_qwen2.5-72b,378,50.851851851851855,48.28492063492064,44.5,0.5595959595959596,0.528219696969697,0.7774936868686869,0.7094065656565657,378,0.05502645502645503,0.3492063492063492,189,24,0.7215909090909091,0.6598484848484848,189,24,0.8660353535353535,0.8210858585858586,246,26,0.7476398601398602,0.6727272727272727,132,22,0.8109504132231405,0.7407024793388429
chat_0shot,cross-encoder_nli-deberta-v3-large,triviaqa,meta-llama_Llama-3.1-70B-Instruct,43,llm_llama-3.1-70b,378,50.851851851851855,48.28492063492064,44.5,0.6005044459644323,0.551641586867305,0.7973666210670315,0.7427753077975376,378,0.05502645502645503,0.3492063492063492,189,14,0.7453061224489796,0.6736734693877551,189,20,0.8431952662721893,0.8076923076923077,246,18,0.8070175438596491,0.714546783625731,132,16,0.7914870689655172,0.7642780172413793
chat_0shot,cross-encoder_nli-deberta-v3-large,triviaqa,meta-llama_Llama-3.1-70B-Instruct,44,squad_token_f1,378,50.47883597883598,48.162433862433865,45.0,0.9463414634146341,0.835852064402997,0.6585525267017376,0.7476327116212339,378,0.05952380952380952,0.3783068783068783,190,70,0.6426785714285714,0.7036309523809524,188,185,0.4945945945945946,0.48558558558558557,235,159,0.6326547500827541,0.7430900364117842,143,96,0.7053413120567376,0.7574246453900709
chat_0shot,cross-encoder_nli-deberta-v3-large,triviaqa,meta-llama_Llama-3.1-70B-Instruct,44,llm_qwen2.5-72b,378,50.47883597883598,48.162433862433865,45.0,0.5325759559979046,0.5097564169722367,0.7346451021477213,0.6961760083813515,378,0.05952380952380952,0.3783068783068783,190,23,0.6588128091642801,0.6918771153345483,188,23,0.8242424242424242,0.733596837944664,235,27,0.6748575498575499,0.6665776353276354,143,19,0.8219439728353141,0.7347198641765704
chat_0shot,cross-encoder_nli-deberta-v3-large,triviaqa,meta-llama_Llama-3.1-70B-Instruct,44,llm_llama-3.1-70b,378,50.47883597883598,48.162433862433865,45.0,0.6154935443565182,0.5740524781341108,0.7833402748854644,0.7198250728862974,378,0.05952380952380952,0.3783068783068783,190,13,0.8116036505867015,0.7518470230334637,188,22,0.7526013143483024,0.6736035049288062,235,18,0.7412954429083461,0.6995647721454173,143,17,0.8246965452847805,0.7355275443510738
chat_0shot,cross-encoder_nli-deberta-v3-large,triviaqa,meta-llama_Llama-3.1-8B-Instruct,42,squad_token_f1,378,823.3359788359788,117.02142857142857,1022.0,0.9969919786096256,0.7760695187165776,0.6941844919786097,0.7476604278074866,378,0.9679894179894181,1.0,190,186,0.6948924731182796,0.7338709677419355,188,188,,,0,0,,,378,374,0.6941844919786097,0.7476604278074866
chat_0shot,cross-encoder_nli-deberta-v3-large,triviaqa,meta-llama_Llama-3.1-8B-Instruct,42,llm_qwen2.5-72b,378,823.3359788359788,117.02142857142857,1022.0,0.4854891914654688,0.595013335204941,0.6933078326782707,0.6781829028635598,378,0.9679894179894181,1.0,190,55,0.6802020202020203,0.6602693602693602,188,49,0.7120833945088827,0.7005579210101307,0,0,,,378,104,0.6933078326782707,0.6781829028635598
chat_0shot,cross-encoder_nli-deberta-v3-large,triviaqa,meta-llama_Llama-3.1-8B-Instruct,42,llm_llama-3.1-70b,378,823.3359788359788,117.02142857142857,1022.0,0.4995299145299145,0.567991452991453,0.7432264957264957,0.7035683760683761,378,0.9679894179894181,1.0,190,40,0.718,0.6945,188,38,0.7721052631578947,0.7139473684210527,0,0,,,378,78,0.7432264957264957,0.7035683760683761
chat_0shot,cross-encoder_nli-deberta-v3-large,triviaqa,meta-llama_Llama-3.1-8B-Instruct,43,squad_token_f1,378,823.5026455026455,118.6253968253968,1029.5,1.0,0.944,0.7662222222222222,0.9595555555555556,378,0.9724867724867725,1.0,189,186,0.7293906810035843,0.9614695340501792,189,189,,,0,0,,,378,375,0.7662222222222222,0.9595555555555556
chat_0shot,cross-encoder_nli-deberta-v3-large,triviaqa,meta-llama_Llama-3.1-8B-Instruct,43,llm_qwen2.5-72b,378,823.5026455026455,118.6253968253968,1029.5,0.5612513873473918,0.5168562708102109,0.6764532463928968,0.6291620421753608,378,0.9724867724867725,1.0,189,49,0.6386297376093294,0.6166909620991253,189,57,0.7091972355130249,0.6353003721424774,0,0,,,378,106,0.6764532463928968,0.6291620421753608
chat_0shot,cross-encoder_nli-deberta-v3-large,triviaqa,meta-llama_Llama-3.1-8B-Instruct,43,llm_llama-3.1-70b,378,823.5026455026455,118.6253968253968,1029.5,0.5719588926174497,0.5029781879194631,0.7401845637583893,0.609123322147651,378,0.9724867724867725,1.0,189,33,0.7375679875679876,0.5917832167832168,189,47,0.7387623614024573,0.613425232244531,0,0,,,378,80,0.7401845637583893,0.609123322147651
chat_0shot,cross-encoder_nli-deberta-v3-large,triviaqa,meta-llama_Llama-3.1-8B-Instruct,44,squad_token_f1,378,826.3359788359788,116.92063492063492,1012.5,0.9973333333333333,0.904,0.7786666666666666,0.8426666666666667,378,0.9674603174603176,1.0,189,186,0.7831541218637993,0.8279569892473119,189,189,,,0,0,,,378,375,0.7786666666666666,0.8426666666666667
chat_0shot,cross-encoder_nli-deberta-v3-large,triviaqa,meta-llama_Llama-3.1-8B-Instruct,44,llm_qwen2.5-72b,378,826.3359788359788,116.92063492063492,1012.5,0.5335310218978102,0.5526038742279619,0.7306814991577766,0.6873245367770915,378,0.9674603174603176,1.0,189,51,0.7528417163967036,0.7056692242114238,189,53,0.709211986681465,0.6677302996670367,0,0,,,378,104,0.7306814991577766,0.6873245367770915
chat_0shot,cross-encoder_nli-deberta-v3-large,triviaqa,meta-llama_Llama-3.1-8B-Instruct,44,llm_llama-3.1-70b,378,826.3359788359788,116.92063492063492,1012.5,0.5011538461538462,0.5254700854700854,0.7446367521367522,0.6786965811965812,378,0.9674603174603176,1.0,189,40,0.7266778523489933,0.7083053691275167,189,38,0.7603694667131404,0.6457825026141513,0,0,,,378,78,0.7446367521367522,0.6786965811965812
chat_0shot,cross-encoder_nli-deberta-v3-large,triviaqa,mistralai_Mistral-7B-Instruct-v0.3,42,squad_token_f1,378,27.417989417989418,27.949206349206353,14.0,0.7968474395945908,0.7777948875885433,0.7498950079793936,0.8200996724248957,378,0.38492063492063494,0.9788359788359788,196,54,0.7543688054251435,0.7651278038601982,182,137,0.6898621248986212,0.7572587185725872,8,7,0.8571428571428571,0.9285714285714286,370,184,0.749590930341281,0.8201554464703132
chat_0shot,cross-encoder_nli-deberta-v3-large,triviaqa,mistralai_Mistral-7B-Instruct-v0.3,42,llm_qwen2.5-72b,378,27.417989417989418,27.949206349206353,14.0,0.58903452685422,0.6490657857345837,0.8218243819266837,0.7698387325944871,378,0.38492063492063494,0.9788359788359788,196,40,0.8362980769230769,0.817548076923077,182,62,0.7883736559139785,0.7026209677419355,8,3,0.8666666666666667,0.8,370,99,0.8203995676320399,0.7675649483767565
chat_0shot,cross-encoder_nli-deberta-v3-large,triviaqa,mistralai_Mistral-7B-Instruct-v0.3,42,llm_llama-3.1-70b,378,27.417989417989418,27.949206349206353,14.0,0.6086033950617284,0.6457947530864198,0.835474537037037,0.7774112654320988,378,0.38492063492063494,0.9788359788359788,196,34,0.8616557734204793,0.8340595497458243,182,56,0.7928713151927438,0.7040107709750567,8,3,0.8666666666666667,0.8,370,87,0.8344502660330612,0.7752731408147516
chat_0shot,cross-encoder_nli-deberta-v3-large,triviaqa,mistralai_Mistral-7B-Instruct-v0.3,43,squad_token_f1,378,26.904761904761905,27.6973544973545,13.5,0.7792087801327099,0.7806086737407957,0.7580003919702103,0.808844527815886,378,0.3859788359788359,0.9814814814814815,189,56,0.7523496240601504,0.7579887218045113,189,135,0.733196159122085,0.7637860082304527,7,5,0.65,0.5,371,186,0.7582243533856438,0.8117698343504796
chat_0shot,cross-encoder_nli-deberta-v3-large,triviaqa,mistralai_Mistral-7B-Instruct-v0.3,43,llm_qwen2.5-72b,378,26.904761904761905,27.6973544973545,13.5,0.5768704379562044,0.6682692307692307,0.8435043514879281,0.8013229927007299,378,0.3859788359788359,0.9814814814814815,189,41,0.8253131179960448,0.8187211601845749,189,63,0.8551902242378433,0.7776518014613253,7,1,1.0,0.5,371,103,0.8434466019417476,0.8034705115200695
chat_0shot,cross-encoder_nli-deberta-v3-large,triviaqa,mistralai_Mistral-7B-Instruct-v0.3,43,llm_llama-3.1-70b,378,26.904761904761905,27.6973544973545,13.5,0.5869269949066214,0.6690435766836446,0.8682890020750802,0.8158460667798528,378,0.3859788359788359,0.9814814814814815,189,36,0.8721859114015976,0.8391430646332607,189,57,0.8654306220095693,0.7932615629984051,7,1,1.0,0.5,371,92,0.868260090384915,0.8181198379304971
chat_0shot,cross-encoder_nli-deberta-v3-large,triviaqa,mistralai_Mistral-7B-Instruct-v0.3,44,squad_token_f1,378,26.214285714285715,27.22089947089947,13.0,0.7634468848050202,0.7643713581353653,0.7783225011205738,0.8315357463021067,378,0.394973544973545,0.9761904761904762,194,58,0.7906947261663286,0.7981110547667343,184,126,0.7411740558292282,0.7959085933223864,9,9,,,369,175,0.7787628865979381,0.8318851251840943
chat_0shot,cross-encoder_nli-deberta-v3-large,triviaqa,mistralai_Mistral-7B-Instruct-v0.3,44,llm_qwen2.5-72b,378,26.214285714285715,27.22089947089947,13.0,0.5736089307517879,0.6498168498168498,0.8610849467992325,0.7918018489447061,378,0.394973544973545,0.9761904761904762,194,44,0.8762878787878788,0.8293939393939394,184,61,0.857323737171798,0.7788884446221511,9,5,0.75,0.85,369,100,0.8625650557620818,0.7903345724907063
chat_0shot,cross-encoder_nli-deberta-v3-large,triviaqa,mistralai_Mistral-7B-Instruct-v0.3,44,llm_llama-3.1-70b,378,26.214285714285715,27.22089947089947,13.0,0.5840640196040893,0.6384347359957117,0.8634031473752728,0.797220201401386,378,0.394973544973545,0.9761904761904762,194,37,0.8889653985195386,0.8320709244276123,184,54,0.8493589743589743,0.7843304843304844,9,3,0.6666666666666666,0.8333333333333334,369,88,0.8661840828210935,0.7980022646392753
chat_0shot,microsoft_deberta-v2-xlarge-mnli,nqopen,meta-llama_Llama-3.1-70B-Instruct,42,squad_token_f1,400,88.145,88.76224999999998,73.0,0.8109489729528767,0.8040245375964309,0.7875731945348081,0.789850357839948,400,0.061,0.3375,203,179,0.7072858472998138,0.6684124767225326,197,192,0.7786458333333334,0.8291666666666667,265,247,0.8254610886189834,0.7925101214574899,135,124,0.783724340175953,0.8090175953079178
chat_0shot,microsoft_deberta-v2-xlarge-mnli,nqopen,meta-llama_Llama-3.1-70B-Instruct,42,llm_qwen2.5-72b,400,88.145,88.76224999999998,73.0,0.6124526693247072,0.6207151633691919,0.6877429223400787,0.6754432157275759,400,0.061,0.3375,203,79,0.6492956308697427,0.6604736627194774,197,110,0.6903866248693835,0.6457157784743992,265,109,0.6809574217831098,0.6835450482239473,135,80,0.6505681818181818,0.6071590909090909
chat_0shot,microsoft_deberta-v2-xlarge-mnli,nqopen,meta-llama_Llama-3.1-70B-Instruct,42,llm_llama-3.1-70b,400,88.145,88.76224999999998,73.0,0.5980475164203612,0.6054751642036125,0.6552365558292282,0.6476806239737274,400,0.061,0.3375,203,70,0.6116541353383459,0.6258861439312567,197,98,0.6554834054834054,0.6197175840032982,265,96,0.6485145463510849,0.6514731262327417,135,72,0.6130952380952381,0.5877425044091711
chat_0shot,microsoft_deberta-v2-xlarge-mnli,nqopen,meta-llama_Llama-3.1-70B-Instruct,43,squad_token_f1,400,86.5025,88.98224999999998,73.5,0.8191891891891891,0.8415315315315315,0.8054054054054054,0.8336936936936937,400,0.06125,0.3425,200,175,0.7478857142857143,0.7552,200,195,0.7174358974358974,0.8302564102564103,263,241,0.8192191625801585,0.8539230479064503,137,129,0.7635658914728682,0.7577519379844961
chat_0shot,microsoft_deberta-v2-xlarge-mnli,nqopen,meta-llama_Llama-3.1-70B-Instruct,43,llm_qwen2.5-72b,400,86.5025,88.98224999999998,73.5,0.6120389177261215,0.6295669399934802,0.7152511346824143,0.7097720604829609,400,0.06125,0.3425,200,77,0.6930102417907296,0.7137577869285187,200,112,0.6858258928571429,0.6454951298701299,263,108,0.6984767025089605,0.6851254480286738,137,81,0.6916887125220459,0.7087742504409171
chat_0shot,microsoft_deberta-v2-xlarge-mnli,nqopen,meta-llama_Llama-3.1-70B-Instruct,43,llm_llama-3.1-70b,400,86.5025,88.98224999999998,73.5,0.597235094223046,0.6110853671094635,0.670605498918752,0.6766038513026464,400,0.06125,0.3425,200,67,0.6404443945685109,0.6659746380877567,200,99,0.6345134513451345,0.6208120812081208,263,95,0.6555137844611529,0.6604323308270676,137,71,0.6379641485275288,0.6565300896286812
chat_0shot,microsoft_deberta-v2-xlarge-mnli,nqopen,meta-llama_Llama-3.1-70B-Instruct,44,squad_token_f1,400,89.375,87.54275,73.0,0.8098801003810763,0.8094618458964588,0.7978436657681941,0.8307463518914397,400,0.05775,0.285,203,178,0.7079775280898877,0.7220224719101124,197,193,0.908678756476684,0.9799222797927462,286,264,0.7602444903581267,0.787362258953168,114,107,0.8851802403204272,0.9425901201602136
chat_0shot,microsoft_deberta-v2-xlarge-mnli,nqopen,meta-llama_Llama-3.1-70B-Instruct,44,llm_qwen2.5-72b,400,89.375,87.54275,73.0,0.6152380952380953,0.6266541353383459,0.6956516290726817,0.6932832080200502,400,0.05775,0.285,203,78,0.6898461538461539,0.6936410256410256,197,112,0.6592436974789916,0.6332983193277311,286,122,0.6769042383046782,0.6685075969612155,114,68,0.7071611253196931,0.7159526854219949
chat_0shot,microsoft_deberta-v2-xlarge-mnli,nqopen,meta-llama_Llama-3.1-70B-Instruct,44,llm_llama-3.1-70b,400,89.375,87.54275,73.0,0.5913445528830145,0.6019877558339097,0.6624785470939317,0.6641179333487026,400,0.05775,0.285,203,70,0.64828141783029,0.6507518796992481,197,99,0.6349206349206349,0.6184291898577613,286,106,0.6421907756813418,0.6393343815513627,114,63,0.6563958916900093,0.6752256458138811
chat_0shot,microsoft_deberta-v2-xlarge-mnli,nqopen,meta-llama_Llama-3.1-8B-Instruct,42,squad_token_f1,400,713.07,140.2465,988.0,0.9867532467532467,0.8122077922077922,0.7829437229437229,0.7967965367965368,400,0.9734999999999999,1.0,200,185,0.7477477477477478,0.7807207207207207,200,200,,,0,0,,,400,385,0.7829437229437229,0.7967965367965368
chat_0shot,microsoft_deberta-v2-xlarge-mnli,nqopen,meta-llama_Llama-3.1-8B-Instruct,42,llm_qwen2.5-72b,400,713.07,140.2465,988.0,0.5680881904180654,0.600816295392127,0.6795341267419388,0.6055589461906214,400,0.9734999999999999,1.0,200,102,0.6740196078431373,0.6388555422168868,200,124,0.6699915110356537,0.5601124787775892,0,0,,,400,226,0.6795341267419388,0.6055589461906214
chat_0shot,microsoft_deberta-v2-xlarge-mnli,nqopen,meta-llama_Llama-3.1-8B-Instruct,42,llm_llama-3.1-70b,400,713.07,140.2465,988.0,0.5684302689180738,0.6005878674171357,0.6654534083802377,0.5917948717948718,400,0.9734999999999999,1.0,200,90,0.67,0.6232828282828283,200,115,0.6442966751918159,0.5489514066496164,0,0,,,400,205,0.6654534083802377,0.5917948717948718
chat_0shot,microsoft_deberta-v2-xlarge-mnli,nqopen,meta-llama_Llama-3.1-8B-Instruct,43,squad_token_f1,400,690.0925,141.04625,941.0,0.9931425163983304,0.7417014510037766,0.6888292585967004,0.7040349831047505,400,0.9772500000000001,1.0,200,187,0.6530234471410942,0.6964212258329905,200,200,,,0,0,,,400,387,0.6888292585967004,0.7040349831047505
chat_0shot,microsoft_deberta-v2-xlarge-mnli,nqopen,meta-llama_Llama-3.1-8B-Instruct,43,llm_qwen2.5-72b,400,690.0925,141.04625,941.0,0.5806123486929102,0.5850879869799613,0.689985759332723,0.5819346963686298,400,0.9772500000000001,1.0,200,103,0.7101391252126914,0.6119007106395756,200,123,0.653521275472495,0.5474078766761694,0,0,,,400,226,0.689985759332723,0.5819346963686298
chat_0shot,microsoft_deberta-v2-xlarge-mnli,nqopen,meta-llama_Llama-3.1-8B-Instruct,43,llm_llama-3.1-70b,400,690.0925,141.04625,941.0,0.5672901402815633,0.5759670925958341,0.6704133430021755,0.5949213573053937,400,0.9772500000000001,1.0,200,92,0.7018417874396136,0.6101046698872786,200,111,0.6270371495090596,0.5773863751391841,0,0,,,400,203,0.6704133430021755,0.5949213573053937
chat_0shot,microsoft_deberta-v2-xlarge-mnli,nqopen,meta-llama_Llama-3.1-8B-Instruct,44,squad_token_f1,400,682.39,141.41174999999998,951.0,0.9827072152653548,0.768932617769827,0.7141721327767839,0.7221228384019082,400,0.97225,1.0,200,187,0.6801727684080625,0.706910736322501,200,200,,,0,0,,,400,387,0.7141721327767839,0.7221228384019082
chat_0shot,microsoft_deberta-v2-xlarge-mnli,nqopen,meta-llama_Llama-3.1-8B-Instruct,44,llm_qwen2.5-72b,400,682.39,141.41174999999998,951.0,0.5727636169183367,0.5828601257925696,0.6670061877721474,0.5699116396322986,400,0.97225,1.0,200,104,0.6512419871794872,0.5768729967948718,200,123,0.6721571111815015,0.5541125541125541,0,0,,,400,227,0.6670061877721474,0.5699116396322986
chat_0shot,microsoft_deberta-v2-xlarge-mnli,nqopen,meta-llama_Llama-3.1-8B-Instruct,44,llm_llama-3.1-70b,400,682.39,141.41174999999998,951.0,0.5806947779111644,0.592311924769908,0.6567877150860344,0.5693152260904362,400,0.97225,1.0,200,91,0.6605000504083073,0.5845347313237221,200,113,0.6398128369443596,0.5450615400264469,0,0,,,400,204,0.6567877150860344,0.5693152260904362
chat_0shot,microsoft_deberta-v2-xlarge-mnli,nqopen,mistralai_Mistral-7B-Instruct-v0.3,42,squad_token_f1,400,52.52,50.28450000000001,53.0,0.853160210841917,0.7692828473330432,0.7168866966487741,0.7391556651675613,400,0.268,0.8825,202,146,0.694043542074364,0.7030944227005871,198,193,0.5875647668393782,0.5875647668393782,47,45,0.8,0.9388888888888889,353,294,0.716130520004612,0.7341750259425804
chat_0shot,microsoft_deberta-v2-xlarge-mnli,nqopen,mistralai_Mistral-7B-Instruct-v0.3,42,llm_qwen2.5-72b,400,52.52,50.28450000000001,53.0,0.6416505791505791,0.6258714071214071,0.7701362076362076,0.7424924924924925,400,0.268,0.8825,202,110,0.7769268774703557,0.732509881422925,198,142,0.7421403420523138,0.7135940643863179,47,32,0.7239583333333334,0.8104166666666667,353,220,0.7762303485987696,0.733526999316473
chat_0shot,microsoft_deberta-v2-xlarge-mnli,nqopen,mistralai_Mistral-7B-Instruct-v0.3,42,llm_llama-3.1-70b,400,52.52,50.28450000000001,53.0,0.6069699531237993,0.5979149056072133,0.7267860344783422,0.6940111170880402,400,0.268,0.8825,202,102,0.7604901960784314,0.7081372549019608,198,129,0.6671160543759128,0.6400966183574879,47,31,0.6622983870967742,0.751008064516129,353,200,0.7364869281045752,0.6867647058823529
chat_0shot,microsoft_deberta-v2-xlarge-mnli,nqopen,mistralai_Mistral-7B-Instruct-v0.3,43,squad_token_f1,400,52.275,49.9575,53.0,0.8380966197591759,0.7596111997678805,0.7162822186759514,0.71069684220707,400,0.2555,0.91,201,146,0.6900373599003736,0.6747820672478206,199,193,0.6511226252158895,0.540587219343696,36,34,0.8602941176470589,0.8970588235294118,364,305,0.7085857182550709,0.7009724923589886
chat_0shot,microsoft_deberta-v2-xlarge-mnli,nqopen,mistralai_Mistral-7B-Instruct-v0.3,43,llm_qwen2.5-72b,400,52.275,49.9575,53.0,0.6417816138313033,0.6207012449248475,0.7747035573122529,0.7421150278293135,400,0.2555,0.91,201,110,0.7412087912087912,0.7160339660339661,199,143,0.7903346653346653,0.7333291708291708,36,22,0.7775974025974026,0.762987012987013,364,231,0.7762262799856785,0.7414965986394558
chat_0shot,microsoft_deberta-v2-xlarge-mnli,nqopen,mistralai_Mistral-7B-Instruct-v0.3,43,llm_llama-3.1-70b,400,52.275,49.9575,53.0,0.6197163120567376,0.5781431334622824,0.7452869116698904,0.7004255319148937,400,0.2555,0.91,201,102,0.7223707664884136,0.6740443652208358,199,133,0.7449874686716792,0.6916154021417179,36,21,0.7952380952380952,0.7476190476190476,364,214,0.7411214953271028,0.6971495327102804
chat_0shot,microsoft_deberta-v2-xlarge-mnli,nqopen,mistralai_Mistral-7B-Instruct-v0.3,44,squad_token_f1,400,51.835,50.81525,53.0,0.8353921568627451,0.7770833333333333,0.7436274509803922,0.74875,400,0.2575,0.9075,203,149,0.7320407655978126,0.7243350733283619,197,191,0.6038394415357766,0.512216404886562,37,35,0.6142857142857143,0.2857142857142857,363,305,0.7438383267382702,0.7604861503674393
chat_0shot,microsoft_deberta-v2-xlarge-mnli,nqopen,mistralai_Mistral-7B-Instruct-v0.3,44,llm_qwen2.5-72b,400,51.835,50.81525,53.0,0.6178133333333333,0.6233866666666666,0.75652,0.73256,400,0.2575,0.9075,203,115,0.7684288537549407,0.745701581027668,197,135,0.7290322580645161,0.6943847072879331,37,30,0.6571428571428571,0.5666666666666667,363,220,0.7590750158931977,0.7373649078194533
chat_0shot,microsoft_deberta-v2-xlarge-mnli,nqopen,mistralai_Mistral-7B-Instruct-v0.3,44,llm_llama-3.1-70b,400,51.835,50.81525,53.0,0.5984554496157899,0.5998175323173396,0.7280332039783095,0.6968851995579656,400,0.2575,0.9075,203,107,0.7408975856697819,0.7067757009345794,197,126,0.69679186228482,0.6621395036887995,37,30,0.6571428571428571,0.5666666666666667,363,203,0.7279402709359606,0.6974445812807881
chat_0shot,microsoft_deberta-v2-xlarge-mnli,svamp,meta-llama_Llama-3.1-70B-Instruct,42,squad_token_f1,300,42.07666666666667,41.367666666666665,38.0,0.6589133522727273,0.7215909090909091,0.8639026988636364,0.8978604403409091,300,0.21800000000000003,0.8366666666666667,152,14,0.8724120082815735,0.8734472049689441,148,30,0.8416666666666667,0.9009887005649717,49,7,0.9812925170068028,0.9829931972789115,251,37,0.8390376357666077,0.8786309674160141
chat_0shot,microsoft_deberta-v2-xlarge-mnli,svamp,meta-llama_Llama-3.1-70B-Instruct,42,llm_qwen2.5-72b,300,42.07666666666667,41.367666666666665,38.0,0.6273867198632089,0.6494015388999715,0.8476061555998861,0.820568538045027,300,0.21800000000000003,0.8366666666666667,152,22,0.8367132867132867,0.8183566433566434,148,36,0.8413938492063492,0.8146081349206349,49,9,0.8486111111111111,0.8361111111111111,251,49,0.8455243483532027,0.8153667407557083
chat_0shot,microsoft_deberta-v2-xlarge-mnli,svamp,meta-llama_Llama-3.1-70B-Instruct,42,llm_llama-3.1-70b,300,42.07666666666667,41.367666666666665,38.0,0.6220369626355966,0.7113298513459221,0.8622438730413821,0.8510445962233829,300,0.21800000000000003,0.8366666666666667,152,15,0.8396593673965936,0.8347931873479318,148,23,0.8636521739130435,0.8570434782608696,49,6,0.9670542635658915,0.9651162790697675,251,32,0.8410388127853882,0.8283390410958904
chat_0shot,microsoft_deberta-v2-xlarge-mnli,svamp,meta-llama_Llama-3.1-70B-Instruct,43,squad_token_f1,300,42.346666666666664,41.366,38.0,0.6587213283122219,0.6778072577884287,0.8501369394043136,0.8653286545703526,300,0.23,0.85,151,15,0.9127450980392157,0.85,149,31,0.8080918534718425,0.8590759978130126,45,5,0.925,1.0,255,41,0.838728060177798,0.849099612491452
chat_0shot,microsoft_deberta-v2-xlarge-mnli,svamp,meta-llama_Llama-3.1-70B-Instruct,43,llm_qwen2.5-72b,300,42.346666666666664,41.366,38.0,0.6236819606725563,0.6687446565973212,0.8376318039327444,0.7737247078939868,300,0.23,0.85,151,23,0.8430706521739131,0.7753057065217391,149,35,0.8210526315789474,0.7617794486215539,45,8,0.8040540540540541,0.8158783783783784,255,50,0.8426341463414634,0.7669756097560976
chat_0shot,microsoft_deberta-v2-xlarge-mnli,svamp,meta-llama_Llama-3.1-70B-Instruct,43,llm_llama-3.1-70b,300,42.346666666666664,41.366,38.0,0.6245701935357107,0.670399842813636,0.8684546615581098,0.8155025051576775,300,0.23,0.85,151,16,0.8791666666666667,0.8155092592592592,149,23,0.8486887508626639,0.8065907522429262,45,4,0.8902439024390244,0.9969512195121951,255,35,0.8653246753246753,0.7941558441558442
chat_0shot,microsoft_deberta-v2-xlarge-mnli,svamp,meta-llama_Llama-3.1-70B-Instruct,44,squad_token_f1,300,42.0,41.293,39.0,0.6642701525054466,0.6915468409586056,0.8681917211328976,0.8985620915032679,300,0.22966666666666669,0.8633333333333333,159,17,0.903893951946976,0.894159072079536,141,28,0.831700379266751,0.8930151706700379,41,4,0.8445945945945946,0.9864864864864865,259,41,0.8671962407697471,0.8869993287088834
chat_0shot,microsoft_deberta-v2-xlarge-mnli,svamp,meta-llama_Llama-3.1-70B-Instruct,44,llm_qwen2.5-72b,300,42.0,41.293,39.0,0.637824166429182,0.6568823026503278,0.8283342832715873,0.817113137646053,300,0.22966666666666669,0.8633333333333333,159,24,0.850462962962963,0.8202160493827161,141,34,0.7993402968664101,0.8000274876305662,41,5,0.7611111111111111,0.8527777777777777,259,53,0.8311961897783476,0.8088477743176405
chat_0shot,microsoft_deberta-v2-xlarge-mnli,svamp,meta-llama_Llama-3.1-70B-Instruct,44,llm_llama-3.1-70b,300,42.0,41.293,39.0,0.6434221678124117,0.6832093417459271,0.8501271306149355,0.8542235615406347,300,0.22966666666666669,0.8633333333333333,159,17,0.8653686826843413,0.8487986743993372,141,24,0.8278133903133903,0.8470441595441596,41,4,0.8445945945945946,0.9864864864864865,259,37,0.8489773557341125,0.836681275870465
chat_0shot,microsoft_deberta-v2-xlarge-mnli,svamp,meta-llama_Llama-3.1-8B-Instruct,42,squad_token_f1,300,497.01,102.185,376.5,0.5617673158656765,0.5429685675587315,0.6524683573863902,0.7343421605716688,300,0.9916666666666667,1.0,150,48,0.7375408496732027,0.7595996732026143,150,69,0.5965288960458043,0.7212381463589193,0,0,,,300,117,0.6524683573863902,0.7343421605716688
chat_0shot,microsoft_deberta-v2-xlarge-mnli,svamp,meta-llama_Llama-3.1-8B-Instruct,42,llm_qwen2.5-72b,300,497.01,102.185,376.5,0.5515835832083958,0.5513961769115442,0.6608180284857571,0.7934079835082459,300,0.9916666666666667,1.0,150,47,0.7071885973972319,0.798285478206982,150,69,0.6421542315262122,0.8019323671497585,0,0,,,300,116,0.6608180284857571,0.7934079835082459
chat_0shot,microsoft_deberta-v2-xlarge-mnli,svamp,meta-llama_Llama-3.1-8B-Instruct,42,llm_llama-3.1-70b,300,497.01,102.185,376.5,0.5089783447684391,0.543417667238422,0.7117817324185248,0.8506110634648371,300,0.9916666666666667,1.0,150,41,0.7606847169389125,0.8227791452226448,150,47,0.6663912414790333,0.8777112166907663,0,0,,,300,88,0.7117817324185248,0.8506110634648371
chat_0shot,microsoft_deberta-v2-xlarge-mnli,svamp,meta-llama_Llama-3.1-8B-Instruct,43,squad_token_f1,300,461.95,102.986,338.5,0.5918399927020617,0.566411238825032,0.6345785440613027,0.720762634555738,300,0.9916666666666667,1.0,150,49,0.6158819963629016,0.729642351990301,150,77,0.6612702366127023,0.6964063333926348,0,0,,,300,126,0.6345785440613027,0.720762634555738
chat_0shot,microsoft_deberta-v2-xlarge-mnli,svamp,meta-llama_Llama-3.1-8B-Instruct,43,llm_qwen2.5-72b,300,461.95,102.986,338.5,0.6157486495221386,0.572925804515444,0.6330162980747034,0.7889560921556859,300,0.9916666666666667,1.0,150,41,0.6422018348623854,0.8062206310136496,150,80,0.6453571428571429,0.7725892857142858,0,0,,,300,121,0.6330162980747034,0.7889560921556859
chat_0shot,microsoft_deberta-v2-xlarge-mnli,svamp,meta-llama_Llama-3.1-8B-Instruct,43,llm_llama-3.1-70b,300,461.95,102.986,338.5,0.5502671199611462,0.5842642059252064,0.6744374291727375,0.8414278776104905,300,0.9916666666666667,1.0,150,35,0.6464596273291926,0.8296894409937888,150,52,0.7022174254317112,0.846251962323391,0,0,,,300,87,0.6744374291727375,0.8414278776104905
chat_0shot,microsoft_deberta-v2-xlarge-mnli,svamp,meta-llama_Llama-3.1-8B-Instruct,44,squad_token_f1,300,484.1566666666667,104.113,339.5,0.5324559341950647,0.5392479435957697,0.5904347826086956,0.7720564042303173,300,0.9906666666666666,1.0,150,53,0.6834273487648318,0.8037346819684886,150,62,0.501466275659824,0.7358870967741935,0,0,,,300,115,0.5904347826086956,0.7720564042303173
chat_0shot,microsoft_deberta-v2-xlarge-mnli,svamp,meta-llama_Llama-3.1-8B-Instruct,44,llm_qwen2.5-72b,300,484.1566666666667,104.113,339.5,0.5558871915393655,0.5921034077555817,0.625945945945946,0.7947356051703878,300,0.9906666666666666,1.0,150,48,0.7070057189542484,0.8544730392156863,150,67,0.561050170832584,0.7376371156266859,0,0,,,300,115,0.625945945945946,0.7947356051703878
chat_0shot,microsoft_deberta-v2-xlarge-mnli,svamp,meta-llama_Llama-3.1-8B-Instruct,44,llm_llama-3.1-70b,300,484.1566666666667,104.113,339.5,0.5221790297672932,0.5884498642100219,0.676979604877789,0.8581926620160818,300,0.9906666666666666,1.0,150,42,0.6840828924162258,0.873126102292769,150,47,0.6733112993183227,0.8433174963850444,0,0,,,300,89,0.676979604877789,0.8581926620160818
chat_0shot,microsoft_deberta-v2-xlarge-mnli,svamp,mistralai_Mistral-7B-Instruct-v0.3,42,squad_token_f1,300,35.71,32.82633333333333,35.0,0.5450902705866463,0.5607581828823556,0.831322317770474,0.8468551618567377,300,0.3333333333333333,0.9666666666666667,158,68,0.8821078431372549,0.8911764705882353,142,65,0.7688311688311689,0.7966033966033966,10,3,1.0,0.7619047619047619,290,130,0.8297115384615384,0.8493028846153846
chat_0shot,microsoft_deberta-v2-xlarge-mnli,svamp,mistralai_Mistral-7B-Instruct-v0.3,42,llm_qwen2.5-72b,300,35.71,32.82633333333333,35.0,0.5584476518164351,0.572791456275973,0.8370123776754993,0.8488538361857099,300,0.3333333333333333,0.9666666666666667,158,69,0.887559029474027,0.8963523856049503,142,70,0.7740079365079365,0.7948412698412698,10,3,1.0,0.7619047619047619,290,136,0.8359673414820473,0.8516042780748663
chat_0shot,microsoft_deberta-v2-xlarge-mnli,svamp,mistralai_Mistral-7B-Instruct-v0.3,42,llm_llama-3.1-70b,300,35.71,32.82633333333333,35.0,0.5363888762459605,0.5520458786582313,0.832438214009376,0.8467752947066588,300,0.3333333333333333,0.9666666666666667,158,65,0.8759305210918115,0.8894954507857734,142,62,0.7790322580645161,0.7989919354838709,10,3,1.0,0.7619047619047619,290,124,0.8304994170229304,0.8490818111154295
chat_0shot,microsoft_deberta-v2-xlarge-mnli,svamp,mistralai_Mistral-7B-Instruct-v0.3,43,squad_token_f1,300,35.54,33.259666666666675,35.0,0.5335869614155149,0.5714961055332943,0.8211471793255594,0.854283913376255,300,0.3443333333333334,0.9633333333333334,158,67,0.8564867967853043,0.8862555355092668,142,66,0.7782097288676236,0.8185805422647527,11,7,0.8571428571428571,0.8035714285714286,289,126,0.8248855779530626,0.8568263706300516
chat_0shot,microsoft_deberta-v2-xlarge-mnli,svamp,mistralai_Mistral-7B-Instruct-v0.3,43,llm_qwen2.5-72b,300,35.54,33.259666666666675,35.0,0.5387353902646546,0.5739330974877972,0.8152792082754915,0.8468272804621378,300,0.3443333333333334,0.9633333333333334,158,68,0.8666666666666667,0.8950980392156863,142,69,0.754715108199325,0.792833035537026,11,7,0.8571428571428571,0.8035714285714286,289,130,0.8184808901790034,0.8488872762457668
chat_0shot,microsoft_deberta-v2-xlarge-mnli,svamp,mistralai_Mistral-7B-Instruct-v0.3,43,llm_llama-3.1-70b,300,35.54,33.259666666666675,35.0,0.5301917584659323,0.5649621469694909,0.8187361167777324,0.8497438687157169,300,0.3443333333333334,0.9633333333333334,158,65,0.8567411083540116,0.8799834574028123,142,64,0.7731370192307693,0.81640625,11,7,0.8571428571428571,0.8035714285714286,289,122,0.822862471777756,0.8524590163934426
chat_0shot,microsoft_deberta-v2-xlarge-mnli,svamp,mistralai_Mistral-7B-Instruct-v0.3,44,squad_token_f1,300,35.25333333333333,33.111333333333334,35.0,0.518431936702032,0.5738626146376551,0.832808847329617,0.8490379428160403,300,0.34,0.9633333333333334,157,69,0.8780467720685112,0.8885869565217391,143,65,0.7809664694280078,0.8093688362919133,11,6,0.85,0.9,289,128,0.8318856754658385,0.8469526397515528
chat_0shot,microsoft_deberta-v2-xlarge-mnli,svamp,mistralai_Mistral-7B-Instruct-v0.3,44,llm_qwen2.5-72b,300,35.25333333333333,33.111333333333334,35.0,0.5227232062980856,0.5733360171765969,0.832662372517445,0.847468241188048,300,0.34,0.9633333333333334,157,70,0.8795566502463055,0.8902298850574712,143,68,0.7779411764705882,0.8029411764705883,11,6,0.85,0.9,289,132,0.8316685967959854,0.8453242617255357
chat_0shot,microsoft_deberta-v2-xlarge-mnli,svamp,mistralai_Mistral-7B-Instruct-v0.3,44,llm_llama-3.1-70b,300,35.25333333333333,33.111333333333334,35.0,0.5058252867310394,0.5618568384786256,0.8186907838070628,0.8401106124484338,300,0.34,0.9633333333333334,157,67,0.8680762852404643,0.884742951907131,143,62,0.7616487455197133,0.7950019912385504,11,6,0.85,0.9,289,123,0.8173180526985993,0.8374963267704966
chat_0shot,microsoft_deberta-v2-xlarge-mnli,triviaqa,meta-llama_Llama-3.1-70B-Instruct,42,squad_token_f1,378,52.804232804232804,47.98941798941799,47.5,0.9556714471968709,0.8165580182529335,0.6569752281616689,0.7421936114732725,378,0.062169312169312166,0.373015873015873,189,73,0.6067548417572036,0.6688710439300898,189,187,0.6122994652406417,0.7259358288770054,237,163,0.6318189354999171,0.7408389985077102,141,97,0.6940018744142455,0.744962511715089
chat_0shot,microsoft_deberta-v2-xlarge-mnli,triviaqa,meta-llama_Llama-3.1-70B-Instruct,42,llm_qwen2.5-72b,378,52.804232804232804,47.98941798941799,47.5,0.5622479995037528,0.534799330066373,0.7973450778487687,0.7352521555734756,378,0.062169312169312166,0.373015873015873,189,23,0.7456783656364588,0.7365112624410686,189,26,0.8551203397829165,0.7760736196319018,237,23,0.7712312068264933,0.694534741974807,141,26,0.8063545150501672,0.7657190635451505
chat_0shot,microsoft_deberta-v2-xlarge-mnli,triviaqa,meta-llama_Llama-3.1-70B-Instruct,42,llm_llama-3.1-70b,378,52.804232804232804,47.98941798941799,47.5,0.6196168263223657,0.5542690545605997,0.8221990837151187,0.7517700957934194,378,0.062169312169312166,0.373015873015873,189,13,0.8109702797202797,0.7530594405594405,189,22,0.8168209036472509,0.7498639085465433,237,18,0.7954084221207509,0.7252663622526636,141,17,0.8365749525616698,0.7720588235294118
chat_0shot,microsoft_deberta-v2-xlarge-mnli,triviaqa,meta-llama_Llama-3.1-70B-Instruct,43,squad_token_f1,378,50.851851851851855,48.28492063492064,44.5,0.9493384345608162,0.8406185238322972,0.6549976087996174,0.7397417503586801,378,0.05502645502645503,0.3492063492063492,189,68,0.6209893048128342,0.6812105007292173,189,187,0.48262032085561496,0.6443850267379679,246,162,0.6235302763080541,0.7326940035273368,132,93,0.7073338847532396,0.7555831265508685
chat_0shot,microsoft_deberta-v2-xlarge-mnli,triviaqa,meta-llama_Llama-3.1-70B-Instruct,43,llm_qwen2.5-72b,378,50.851851851851855,48.28492063492064,44.5,0.5595959595959596,0.528219696969697,0.7598800505050505,0.7094065656565657,378,0.05502645502645503,0.3492063492063492,189,24,0.6859848484848485,0.6598484848484848,189,24,0.8713383838383838,0.8210858585858586,246,26,0.7326048951048951,0.6727272727272727,132,22,0.7859504132231405,0.7407024793388429
chat_0shot,microsoft_deberta-v2-xlarge-mnli,triviaqa,meta-llama_Llama-3.1-70B-Instruct,43,llm_llama-3.1-70b,378,50.851851851851855,48.28492063492064,44.5,0.6005044459644323,0.551641586867305,0.800530095759234,0.7427753077975376,378,0.05502645502645503,0.3492063492063492,189,14,0.7481632653061224,0.6736734693877551,189,20,0.8497041420118343,0.8076923076923077,246,18,0.8101851851851852,0.714546783625731,132,16,0.7896012931034483,0.7642780172413793
chat_0shot,microsoft_deberta-v2-xlarge-mnli,triviaqa,meta-llama_Llama-3.1-70B-Instruct,44,squad_token_f1,378,50.47883597883598,48.162433862433865,45.0,0.9463414634146341,0.835852064402997,0.6565279770444763,0.7476327116212339,378,0.05952380952380952,0.3783068783068783,190,70,0.6383333333333333,0.7036309523809524,188,185,0.563963963963964,0.48558558558558557,235,159,0.6234690499834492,0.7430900364117842,143,96,0.7168661347517731,0.7574246453900709
chat_0shot,microsoft_deberta-v2-xlarge-mnli,triviaqa,meta-llama_Llama-3.1-70B-Instruct,44,llm_qwen2.5-72b,378,50.47883597883598,48.162433862433865,45.0,0.5325759559979046,0.5097564169722367,0.7566134101623887,0.6961760083813515,378,0.05952380952380952,0.3783068783068783,190,23,0.7076282218172351,0.6918771153345483,188,23,0.8268774703557312,0.733596837944664,235,27,0.7069978632478633,0.6665776353276354,143,19,0.8289473684210527,0.7347198641765704
chat_0shot,microsoft_deberta-v2-xlarge-mnli,triviaqa,meta-llama_Llama-3.1-70B-Instruct,44,llm_llama-3.1-70b,378,50.47883597883598,48.162433862433865,45.0,0.6154935443565182,0.5740524781341108,0.792128279883382,0.7198250728862974,378,0.05952380952380952,0.3783068783068783,190,13,0.8087787918296393,0.7518470230334637,188,22,0.7717688937568455,0.6736035049288062,235,18,0.7804659498207885,0.6995647721454173,143,17,0.8011204481792717,0.7355275443510738
chat_0shot,microsoft_deberta-v2-xlarge-mnli,triviaqa,meta-llama_Llama-3.1-8B-Instruct,42,squad_token_f1,378,823.3359788359788,117.02142857142857,1022.0,0.9969919786096256,0.7760695187165776,0.7239304812834224,0.7476604278074866,378,0.9679894179894181,1.0,190,186,0.7217741935483871,0.7338709677419355,188,188,,,0,0,,,378,374,0.7239304812834224,0.7476604278074866
chat_0shot,microsoft_deberta-v2-xlarge-mnli,triviaqa,meta-llama_Llama-3.1-8B-Instruct,42,llm_qwen2.5-72b,378,823.3359788359788,117.02142857142857,1022.0,0.4854891914654688,0.595013335204941,0.7650196518809658,0.6781829028635598,378,0.9679894179894181,1.0,190,55,0.7408080808080808,0.6602693602693602,188,49,0.7926882983409191,0.7005579210101307,0,0,,,378,104,0.7650196518809658,0.6781829028635598
chat_0shot,microsoft_deberta-v2-xlarge-mnli,triviaqa,meta-llama_Llama-3.1-8B-Instruct,42,llm_llama-3.1-70b,378,823.3359788359788,117.02142857142857,1022.0,0.4995299145299145,0.567991452991453,0.8028632478632478,0.7035683760683761,378,0.9679894179894181,1.0,190,40,0.7691666666666667,0.6945,188,38,0.8317543859649122,0.7139473684210527,0,0,,,378,78,0.8028632478632478,0.7035683760683761
chat_0shot,microsoft_deberta-v2-xlarge-mnli,triviaqa,meta-llama_Llama-3.1-8B-Instruct,43,squad_token_f1,378,823.5026455026455,118.6253968253968,1029.5,1.0,0.944,0.7897777777777778,0.9595555555555556,378,0.9724867724867725,1.0,189,186,0.739247311827957,0.9614695340501792,189,189,,,0,0,,,378,375,0.7897777777777778,0.9595555555555556
chat_0shot,microsoft_deberta-v2-xlarge-mnli,triviaqa,meta-llama_Llama-3.1-8B-Instruct,43,llm_qwen2.5-72b,378,823.5026455026455,118.6253968253968,1029.5,0.5612513873473918,0.5168562708102109,0.7229120421753608,0.6291620421753608,378,0.9724867724867725,1.0,189,49,0.7047376093294461,0.6166909620991253,189,57,0.735778841041999,0.6353003721424774,0,0,,,378,106,0.7229120421753608,0.6291620421753608
chat_0shot,microsoft_deberta-v2-xlarge-mnli,triviaqa,meta-llama_Llama-3.1-8B-Instruct,43,llm_llama-3.1-70b,378,823.5026455026455,118.6253968253968,1029.5,0.5719588926174497,0.5029781879194631,0.787101510067114,0.609123322147651,378,0.9724867724867725,1.0,189,33,0.7664141414141414,0.5917832167832168,189,47,0.7929277794426132,0.613425232244531,0,0,,,378,80,0.787101510067114,0.609123322147651
chat_0shot,microsoft_deberta-v2-xlarge-mnli,triviaqa,meta-llama_Llama-3.1-8B-Instruct,44,squad_token_f1,378,826.3359788359788,116.92063492063492,1012.5,0.9973333333333333,0.904,0.7271111111111112,0.8426666666666667,378,0.9674603174603176,1.0,189,186,0.7096774193548387,0.8279569892473119,189,189,,,0,0,,,378,375,0.7271111111111112,0.8426666666666667
chat_0shot,microsoft_deberta-v2-xlarge-mnli,triviaqa,meta-llama_Llama-3.1-8B-Instruct,44,llm_qwen2.5-72b,378,826.3359788359788,116.92063492063492,1012.5,0.5335310218978102,0.5526038742279619,0.7395950308815272,0.6873245367770915,378,0.9674603174603176,1.0,189,51,0.7415458937198067,0.7056692242114238,189,53,0.7384156492785794,0.6677302996670367,0,0,,,378,104,0.7395950308815272,0.6873245367770915
chat_0shot,microsoft_deberta-v2-xlarge-mnli,triviaqa,meta-llama_Llama-3.1-8B-Instruct,44,llm_llama-3.1-70b,378,826.3359788359788,116.92063492063492,1012.5,0.5011538461538462,0.5254700854700854,0.7632692307692308,0.6786965811965812,378,0.9674603174603176,1.0,189,40,0.7716442953020134,0.7083053691275167,189,38,0.7601951899616591,0.6457825026141513,0,0,,,378,78,0.7632692307692308,0.6786965811965812
chat_0shot,microsoft_deberta-v2-xlarge-mnli,triviaqa,mistralai_Mistral-7B-Instruct-v0.3,42,squad_token_f1,378,27.417989417989418,27.949206349206353,14.0,0.7968474395945908,0.7777948875885433,0.7497690175546659,0.8200996724248957,378,0.38492063492063494,0.9788359788359788,196,54,0.7608894105372979,0.7651278038601982,182,137,0.6737226277372262,0.7572587185725872,8,7,0.7857142857142857,0.9285714285714286,370,184,0.7520307386629266,0.8201554464703132
chat_0shot,microsoft_deberta-v2-xlarge-mnli,triviaqa,mistralai_Mistral-7B-Instruct-v0.3,42,llm_qwen2.5-72b,378,27.417989417989418,27.949206349206353,14.0,0.58903452685422,0.6490657857345837,0.826211281614095,0.7698387325944871,378,0.38492063492063494,0.9788359788359788,196,40,0.8418269230769231,0.817548076923077,182,62,0.7938844086021506,0.7026209677419355,8,3,0.9333333333333333,0.8,370,99,0.8238846024823885,0.7675649483767565
chat_0shot,microsoft_deberta-v2-xlarge-mnli,triviaqa,mistralai_Mistral-7B-Instruct-v0.3,42,llm_llama-3.1-70b,378,27.417989417989418,27.949206349206353,14.0,0.6086033950617284,0.6457947530864198,0.8370563271604938,0.7774112654320988,378,0.38492063492063494,0.9788359788359788,196,34,0.8631082062454611,0.8340595497458243,182,56,0.796343537414966,0.7040107709750567,8,3,0.9333333333333333,0.8,370,87,0.8351001177856302,0.7752731408147516
chat_0shot,microsoft_deberta-v2-xlarge-mnli,triviaqa,mistralai_Mistral-7B-Instruct-v0.3,43,squad_token_f1,378,26.904761904761905,27.6973544973545,13.5,0.7792087801327099,0.7806086737407957,0.758616345157768,0.808844527815886,378,0.3859788359788359,0.9814814814814815,189,56,0.7604726100966702,0.7579887218045113,189,135,0.7210562414266118,0.7637860082304527,7,5,0.6,0.5,371,186,0.761639058413252,0.8117698343504796
chat_0shot,microsoft_deberta-v2-xlarge-mnli,triviaqa,mistralai_Mistral-7B-Instruct-v0.3,43,llm_qwen2.5-72b,378,26.904761904761905,27.6973544973545,13.5,0.5768704379562044,0.6682692307692307,0.8484875070185289,0.8013229927007299,378,0.3859788359788359,0.9814814814814815,189,41,0.8277027027027027,0.8187211601845749,189,63,0.8611111111111112,0.7776518014613253,7,1,1.0,0.5,371,103,0.8480473844370381,0.8034705115200695
chat_0shot,microsoft_deberta-v2-xlarge-mnli,triviaqa,mistralai_Mistral-7B-Instruct-v0.3,43,llm_llama-3.1-70b,378,26.904761904761905,27.6973544973545,13.5,0.5869269949066214,0.6690435766836446,0.8723637049613281,0.8158460667798528,378,0.3859788359788359,0.9814814814814815,189,36,0.8728213507625272,0.8391430646332607,189,57,0.8722089314194578,0.7932615629984051,7,1,1.0,0.5,371,92,0.8720196353436185,0.8181198379304971
chat_0shot,microsoft_deberta-v2-xlarge-mnli,triviaqa,mistralai_Mistral-7B-Instruct-v0.3,44,squad_token_f1,378,26.214285714285715,27.22089947089947,13.0,0.7634468848050202,0.7643713581353653,0.7734760197220977,0.8315357463021067,378,0.394973544973545,0.9761904761904762,194,58,0.796526369168357,0.7981110547667343,184,126,0.7276272577996716,0.7959085933223864,9,9,,,369,175,0.7735640648011782,0.8318851251840943
chat_0shot,microsoft_deberta-v2-xlarge-mnli,triviaqa,mistralai_Mistral-7B-Instruct-v0.3,44,llm_qwen2.5-72b,378,26.214285714285715,27.22089947089947,13.0,0.5736089307517879,0.6498168498168498,0.861904761904762,0.7918018489447061,378,0.394973544973545,0.9761904761904762,194,44,0.8791666666666667,0.8293939393939394,184,61,0.8610555777688924,0.7788884446221511,9,5,0.75,0.85,369,100,0.8632342007434944,0.7903345724907063
chat_0shot,microsoft_deberta-v2-xlarge-mnli,triviaqa,mistralai_Mistral-7B-Instruct-v0.3,44,llm_llama-3.1-70b,378,26.214285714285715,27.22089947089947,13.0,0.5840640196040893,0.6384347359957117,0.8697974499368227,0.797220201401386,378,0.394973544973545,0.9761904761904762,194,37,0.8910311585470821,0.8320709244276123,184,54,0.8627492877492877,0.7843304843304844,9,3,0.6666666666666666,0.8333333333333334,369,88,0.873321740537043,0.7980022646392753
default_5shot,Qwen_Qwen2.5-72B-Instruct,nqopen,meta-llama_Llama-3.1-70B-Instruct,42,squad_token_f1,400,28.1425,21.028500000000005,13.0,0.5227517198248905,0.589068167604753,0.7370856785490932,0.7365978736710445,400,0.25375,0.895,222,103,0.6637839601860162,0.6898914905768132,178,92,0.8272876643073812,0.7997977755308392,42,19,0.6395881006864989,0.6567505720823799,358,176,0.748922952047952,0.7455513236763237
default_5shot,Qwen_Qwen2.5-72B-Instruct,nqopen,meta-llama_Llama-3.1-70B-Instruct,42,llm_qwen2.5-72b,400,28.1425,21.028500000000005,13.0,0.5444900924371853,0.6205691525338811,0.7669781307146972,0.7391843483053183,400,0.25375,0.895,222,99,0.6857189784019052,0.6856779173852344,178,92,0.8625505561172901,0.7976491405460061,42,17,0.6023529411764705,0.5964705882352941,358,174,0.7831865317341329,0.7536388055972014
default_5shot,Qwen_Qwen2.5-72B-Instruct,nqopen,meta-llama_Llama-3.1-70B-Instruct,42,llm_llama-3.1-70b,400,28.1425,21.028500000000005,13.0,0.5301203253722809,0.5734166688323501,0.7111021596195327,0.6830089139530653,400,0.25375,0.895,222,83,0.6549796307532287,0.6422380168154633,178,78,0.7696153846153846,0.7185897435897436,42,15,0.6111111111111112,0.6024691358024692,358,146,0.7208096407340399,0.6912962005686224
default_5shot,Qwen_Qwen2.5-72B-Instruct,nqopen,meta-llama_Llama-3.1-70B-Instruct,43,squad_token_f1,400,25.21,20.835500000000003,13.0,0.5213258286429018,0.584490306441526,0.7185240775484678,0.7364727954971857,400,0.24975000000000003,0.92,223,104,0.6690772462831286,0.7084276018099548,177,91,0.7765141834909277,0.7812420138001533,32,12,0.46875,0.5333333333333333,368,183,0.7313986117264806,0.750391374981539
default_5shot,Qwen_Qwen2.5-72B-Instruct,nqopen,meta-llama_Llama-3.1-70B-Instruct,43,llm_qwen2.5-72b,400,25.21,20.835500000000003,13.0,0.526592943654555,0.5942099852052458,0.740138920233707,0.727952054966273,400,0.24975000000000003,0.92,223,101,0.7181464048044148,0.7166856029865282,177,88,0.7681307456588355,0.7438712972420838,32,11,0.6753246753246753,0.6861471861471862,368,178,0.7387492607924305,0.728474275576582
default_5shot,Qwen_Qwen2.5-72B-Instruct,nqopen,meta-llama_Llama-3.1-70B-Instruct,43,llm_llama-3.1-70b,400,25.21,20.835500000000003,13.0,0.5094886110455821,0.5716626038635947,0.6845823176325654,0.6842284605908102,400,0.24975000000000003,0.92,223,84,0.6849948612538541,0.6786142514559781,177,73,0.6851290832455216,0.6918466807165438,32,10,0.6181818181818182,0.6295454545454545,368,147,0.6860282574568289,0.6880290577769569
default_5shot,Qwen_Qwen2.5-72B-Instruct,nqopen,meta-llama_Llama-3.1-70B-Instruct,44,squad_token_f1,400,26.6925,20.652749999999997,13.0,0.5238898889888989,0.6305255525552556,0.7412866286628663,0.7584758475847585,400,0.2585,0.915,222,105,0.7043549043549043,0.7354090354090355,178,93,0.7925996204933586,0.7976597090449082,34,15,0.7333333333333333,0.7596491228070176,366,183,0.7420346979605243,0.7624145241721162
default_5shot,Qwen_Qwen2.5-72B-Instruct,nqopen,meta-llama_Llama-3.1-70B-Instruct,44,llm_qwen2.5-72b,400,26.6925,20.652749999999997,13.0,0.5312883589268268,0.6378165785716075,0.746937548535785,0.7301285102332222,400,0.2585,0.915,222,101,0.7002291138204729,0.7087799689059815,178,90,0.810479797979798,0.7633838383838384,34,13,0.76007326007326,0.7380952380952381,366,178,0.7422752808988764,0.7277671527611762
default_5shot,Qwen_Qwen2.5-72B-Instruct,nqopen,meta-llama_Llama-3.1-70B-Instruct,44,llm_llama-3.1-70b,400,26.6925,20.652749999999997,13.0,0.5068895326078446,0.599728594169994,0.7044025157232704,0.6789843158746314,400,0.2585,0.915,222,85,0.6822670674109059,0.6687419493344783,178,74,0.7347323284823285,0.6961408523908524,34,13,0.76007326007326,0.7380952380952381,366,146,0.6990037359900374,0.6766189290161893
default_5shot,Qwen_Qwen2.5-72B-Instruct,nqopen,meta-llama_Llama-3.1-8B-Instruct,42,squad_token_f1,400,17.2625,22.94675,12.0,0.5079925984939991,0.6145305954614376,0.7658759733751381,0.7624193672740356,400,0.9997499999999999,1.0,221,128,0.7312668010752689,0.7313088037634409,179,105,0.8108108108108109,0.805984555984556,0,0,,,400,233,0.7658759733751381,0.7624193672740356
default_5shot,Qwen_Qwen2.5-72B-Instruct,nqopen,meta-llama_Llama-3.1-8B-Instruct,42,llm_qwen2.5-72b,400,17.2625,22.94675,12.0,0.4911259225210041,0.5967849025766746,0.7743302944406139,0.7437753773078986,400,0.9997499999999999,1.0,221,128,0.7557543682795699,0.7221522177419355,179,101,0.8065498857578065,0.7797664381822798,0,0,,,400,229,0.7743302944406139,0.7437753773078986
default_5shot,Qwen_Qwen2.5-72B-Instruct,nqopen,meta-llama_Llama-3.1-8B-Instruct,42,llm_llama-3.1-70b,400,17.2625,22.94675,12.0,0.486140350877193,0.581328320802005,0.7539849624060151,0.7240726817042606,400,0.9997499999999999,1.0,221,118,0.7502468323185782,0.7174592726674346,179,92,0.7691779110444777,0.7420039980009995,0,0,,,400,210,0.7539849624060151,0.7240726817042606
default_5shot,Qwen_Qwen2.5-72B-Instruct,nqopen,meta-llama_Llama-3.1-8B-Instruct,43,squad_token_f1,400,19.1325,22.95475,12.0,0.5143165024630542,0.6328253284072249,0.7860093390804598,0.7840465927750411,400,1.0,1.0,216,123,0.7627414983827258,0.7680741323542267,184,109,0.8128440366972477,0.8079510703363915,0,0,,,400,232,0.7860093390804598,0.7840465927750411
default_5shot,Qwen_Qwen2.5-72B-Instruct,nqopen,meta-llama_Llama-3.1-8B-Instruct,43,llm_qwen2.5-72b,400,19.1325,22.95475,12.0,0.5049312728119904,0.6219745800005178,0.8051047086536719,0.7896507985814502,400,1.0,1.0,216,128,0.7899058948863636,0.7772549715909091,184,109,0.8239755351681958,0.8120489296636085,0,0,,,400,237,0.8051047086536719,0.7896507985814502
default_5shot,Qwen_Qwen2.5-72B-Instruct,nqopen,meta-llama_Llama-3.1-8B-Instruct,43,llm_llama-3.1-70b,400,19.1325,22.95475,12.0,0.49386541549578483,0.5839522280208751,0.7676761340826977,0.7391986150140506,400,1.0,1.0,216,115,0.7765820060266896,0.7548859233749462,184,97,0.7571987202275151,0.7241379310344828,0,0,,,400,212,0.7676761340826977,0.7391986150140506
default_5shot,Qwen_Qwen2.5-72B-Instruct,nqopen,meta-llama_Llama-3.1-8B-Instruct,44,squad_token_f1,400,19.92,23.74,12.0,0.5033097290640394,0.6614070197044335,0.7656121715927751,0.7780300697865353,400,1.0,1.0,218,126,0.7453416149068323,0.7669082125603864,182,106,0.7956181727904668,0.8033763654419066,0,0,,,400,232,0.7656121715927751,0.7780300697865353
default_5shot,Qwen_Qwen2.5-72B-Instruct,nqopen,meta-llama_Llama-3.1-8B-Instruct,44,llm_qwen2.5-72b,400,19.92,23.74,12.0,0.5020364251133482,0.6516944593867671,0.7981249519711058,0.7824995517303209,400,1.0,1.0,218,127,0.779181448472787,0.7695336159903089,182,104,0.8269847140039448,0.8084935897435898,0,0,,,400,231,0.7981249519711058,0.7824995517303209
default_5shot,Qwen_Qwen2.5-72B-Instruct,nqopen,meta-llama_Llama-3.1-8B-Instruct,44,llm_llama-3.1-70b,400,19.92,23.74,12.0,0.48220319891867536,0.6263172386173061,0.7647368025831643,0.7416209857074917,400,1.0,1.0,218,116,0.7678752535496958,0.7622549019607843,182,91,0.7724912450187176,0.7308899891317474,0,0,,,400,207,0.7647368025831643,0.7416209857074917
default_5shot,Qwen_Qwen2.5-72B-Instruct,nqopen,mistralai_Mistral-7B-Instruct-v0.3,42,squad_token_f1,400,20.48,20.68625,13.0,0.50536,0.55568,0.7585466666666667,0.7465333333333334,400,1.0,1.0,227,138,0.7340009770395701,0.7233349617326168,173,112,0.7870316159250585,0.7767125292740047,0,0,,,400,250,0.7585466666666667,0.7465333333333334
default_5shot,Qwen_Qwen2.5-72B-Instruct,nqopen,mistralai_Mistral-7B-Instruct-v0.3,42,llm_qwen2.5-72b,400,20.48,20.68625,13.0,0.5192697768762677,0.6004056795131846,0.792265043948614,0.7635294117647059,400,1.0,1.0,227,140,0.7705254515599343,0.7617816091954023,173,115,0.8176911544227886,0.7679160419790105,0,0,,,400,255,0.792265043948614,0.7635294117647059
default_5shot,Qwen_Qwen2.5-72B-Instruct,nqopen,mistralai_Mistral-7B-Instruct-v0.3,42,llm_llama-3.1-70b,400,20.48,20.68625,13.0,0.4937882630190322,0.5490919337073183,0.753720638336023,0.719498450267681,400,1.0,1.0,227,130,0.7729183187946075,0.7521808088818398,173,101,0.729441694169417,0.6841996699669967,0,0,,,400,231,0.753720638336023,0.719498450267681
default_5shot,Qwen_Qwen2.5-72B-Instruct,nqopen,mistralai_Mistral-7B-Instruct-v0.3,43,squad_token_f1,400,18.68,20.555,12.0,0.5085714285714286,0.5630678077682686,0.752916392363397,0.7382225148123766,400,0.9995,1.0,202,126,0.72874895572264,0.7028508771929824,198,119,0.7775768535262206,0.7801829592596532,0,0,,,400,245,0.752916392363397,0.7382225148123766
default_5shot,Qwen_Qwen2.5-72B-Instruct,nqopen,mistralai_Mistral-7B-Instruct-v0.3,43,llm_qwen2.5-72b,400,18.68,20.555,12.0,0.51608,0.5772133333333334,0.7706933333333333,0.7395066666666666,400,0.9995,1.0,202,128,0.7688978040540541,0.751002956081081,198,122,0.7720017256255393,0.7353321829163072,0,0,,,400,250,0.7706933333333333,0.7395066666666666
default_5shot,Qwen_Qwen2.5-72B-Instruct,nqopen,mistralai_Mistral-7B-Instruct-v0.3,43,llm_llama-3.1-70b,400,18.68,20.555,12.0,0.47857777777777777,0.5324698412698413,0.7353650793650793,0.6889650793650793,400,0.9995,1.0,202,120,0.7751016260162602,0.7553861788617886,198,105,0.7014848950332822,0.6377880184331797,0,0,,,400,225,0.7353650793650793,0.6889650793650793
default_5shot,Qwen_Qwen2.5-72B-Instruct,nqopen,mistralai_Mistral-7B-Instruct-v0.3,44,squad_token_f1,400,19.905,21.39575,12.0,0.4945225053584187,0.5585324548172845,0.7642163478076791,0.7473340213278293,400,0.9995,1.0,203,128,0.7407291666666667,0.7163020833333333,197,119,0.7849601379013144,0.7805968541262659,0,0,,,400,247,0.7642163478076791,0.7473340213278293
default_5shot,Qwen_Qwen2.5-72B-Instruct,nqopen,mistralai_Mistral-7B-Instruct-v0.3,44,llm_qwen2.5-72b,400,19.905,21.39575,12.0,0.515581726761851,0.5751929230190099,0.7810222903390606,0.7509209217283751,400,0.9995,1.0,203,128,0.7741145833333334,0.7458333333333333,197,125,0.7842777777777777,0.7566666666666667,0,0,,,400,253,0.7810222903390606,0.7509209217283751
default_5shot,Qwen_Qwen2.5-72B-Instruct,nqopen,mistralai_Mistral-7B-Instruct-v0.3,44,llm_llama-3.1-70b,400,19.905,21.39575,12.0,0.4812711670189198,0.5310152529856638,0.7411066690433145,0.7051131878485396,400,0.9995,1.0,203,119,0.7753101240496199,0.7439975990396158,197,108,0.7092176446109031,0.670672076570953,0,0,,,400,227,0.7411066690433145,0.7051131878485396
default_5shot,Qwen_Qwen2.5-72B-Instruct,svamp,meta-llama_Llama-3.1-70B-Instruct,42,squad_token_f1,300,2.42,3.141333333333333,2.0,0.6208918178705922,0.6077541937692571,0.8526617596713454,0.8583960972269771,300,0.2896666666666667,0.9066666666666666,224,30,0.856615120274914,0.8601374570446736,76,16,0.8338541666666667,0.84375,28,7,0.7380952380952381,0.7380952380952381,272,39,0.8719049191152195,0.8779024980741719
default_5shot,Qwen_Qwen2.5-72B-Instruct,svamp,meta-llama_Llama-3.1-70B-Instruct,42,llm_qwen2.5-72b,300,2.42,3.141333333333333,2.0,0.5754132231404959,0.6038401253918495,0.8221359361641494,0.8183599316044458,300,0.2896666666666667,0.9066666666666666,224,40,0.837296195652174,0.8264945652173913,76,18,0.782088122605364,0.7940613026819924,28,9,0.6578947368421053,0.6578947368421053,272,49,0.8489063786949758,0.8437814587718495
default_5shot,Qwen_Qwen2.5-72B-Instruct,svamp,meta-llama_Llama-3.1-70B-Instruct,42,llm_llama-3.1-70b,300,2.42,3.141333333333333,2.0,0.5888907577159196,0.6053317635186275,0.8399209486166008,0.8451349760322934,300,0.2896666666666667,0.9066666666666666,224,33,0.8523718864033,0.8569728700618753,76,14,0.8076036866359447,0.8110599078341014,28,7,0.6258503401360545,0.6258503401360545,272,40,0.8735452586206897,0.8785021551724138
default_5shot,Qwen_Qwen2.5-72B-Instruct,svamp,meta-llama_Llama-3.1-70B-Instruct,43,squad_token_f1,300,2.4833333333333334,3.2556666666666665,2.0,0.6228249289772727,0.6052024147727273,0.8560458096590909,0.8624822443181818,300,0.28,0.89,224,28,0.8621537900874635,0.8646137026239067,76,16,0.8244791666666667,0.8416666666666667,33,6,0.9691358024691358,0.9691358024691358,267,38,0.8360721673178579,0.8435417145483797
default_5shot,Qwen_Qwen2.5-72B-Instruct,svamp,meta-llama_Llama-3.1-70B-Instruct,43,llm_qwen2.5-72b,300,2.4833333333333334,3.2556666666666665,2.0,0.5753439695550351,0.583101580796253,0.8147321428571429,0.8200746487119438,300,0.28,0.89,224,38,0.8282399547255235,0.8283814374646293,76,18,0.7725095785440613,0.7911877394636015,33,8,0.835,0.835,267,48,0.8098839421613394,0.8160197869101978
default_5shot,Qwen_Qwen2.5-72B-Instruct,svamp,meta-llama_Llama-3.1-70B-Instruct,43,llm_llama-3.1-70b,300,2.4833333333333334,3.2556666666666665,2.0,0.5895424836601307,0.5823093681917212,0.842875816993464,0.847755991285403,300,0.28,0.89,224,31,0.8569279625605883,0.8583486545211433,76,14,0.8018433179723502,0.8122119815668203,33,7,0.8928571428571429,0.8928571428571429,267,38,0.8321075614801196,0.8378533670420593
default_5shot,Qwen_Qwen2.5-72B-Instruct,svamp,meta-llama_Llama-3.1-70B-Instruct,44,squad_token_f1,300,2.473333333333333,3.118333333333333,2.0,0.6105010893246188,0.5822222222222222,0.8363834422657952,0.8516339869281045,300,0.2773333333333333,0.8866666666666667,224,30,0.8573883161512027,0.8609965635738832,76,15,0.7912568306010929,0.8262295081967214,34,8,0.7620192307692307,0.8197115384615384,266,37,0.8442700342263662,0.8491679452378142
default_5shot,Qwen_Qwen2.5-72B-Instruct,svamp,meta-llama_Llama-3.1-70B-Instruct,44,llm_qwen2.5-72b,300,2.473333333333333,3.118333333333333,2.0,0.565988015305754,0.5708613096527326,0.7970543643058263,0.809400043318172,300,0.2773333333333333,0.8866666666666667,224,40,0.8239809782608696,0.8260869565217391,76,17,0.7387836490528414,0.7716849451645065,34,9,0.76,0.8155555555555556,266,48,0.7964449541284404,0.8000286697247706
default_5shot,Qwen_Qwen2.5-72B-Instruct,svamp,meta-llama_Llama-3.1-70B-Instruct,44,llm_llama-3.1-70b,300,2.473333333333333,3.118333333333333,2.0,0.588554368850391,0.5703893701118493,0.832099907493062,0.8460179968043058,300,0.2773333333333333,0.8866666666666667,224,33,0.8557036331905442,0.8582421069332065,76,14,0.7857142857142857,0.8225806451612904,34,8,0.7620192307692307,0.8197115384615384,266,39,0.8390376143680108,0.8428216423811138
default_5shot,Qwen_Qwen2.5-72B-Instruct,svamp,meta-llama_Llama-3.1-8B-Instruct,42,squad_token_f1,300,2.1033333333333335,2.1990000000000003,2.0,0.528275,0.563225,0.8685,0.869775,300,1.0,1.0,222,71,0.8765040574573267,0.8768771569816248,78,29,0.8462350457424349,0.8494018296973962,0,0,,,300,100,0.8685,0.869775
default_5shot,Qwen_Qwen2.5-72B-Instruct,svamp,meta-llama_Llama-3.1-8B-Instruct,42,llm_qwen2.5-72b,300,2.1033333333333335,2.1990000000000003,2.0,0.5038095238095238,0.5511843711843711,0.8663736263736264,0.867985347985348,300,1.0,1.0,222,76,0.8756759192501803,0.8764870223503965,78,29,0.8462350457424349,0.8494018296973962,0,0,,,300,105,0.8663736263736264,0.867985347985348
default_5shot,Qwen_Qwen2.5-72B-Instruct,svamp,meta-llama_Llama-3.1-8B-Instruct,42,llm_llama-3.1-70b,300,2.1033333333333335,2.1990000000000003,2.0,0.5164,0.552875,0.87485,0.87595,300,1.0,1.0,222,72,0.8785185185185185,0.8787962962962963,78,28,0.8667857142857143,0.8692857142857143,0,0,,,300,100,0.87485,0.87595
default_5shot,Qwen_Qwen2.5-72B-Instruct,svamp,meta-llama_Llama-3.1-8B-Instruct,43,squad_token_f1,300,2.1133333333333333,2.2896666666666667,2.0,0.54555,0.60945,0.887775,0.88855,300,1.0,1.0,221,68,0.8803825451749328,0.8814878892733564,79,32,0.9148936170212766,0.9125664893617021,0,0,,,300,100,0.887775,0.88855
default_5shot,Qwen_Qwen2.5-72B-Instruct,svamp,meta-llama_Llama-3.1-8B-Instruct,43,llm_qwen2.5-72b,300,2.1133333333333333,2.2896666666666667,2.0,0.5206837606837607,0.5893040293040293,0.8866422466422467,0.8875946275946276,300,1.0,1.0,221,73,0.8797667530544243,0.8810162902628657,79,32,0.9148936170212766,0.9125664893617021,0,0,,,300,105,0.8866422466422467,0.8875946275946276
default_5shot,Qwen_Qwen2.5-72B-Instruct,svamp,meta-llama_Llama-3.1-8B-Instruct,43,llm_llama-3.1-70b,300,2.1133333333333333,2.2896666666666667,2.0,0.533725,0.5998,0.895425,0.8961,300,1.0,1.0,221,69,0.8839626239511823,0.8850591151792525,79,31,0.9351478494623656,0.9321236559139785,0,0,,,300,100,0.895425,0.8961
default_5shot,Qwen_Qwen2.5-72B-Instruct,svamp,meta-llama_Llama-3.1-8B-Instruct,44,squad_token_f1,300,2.1133333333333333,2.2796666666666665,2.0,0.53705,0.595725,0.880725,0.88495,300,1.0,1.0,221,70,0.8745033112582782,0.878240302743614,79,30,0.9034013605442177,0.9081632653061225,0,0,,,300,100,0.880725,0.88495
default_5shot,Qwen_Qwen2.5-72B-Instruct,svamp,meta-llama_Llama-3.1-8B-Instruct,44,llm_qwen2.5-72b,300,2.1133333333333333,2.2796666666666665,2.0,0.5123809523809524,0.5803663003663003,0.8815384615384615,0.8842002442002442,300,1.0,1.0,221,75,0.8773059360730594,0.8787671232876713,79,30,0.9034013605442177,0.9081632653061225,0,0,,,300,105,0.8815384615384615,0.8842002442002442
default_5shot,Qwen_Qwen2.5-72B-Instruct,svamp,meta-llama_Llama-3.1-8B-Instruct,44,llm_llama-3.1-70b,300,2.1133333333333333,2.2796666666666665,2.0,0.525225,0.585875,0.887125,0.89135,300,1.0,1.0,221,71,0.8765727699530517,0.88037558685446,79,29,0.9237931034482758,0.9279310344827586,0,0,,,300,100,0.887125,0.89135
default_5shot,Qwen_Qwen2.5-72B-Instruct,svamp,mistralai_Mistral-7B-Instruct-v0.3,42,squad_token_f1,300,3.296666666666667,6.494,2.0,0.5990275088919904,0.6174418081130971,0.8600693350141821,0.8586060960785197,300,0.9660000000000001,1.0,190,78,0.8460966117216118,0.8511332417582418,110,55,0.8887603305785124,0.8791735537190083,0,0,,,300,133,0.8600693350141821,0.8586060960785197
default_5shot,Qwen_Qwen2.5-72B-Instruct,svamp,mistralai_Mistral-7B-Instruct-v0.3,42,llm_qwen2.5-72b,300,3.296666666666667,6.494,2.0,0.5886868686868687,0.6173288439955107,0.8609652076318743,0.8583838383838384,300,0.9660000000000001,1.0,190,80,0.848125,0.8518181818181818,110,55,0.8887603305785124,0.8791735537190083,0,0,,,300,135,0.8609652076318743,0.8583838383838384
default_5shot,Qwen_Qwen2.5-72B-Instruct,svamp,mistralai_Mistral-7B-Instruct-v0.3,42,llm_llama-3.1-70b,300,3.296666666666667,6.494,2.0,0.5873891315114133,0.6087974427085678,0.8575930845076764,0.8564675160956283,300,0.9660000000000001,1.0,190,79,0.8479302086897024,0.8518075037062379,110,54,0.8845899470899471,0.87880291005291,0,0,,,300,133,0.8575930845076764,0.8564675160956283
default_5shot,Qwen_Qwen2.5-72B-Instruct,svamp,mistralai_Mistral-7B-Instruct-v0.3,43,squad_token_f1,300,3.58,5.918,2.0,0.6046778623204718,0.5978569177434604,0.8493539237314844,0.8491738327855567,300,0.9606666666666668,1.0,184,73,0.8335801554979637,0.8345674441564852,116,60,0.8770833333333333,0.8708333333333333,0,0,,,300,133,0.8493539237314844,0.8491738327855567
default_5shot,Qwen_Qwen2.5-72B-Instruct,svamp,mistralai_Mistral-7B-Instruct-v0.3,43,llm_qwen2.5-72b,300,3.58,5.918,2.0,0.5942312008978675,0.6040628507295174,0.8525476992143659,0.8488215488215488,300,0.9606666666666668,1.0,184,75,0.8407951070336391,0.8355351681957186,116,60,0.8770833333333333,0.8708333333333333,0,0,,,300,135,0.8525476992143659,0.8488215488215488
default_5shot,Qwen_Qwen2.5-72B-Instruct,svamp,mistralai_Mistral-7B-Instruct-v0.3,43,llm_llama-3.1-70b,300,3.58,5.918,2.0,0.5930394849398947,0.5966413038584485,0.8485885372112917,0.8459997298635811,300,0.9606666666666668,1.0,184,74,0.8405405405405405,0.8372235872235873,116,59,0.8700564971751412,0.8636633957775796,0,0,,,300,133,0.8485885372112917,0.8459997298635811
default_5shot,Qwen_Qwen2.5-72B-Instruct,svamp,mistralai_Mistral-7B-Instruct-v0.3,44,squad_token_f1,300,3.566666666666667,5.737,2.0,0.601257014590348,0.6510437710437711,0.8568125701459035,0.8617732884399552,300,0.9596666666666666,1.0,188,77,0.8341523341523341,0.8488943488943489,112,58,0.8820242656449553,0.8812260536398467,0,0,,,300,135,0.8568125701459035,0.8617732884399552
default_5shot,Qwen_Qwen2.5-72B-Instruct,svamp,mistralai_Mistral-7B-Instruct-v0.3,44,llm_qwen2.5-72b,300,3.566666666666667,5.737,2.0,0.5909721911244459,0.6454256414849313,0.8564103712328154,0.8613810398101294,300,0.9596666666666666,1.0,188,79,0.83422366740216,0.8493787016606665,112,58,0.8820242656449553,0.8812260536398467,0,0,,,300,137,0.8564103712328154,0.8613810398101294
default_5shot,Qwen_Qwen2.5-72B-Instruct,svamp,mistralai_Mistral-7B-Instruct-v0.3,44,llm_llama-3.1-70b,300,3.566666666666667,5.737,2.0,0.5848768207156986,0.6420607804351736,0.8539381406221902,0.8579841755080022,300,0.9596666666666666,1.0,188,78,0.8393939393939394,0.8510489510489511,112,56,0.8713329081632653,0.8748405612244898,0,0,,,300,134,0.8539381406221902,0.8579841755080022
default_5shot,Qwen_Qwen2.5-72B-Instruct,triviaqa,meta-llama_Llama-3.1-70B-Instruct,42,squad_token_f1,378,9.206349206349206,9.28095238095238,9.0,0.5444644060184145,0.5581181226139681,0.7172467999101729,0.74455423310128,378,0.9711640211640212,1.0,225,37,0.6497268545140885,0.6772570442783209,153,36,0.7799145299145299,0.8054368471035138,0,0,,,378,73,0.7172467999101729,0.74455423310128
default_5shot,Qwen_Qwen2.5-72B-Instruct,triviaqa,meta-llama_Llama-3.1-70B-Instruct,42,llm_qwen2.5-72b,378,9.206349206349206,9.28095238095238,9.0,0.5981638856150363,0.6234724892996713,0.8228707896532473,0.8088518082004839,378,0.9711640211640212,1.0,225,21,0.7414799253034547,0.7218720821661998,153,28,0.873,0.8657142857142858,0,0,,,378,49,0.8228707896532473,0.8088518082004839
default_5shot,Qwen_Qwen2.5-72B-Instruct,triviaqa,meta-llama_Llama-3.1-70B-Instruct,42,llm_llama-3.1-70b,378,9.206349206349206,9.28095238095238,9.0,0.5999560825647782,0.6324110671936759,0.9193236714975845,0.9115942028985508,378,0.9711640211640212,1.0,225,13,0.9114658925979681,0.8677431059506531,153,20,0.9167293233082707,0.9343984962406015,0,0,,,378,33,0.9193236714975845,0.9115942028985508
default_5shot,Qwen_Qwen2.5-72B-Instruct,triviaqa,meta-llama_Llama-3.1-70B-Instruct,43,squad_token_f1,378,9.28042328042328,9.414285714285715,9.0,0.5502533783783784,0.6040851706970128,0.7132379089615932,0.7516002844950214,378,0.9746031746031746,1.0,225,37,0.6381541115583669,0.70299022426682,153,37,0.7854147250698975,0.7922879776328052,0,0,,,378,74,0.7132379089615932,0.7516002844950214
default_5shot,Qwen_Qwen2.5-72B-Instruct,triviaqa,meta-llama_Llama-3.1-70B-Instruct,43,llm_qwen2.5-72b,378,9.28042328042328,9.414285714285715,9.0,0.6052134146341464,0.6691768292682927,0.8158536585365853,0.8123170731707318,378,0.9746031746031746,1.0,225,21,0.7336601307189542,0.7426470588235294,153,29,0.868047830923248,0.8542825361512792,0,0,,,378,50,0.8158536585365853,0.8123170731707318
default_5shot,Qwen_Qwen2.5-72B-Instruct,triviaqa,meta-llama_Llama-3.1-70B-Instruct,43,llm_llama-3.1-70b,378,9.28042328042328,9.414285714285715,9.0,0.6106361149110807,0.6946819425444597,0.9123632010943913,0.9068057455540356,378,0.9746031746031746,1.0,225,13,0.8867924528301887,0.8642960812772134,153,21,0.9182900432900433,0.9226190476190477,0,0,,,378,34,0.9123632010943913,0.9068057455540356
default_5shot,Qwen_Qwen2.5-72B-Instruct,triviaqa,meta-llama_Llama-3.1-70B-Instruct,44,squad_token_f1,378,9.26984126984127,9.293915343915344,9.0,0.5536413641364136,0.5777117711771177,0.6971617161716172,0.7433003300330033,378,0.9748677248677249,1.0,225,37,0.6060235767682576,0.6721535365152387,153,38,0.7832951945080091,0.8062929061784897,0,0,,,378,75,0.6971617161716172,0.7433003300330033
default_5shot,Qwen_Qwen2.5-72B-Instruct,triviaqa,meta-llama_Llama-3.1-70B-Instruct,44,llm_qwen2.5-72b,378,9.26984126984127,9.293915343915344,9.0,0.6087425796006476,0.6305690471907417,0.8074593751873839,0.8035617916891528,378,0.9748677248677249,1.0,225,21,0.7160364145658263,0.6947945845004668,153,30,0.8653116531165311,0.8707317073170732,0,0,,,378,51,0.8074593751873839,0.8035617916891528
default_5shot,Qwen_Qwen2.5-72B-Instruct,triviaqa,meta-llama_Llama-3.1-70B-Instruct,44,llm_llama-3.1-70b,378,9.26984126984127,9.293915343915344,9.0,0.6011456908344733,0.6471015731874145,0.8971443228454172,0.8908601231190151,378,0.9748677248677249,1.0,225,13,0.8711901306240929,0.8316400580551524,153,21,0.9053030303030303,0.9157647907647908,0,0,,,378,34,0.8971443228454172,0.8908601231190151
default_5shot,Qwen_Qwen2.5-72B-Instruct,triviaqa,meta-llama_Llama-3.1-8B-Instruct,42,squad_token_f1,378,8.894179894179894,9.646031746031746,8.0,0.4593287387582285,0.536004573971629,0.7933986463516395,0.8115554594060018,378,1.0,1.0,202,76,0.7997598162071846,0.8175647451963242,176,55,0.8064613072877536,0.8304282494365139,0,0,,,378,131,0.7933986463516395,0.8115554594060018
default_5shot,Qwen_Qwen2.5-72B-Instruct,triviaqa,meta-llama_Llama-3.1-8B-Instruct,42,llm_qwen2.5-72b,378,8.894179894179894,9.646031746031746,8.0,0.49187286127928403,0.5713181100289549,0.8689951302974467,0.8526256909713082,378,1.0,1.0,202,64,0.8684329710144928,0.8471467391304348,176,52,0.8825217121588089,0.8760856079404467,0,0,,,378,116,0.8689951302974467,0.8526256909713082
default_5shot,Qwen_Qwen2.5-72B-Instruct,triviaqa,meta-llama_Llama-3.1-8B-Instruct,42,llm_llama-3.1-70b,378,8.894179894179894,9.646031746031746,8.0,0.4702685421994885,0.5663363171355499,0.8958333333333334,0.8754617789144643,378,1.0,1.0,202,58,0.9040948275862069,0.8852370689655172,176,44,0.9065943526170799,0.8884297520661157,0,0,,,378,102,0.8958333333333334,0.8754617789144643
default_5shot,Qwen_Qwen2.5-72B-Instruct,triviaqa,meta-llama_Llama-3.1-8B-Instruct,43,squad_token_f1,378,8.817460317460318,9.899206349206349,8.0,0.4570263003368668,0.5348919862780851,0.7606854776400779,0.7808665821924159,378,1.0,1.0,205,78,0.770644054108621,0.7956793862305673,173,53,0.765251572327044,0.7848270440251572,0,0,,,378,131,0.7606854776400779,0.7808665821924159
default_5shot,Qwen_Qwen2.5-72B-Instruct,triviaqa,meta-llama_Llama-3.1-8B-Instruct,43,llm_qwen2.5-72b,378,8.817460317460318,9.899206349206349,8.0,0.4833316959753741,0.5602056521596751,0.8408979271048237,0.8393260634639945,378,1.0,1.0,205,67,0.8367942894224529,0.8314947004109885,173,50,0.8576422764227642,0.863739837398374,0,0,,,378,117,0.8408979271048237,0.8393260634639945
default_5shot,Qwen_Qwen2.5-72B-Instruct,triviaqa,meta-llama_Llama-3.1-8B-Instruct,43,llm_llama-3.1-70b,378,8.817460317460318,9.899206349206349,8.0,0.460864960282436,0.5542100617828774,0.85477493380406,0.8497263901147396,378,1.0,1.0,205,61,0.8541666666666666,0.8506944444444444,173,42,0.8736822973464194,0.8697746274082152,0,0,,,378,103,0.85477493380406,0.8497263901147396
default_5shot,Qwen_Qwen2.5-72B-Instruct,triviaqa,meta-llama_Llama-3.1-8B-Instruct,44,squad_token_f1,378,8.878306878306878,9.677513227513229,8.0,0.4684921346231109,0.524677813147078,0.7686126649565782,0.7794449423617764,378,1.0,1.0,203,75,0.7841666666666667,0.7868229166666667,175,56,0.7711584633853541,0.7979441776710684,0,0,,,378,131,0.7686126649565782,0.7794449423617764
default_5shot,Qwen_Qwen2.5-72B-Instruct,triviaqa,meta-llama_Llama-3.1-8B-Instruct,44,llm_qwen2.5-72b,378,8.878306878306878,9.677513227513229,8.0,0.4903757567780995,0.5636845222426955,0.843791129244538,0.8343972097920506,378,1.0,1.0,203,64,0.8565085431654677,0.8372302158273381,175,52,0.8442776735459663,0.850609756097561,0,0,,,378,116,0.843791129244538,0.8343972097920506
default_5shot,Qwen_Qwen2.5-72B-Instruct,triviaqa,meta-llama_Llama-3.1-8B-Instruct,44,llm_llama-3.1-70b,378,8.878306878306878,9.677513227513229,8.0,0.4686700767263427,0.5532289002557544,0.873969877806195,0.8560315430520035,378,1.0,1.0,203,58,0.8821046373365041,0.863614744351962,175,44,0.8861901457321305,0.8739590562109646,0,0,,,378,102,0.873969877806195,0.8560315430520035
default_5shot,Qwen_Qwen2.5-72B-Instruct,triviaqa,mistralai_Mistral-7B-Instruct-v0.3,42,squad_token_f1,378,9.296296296296296,9.588359788359789,8.0,0.5109940872135994,0.5324741315594974,0.7535723084503573,0.7473361665434837,378,1.0,1.0,194,66,0.7105823863636364,0.6970288825757576,184,66,0.8056625577812019,0.8018746789933231,0,0,,,378,132,0.7535723084503573,0.7473361665434837
default_5shot,Qwen_Qwen2.5-72B-Instruct,triviaqa,mistralai_Mistral-7B-Instruct-v0.3,42,llm_qwen2.5-72b,378,9.296296296296296,9.588359788359789,8.0,0.5618790279269602,0.5631041890440387,0.8187265037593985,0.7892555048335124,378,1.0,1.0,194,51,0.7604552310434664,0.7150006855889209,184,61,0.8717846194855391,0.8503931760629082,0,0,,,378,112,0.8187265037593985,0.7892555048335124
default_5shot,Qwen_Qwen2.5-72B-Instruct,triviaqa,mistralai_Mistral-7B-Instruct-v0.3,42,llm_llama-3.1-70b,378,9.296296296296296,9.588359788359789,8.0,0.5718656095000181,0.5854965424857898,0.8317946489989501,0.8008399406248868,378,1.0,1.0,194,43,0.7834591098105652,0.7397196981364547,184,56,0.8714425223214286,0.8449358258928571,0,0,,,378,99,0.8317946489989501,0.8008399406248868
default_5shot,Qwen_Qwen2.5-72B-Instruct,triviaqa,mistralai_Mistral-7B-Instruct-v0.3,43,squad_token_f1,378,9.304232804232804,9.739153439153439,8.0,0.5239515406249035,0.5353401118768736,0.7549062026763915,0.7447692925796582,378,1.0,1.0,193,63,0.6908424908424908,0.6727716727716728,185,68,0.8173076923076923,0.8154851684263449,0,0,,,378,131,0.7549062026763915,0.7447692925796582
default_5shot,Qwen_Qwen2.5-72B-Instruct,triviaqa,mistralai_Mistral-7B-Instruct-v0.3,43,llm_qwen2.5-72b,378,9.304232804232804,9.739153439153439,8.0,0.5758511320309073,0.5594527111381044,0.8090393764551068,0.7840705874413739,378,1.0,1.0,193,48,0.7352011494252874,0.6894396551724138,185,63,0.8652094717668488,0.8562971636742128,0,0,,,378,111,0.8090393764551068,0.7840705874413739
default_5shot,Qwen_Qwen2.5-72B-Instruct,triviaqa,mistralai_Mistral-7B-Instruct-v0.3,43,llm_llama-3.1-70b,378,9.304232804232804,9.739153439153439,8.0,0.5850423744359247,0.5815019994863705,0.8305389441244451,0.80294970099424,378,1.0,1.0,193,40,0.7802287581699346,0.7395424836601308,185,57,0.8660224780701754,0.8462171052631579,0,0,,,378,97,0.8305389441244451,0.80294970099424
default_5shot,Qwen_Qwen2.5-72B-Instruct,triviaqa,mistralai_Mistral-7B-Instruct-v0.3,44,squad_token_f1,378,9.28042328042328,9.536243386243386,8.0,0.5150057594719966,0.54335170137916,0.7523738364309953,0.7448086921328726,378,1.0,1.0,194,65,0.6926058437686344,0.6867620751341682,184,64,0.8223307291666667,0.8109375,0,0,,,378,129,0.7523738364309953,0.7448086921328726
default_5shot,Qwen_Qwen2.5-72B-Instruct,triviaqa,mistralai_Mistral-7B-Instruct-v0.3,44,llm_qwen2.5-72b,378,9.28042328042328,9.536243386243386,8.0,0.5724938421567635,0.572814387421129,0.8246617403920775,0.7969261396227688,378,1.0,1.0,194,50,0.7522916666666667,0.7101388888888889,184,61,0.8863121418099427,0.8697854191656671,0,0,,,378,111,0.8246617403920775,0.7969261396227688
default_5shot,Qwen_Qwen2.5-72B-Instruct,triviaqa,mistralai_Mistral-7B-Instruct-v0.3,44,llm_llama-3.1-70b,378,9.28042328042328,9.536243386243386,8.0,0.5814102799280919,0.6031294713284661,0.8477455332575118,0.8162857247679495,378,1.0,1.0,194,42,0.7958959899749374,0.7569705513784462,184,55,0.8888653981677237,0.8611698379140239,0,0,,,378,97,0.8477455332575118,0.8162857247679495
default_5shot,cross-encoder_nli-deberta-v3-large,nqopen,meta-llama_Llama-3.1-70B-Instruct,42,squad_token_f1,400,28.1425,21.028500000000005,13.0,0.5227517198248905,0.589068167604753,0.7188367729831144,0.7365978736710445,400,0.25375,0.895,222,103,0.6439993473117402,0.6898914905768132,178,92,0.8102881698685541,0.7997977755308392,42,19,0.6876430205949656,0.6567505720823799,358,176,0.7232298951048951,0.7455513236763237
default_5shot,cross-encoder_nli-deberta-v3-large,nqopen,meta-llama_Llama-3.1-70B-Instruct,42,llm_qwen2.5-72b,400,28.1425,21.028500000000005,13.0,0.5444900924371853,0.6205691525338811,0.7426789248227661,0.7391843483053183,400,0.25375,0.895,222,99,0.6734827954340149,0.6856779173852344,178,92,0.818566734074823,0.7976491405460061,42,17,0.6094117647058823,0.5964705882352941,358,174,0.7558564467766117,0.7536388055972014
default_5shot,cross-encoder_nli-deberta-v3-large,nqopen,meta-llama_Llama-3.1-70B-Instruct,42,llm_llama-3.1-70b,400,28.1425,21.028500000000005,13.0,0.5301203253722809,0.5734166688323501,0.6956261857116869,0.6830089139530653,400,0.25375,0.895,222,83,0.6506024096385542,0.6422380168154633,178,78,0.7412179487179488,0.7185897435897436,42,15,0.6283950617283951,0.6024691358024692,358,146,0.7020871026104937,0.6912962005686224
default_5shot,cross-encoder_nli-deberta-v3-large,nqopen,meta-llama_Llama-3.1-70B-Instruct,43,squad_token_f1,400,25.21,20.835500000000003,13.0,0.5213258286429018,0.584490306441526,0.7087554721701064,0.7364727954971857,400,0.24975000000000003,0.92,223,104,0.6587346477052359,0.7084276018099548,177,91,0.7629056989522106,0.7812420138001533,32,12,0.45,0.5333333333333333,368,183,0.7237778762368926,0.750391374981539
default_5shot,cross-encoder_nli-deberta-v3-large,nqopen,meta-llama_Llama-3.1-70B-Instruct,43,llm_qwen2.5-72b,400,25.21,20.835500000000003,13.0,0.526592943654555,0.5942099852052458,0.7202036159382131,0.727952054966273,400,0.24975000000000003,0.92,223,101,0.6977357571822757,0.7166856029865282,177,88,0.7381894790602656,0.7438712972420838,32,11,0.6060606060606061,0.6861471861471862,368,178,0.7229450029568303,0.728474275576582
default_5shot,cross-encoder_nli-deberta-v3-large,nqopen,meta-llama_Llama-3.1-70B-Instruct,43,llm_llama-3.1-70b,400,25.21,20.835500000000003,13.0,0.5094886110455821,0.5716626038635947,0.6770202615920946,0.6842284605908102,400,0.24975000000000003,0.92,223,84,0.6751027749229188,0.6786142514559781,177,73,0.6747892518440464,0.6918466807165438,32,10,0.5454545454545454,0.6295454545454545,368,147,0.6840274571367009,0.6880290577769569
default_5shot,cross-encoder_nli-deberta-v3-large,nqopen,meta-llama_Llama-3.1-70B-Instruct,44,squad_token_f1,400,26.6925,20.652749999999997,13.0,0.5238898889888989,0.6305255525552556,0.745962096209621,0.7584758475847585,400,0.2585,0.915,222,105,0.699023199023199,0.7354090354090355,178,93,0.8076533839342188,0.7976597090449082,34,15,0.7210526315789474,0.7596491228070176,366,183,0.7477679237958733,0.7624145241721162
default_5shot,cross-encoder_nli-deberta-v3-large,nqopen,meta-llama_Llama-3.1-70B-Instruct,44,llm_qwen2.5-72b,400,26.6925,20.652749999999997,13.0,0.5312883589268268,0.6378165785716075,0.7411633557954859,0.7301285102332222,400,0.2585,0.915,222,101,0.7073070943457982,0.7087799689059815,178,90,0.7857954545454545,0.7633838383838384,34,13,0.7289377289377289,0.7380952380952381,366,178,0.7378974420272532,0.7277671527611762
default_5shot,cross-encoder_nli-deberta-v3-large,nqopen,meta-llama_Llama-3.1-70B-Instruct,44,llm_llama-3.1-70b,400,26.6925,20.652749999999997,13.0,0.5068895326078446,0.599728594169994,0.7009707977765599,0.6789843158746314,400,0.2585,0.915,222,85,0.6852726492056677,0.6687419493344783,178,74,0.720829002079002,0.6961408523908524,34,13,0.7289377289377289,0.7380952380952381,366,146,0.6980386052303861,0.6766189290161893
default_5shot,cross-encoder_nli-deberta-v3-large,nqopen,meta-llama_Llama-3.1-8B-Instruct,42,squad_token_f1,400,17.2625,22.94675,12.0,0.5079925984939991,0.6145305954614376,0.7581275217804734,0.7624193672740356,400,0.9997499999999999,1.0,221,128,0.7264364919354839,0.7313088037634409,179,105,0.7978764478764478,0.805984555984556,0,0,,,400,233,0.7581275217804734,0.7624193672740356
default_5shot,cross-encoder_nli-deberta-v3-large,nqopen,meta-llama_Llama-3.1-8B-Instruct,42,llm_qwen2.5-72b,400,17.2625,22.94675,12.0,0.4911259225210041,0.5967849025766746,0.7545647233075411,0.7437753773078986,400,0.9997499999999999,1.0,221,128,0.7374411962365591,0.7221522177419355,179,101,0.7788144199035288,0.7797664381822798,0,0,,,400,229,0.7545647233075411,0.7437753773078986
default_5shot,cross-encoder_nli-deberta-v3-large,nqopen,meta-llama_Llama-3.1-8B-Instruct,42,llm_llama-3.1-70b,400,17.2625,22.94675,12.0,0.486140350877193,0.581328320802005,0.7402130325814537,0.7240726817042606,400,0.9997499999999999,1.0,221,118,0.7388925456639789,0.7174592726674346,179,92,0.7459395302348826,0.7420039980009995,0,0,,,400,210,0.7402130325814537,0.7240726817042606
default_5shot,cross-encoder_nli-deberta-v3-large,nqopen,meta-llama_Llama-3.1-8B-Instruct,43,squad_token_f1,400,19.1325,22.95475,12.0,0.5143165024630542,0.6328253284072249,0.7809164614121511,0.7840465927750411,400,1.0,1.0,216,123,0.7606871230002623,0.7680741323542267,184,109,0.8021406727828746,0.8079510703363915,0,0,,,400,232,0.7809164614121511,0.7840465927750411
default_5shot,cross-encoder_nli-deberta-v3-large,nqopen,meta-llama_Llama-3.1-8B-Instruct,43,llm_qwen2.5-72b,400,19.1325,22.95475,12.0,0.5049312728119904,0.6219745800005178,0.8008594134244519,0.7896507985814502,400,1.0,1.0,216,128,0.7878196022727273,0.7772549715909091,184,109,0.8170030581039756,0.8120489296636085,0,0,,,400,237,0.8008594134244519,0.7896507985814502
default_5shot,cross-encoder_nli-deberta-v3-large,nqopen,meta-llama_Llama-3.1-8B-Instruct,43,llm_llama-3.1-70b,400,19.1325,22.95475,12.0,0.49386541549578483,0.5839522280208751,0.7618300883179446,0.7391986150140506,400,1.0,1.0,216,115,0.7749031424881618,0.7548859233749462,184,97,0.7476596753169806,0.7241379310344828,0,0,,,400,212,0.7618300883179446,0.7391986150140506
default_5shot,cross-encoder_nli-deberta-v3-large,nqopen,meta-llama_Llama-3.1-8B-Instruct,44,squad_token_f1,400,19.92,23.74,12.0,0.5033097290640394,0.6614070197044335,0.7653299466338259,0.7780300697865353,400,1.0,1.0,218,126,0.7519409937888198,0.7669082125603864,182,106,0.7828326713008937,0.8033763654419066,0,0,,,400,232,0.7653299466338259,0.7780300697865353
default_5shot,cross-encoder_nli-deberta-v3-large,nqopen,meta-llama_Llama-3.1-8B-Instruct,44,llm_qwen2.5-72b,400,19.92,23.74,12.0,0.5020364251133482,0.6516944593867671,0.7849970542278235,0.7824995517303209,400,1.0,1.0,218,127,0.7794410314095354,0.7695336159903089,182,104,0.7937623274161736,0.8084935897435898,0,0,,,400,231,0.7849970542278235,0.7824995517303209
default_5shot,cross-encoder_nli-deberta-v3-large,nqopen,meta-llama_Llama-3.1-8B-Instruct,44,llm_llama-3.1-70b,400,19.92,23.74,12.0,0.48220319891867536,0.6263172386173061,0.7600185226902956,0.7416209857074917,400,1.0,1.0,218,116,0.7781017579445572,0.7622549019607843,182,91,0.7424827919333414,0.7308899891317474,0,0,,,400,207,0.7600185226902956,0.7416209857074917
default_5shot,cross-encoder_nli-deberta-v3-large,nqopen,mistralai_Mistral-7B-Instruct-v0.3,42,squad_token_f1,400,20.48,20.68625,13.0,0.50536,0.55568,0.76488,0.7465333333333334,400,1.0,1.0,227,138,0.7336752971828693,0.7233349617326168,173,112,0.8001317330210773,0.7767125292740047,0,0,,,400,250,0.76488,0.7465333333333334
default_5shot,cross-encoder_nli-deberta-v3-large,nqopen,mistralai_Mistral-7B-Instruct-v0.3,42,llm_qwen2.5-72b,400,20.48,20.68625,13.0,0.5192697768762677,0.6004056795131846,0.7882082488167681,0.7635294117647059,400,1.0,1.0,227,140,0.7791871921182266,0.7617816091954023,173,115,0.7972263868065967,0.7679160419790105,0,0,,,400,255,0.7882082488167681,0.7635294117647059
default_5shot,cross-encoder_nli-deberta-v3-large,nqopen,mistralai_Mistral-7B-Instruct-v0.3,42,llm_llama-3.1-70b,400,20.48,20.68625,13.0,0.4937882630190322,0.5490919337073183,0.7530674453751377,0.719498450267681,400,1.0,1.0,227,130,0.772720063441713,0.7521808088818398,173,101,0.7318481848184818,0.6841996699669967,0,0,,,400,231,0.7530674453751377,0.719498450267681
default_5shot,cross-encoder_nli-deberta-v3-large,nqopen,mistralai_Mistral-7B-Instruct-v0.3,43,squad_token_f1,400,18.68,20.555,12.0,0.5085714285714286,0.5630678077682686,0.7434101382488479,0.7382225148123766,400,0.9995,1.0,202,126,0.7034774436090225,0.7028508771929824,198,119,0.7855547282204021,0.7801829592596532,0,0,,,400,245,0.7434101382488479,0.7382225148123766
default_5shot,cross-encoder_nli-deberta-v3-large,nqopen,mistralai_Mistral-7B-Instruct-v0.3,43,llm_qwen2.5-72b,400,18.68,20.555,12.0,0.51608,0.5772133333333334,0.7549866666666667,0.7395066666666666,400,0.9995,1.0,202,128,0.7605574324324325,0.751002956081081,198,122,0.7510245901639344,0.7353321829163072,0,0,,,400,250,0.7549866666666667,0.7395066666666666
default_5shot,cross-encoder_nli-deberta-v3-large,nqopen,mistralai_Mistral-7B-Instruct-v0.3,43,llm_llama-3.1-70b,400,18.68,20.555,12.0,0.47857777777777777,0.5324698412698413,0.7160253968253968,0.6889650793650793,400,0.9995,1.0,202,120,0.7620934959349593,0.7553861788617886,198,105,0.6779825908858167,0.6377880184331797,0,0,,,400,225,0.7160253968253968,0.6889650793650793
default_5shot,cross-encoder_nli-deberta-v3-large,nqopen,mistralai_Mistral-7B-Instruct-v0.3,44,squad_token_f1,400,19.905,21.39575,12.0,0.4945225053584187,0.5585324548172845,0.7599296128707893,0.7473340213278293,400,0.9995,1.0,203,128,0.73125,0.7163020833333333,197,119,0.7872764490411549,0.7805968541262659,0,0,,,400,247,0.7599296128707893,0.7473340213278293
default_5shot,cross-encoder_nli-deberta-v3-large,nqopen,mistralai_Mistral-7B-Instruct-v0.3,44,llm_qwen2.5-72b,400,19.905,21.39575,12.0,0.515581726761851,0.5751929230190099,0.7624425264176817,0.7509209217283751,400,0.9995,1.0,203,128,0.7593229166666666,0.7458333333333333,197,125,0.7616666666666667,0.7566666666666667,0,0,,,400,253,0.7624425264176817,0.7509209217283751
default_5shot,cross-encoder_nli-deberta-v3-large,nqopen,mistralai_Mistral-7B-Instruct-v0.3,44,llm_llama-3.1-70b,400,19.905,21.39575,12.0,0.4812711670189198,0.5310152529856638,0.7307937154643376,0.7051131878485396,400,0.9995,1.0,203,119,0.7613045218087235,0.7439975990396158,197,108,0.6991260923845194,0.670672076570953,0,0,,,400,227,0.7307937154643376,0.7051131878485396
default_5shot,cross-encoder_nli-deberta-v3-large,svamp,meta-llama_Llama-3.1-70B-Instruct,42,squad_token_f1,300,2.42,3.141333333333333,2.0,0.6208918178705922,0.6077541937692571,0.8275847312564191,0.8583960972269771,300,0.2896666666666667,0.9066666666666666,224,30,0.8600515463917526,0.8601374570446736,76,16,0.7380208333333333,0.84375,28,7,0.6530612244897959,0.7380952380952381,272,39,0.8566633652470562,0.8779024980741719
default_5shot,cross-encoder_nli-deberta-v3-large,svamp,meta-llama_Llama-3.1-70B-Instruct,42,llm_qwen2.5-72b,300,2.42,3.141333333333333,2.0,0.5754132231404959,0.6038401253918495,0.7947420917640353,0.8183599316044458,300,0.2896666666666667,0.9066666666666666,224,40,0.8276494565217392,0.8264945652173913,76,18,0.6968390804597702,0.7940613026819924,28,9,0.5906432748538012,0.6578947368421053,272,49,0.8277203257984809,0.8437814587718495
default_5shot,cross-encoder_nli-deberta-v3-large,svamp,meta-llama_Llama-3.1-70B-Instruct,42,llm_llama-3.1-70b,300,2.42,3.141333333333333,2.0,0.5888907577159196,0.6053317635186275,0.830249768732655,0.8451349760322934,300,0.2896666666666667,0.9066666666666666,224,33,0.8565762335395843,0.8569728700618753,76,14,0.7425115207373272,0.8110599078341014,28,7,0.6530612244897959,0.6258503401360545,272,40,0.8586745689655172,0.8785021551724138
default_5shot,cross-encoder_nli-deberta-v3-large,svamp,meta-llama_Llama-3.1-70B-Instruct,43,squad_token_f1,300,2.4833333333333334,3.2556666666666665,2.0,0.6228249289772727,0.6052024147727273,0.8430841619318182,0.8624822443181818,300,0.28,0.89,224,28,0.8641581632653061,0.8646137026239067,76,16,0.78125,0.8416666666666667,33,6,0.9598765432098766,0.9691358024691358,267,38,0.8249253045276947,0.8435417145483797
default_5shot,cross-encoder_nli-deberta-v3-large,svamp,meta-llama_Llama-3.1-70B-Instruct,43,llm_qwen2.5-72b,300,2.4833333333333334,3.2556666666666665,2.0,0.5753439695550351,0.583101580796253,0.8072672716627635,0.8200746487119438,300,0.28,0.89,224,38,0.8300792303338993,0.8283814374646293,76,18,0.7365900383141762,0.7911877394636015,33,8,0.8275,0.835,267,48,0.803605403348554,0.8160197869101978
default_5shot,cross-encoder_nli-deberta-v3-large,svamp,meta-llama_Llama-3.1-70B-Instruct,43,llm_llama-3.1-70b,300,2.4833333333333334,3.2556666666666665,2.0,0.5895424836601307,0.5823093681917212,0.8331590413943355,0.847755991285403,300,0.28,0.89,224,31,0.8589336453284305,0.8583486545211433,76,14,0.7557603686635944,0.8122119815668203,33,7,0.8846153846153846,0.8928571428571429,267,38,0.8240634336934038,0.8378533670420593
default_5shot,cross-encoder_nli-deberta-v3-large,svamp,meta-llama_Llama-3.1-70B-Instruct,44,squad_token_f1,300,2.473333333333333,3.118333333333333,2.0,0.6105010893246188,0.5822222222222222,0.8334204793028323,0.8516339869281045,300,0.2773333333333333,0.8866666666666667,224,30,0.8609965635738832,0.8609965635738832,76,15,0.7508196721311475,0.8262295081967214,34,8,0.7524038461538461,0.8197115384615384,266,37,0.8332349817065974,0.8491679452378142
default_5shot,cross-encoder_nli-deberta-v3-large,svamp,meta-llama_Llama-3.1-70B-Instruct,44,llm_qwen2.5-72b,300,2.473333333333333,3.118333333333333,2.0,0.565988015305754,0.5708613096527326,0.7961880008663634,0.809400043318172,300,0.2773333333333333,0.8866666666666667,224,40,0.8270380434782608,0.8260869565217391,76,17,0.7038883349950149,0.7716849451645065,34,9,0.7444444444444445,0.8155555555555556,266,48,0.789612003058104,0.8000286697247706
default_5shot,cross-encoder_nli-deberta-v3-large,svamp,meta-llama_Llama-3.1-70B-Instruct,44,llm_llama-3.1-70b,300,2.473333333333333,3.118333333333333,2.0,0.588554368850391,0.5703893701118493,0.8292826507442603,0.8460179968043058,300,0.2773333333333333,0.8866666666666667,224,33,0.8589560526733302,0.8582421069332065,76,14,0.738479262672811,0.8225806451612904,34,8,0.7524038461538461,0.8197115384615384,266,39,0.8285891788094432,0.8428216423811138
default_5shot,cross-encoder_nli-deberta-v3-large,svamp,meta-llama_Llama-3.1-8B-Instruct,42,squad_token_f1,300,2.1033333333333335,2.1990000000000003,2.0,0.528275,0.563225,0.8684,0.869775,300,1.0,1.0,222,71,0.8759910456114168,0.8768771569816248,78,29,0.8399014778325123,0.8494018296973962,0,0,,,300,100,0.8684,0.869775
default_5shot,cross-encoder_nli-deberta-v3-large,svamp,meta-llama_Llama-3.1-8B-Instruct,42,llm_qwen2.5-72b,300,2.1033333333333335,2.1990000000000003,2.0,0.5038095238095238,0.5511843711843711,0.8668620268620268,0.867985347985348,300,1.0,1.0,222,76,0.8757209805335257,0.8764870223503965,78,29,0.8399014778325123,0.8494018296973962,0,0,,,300,105,0.8668620268620268,0.867985347985348
default_5shot,cross-encoder_nli-deberta-v3-large,svamp,meta-llama_Llama-3.1-8B-Instruct,42,llm_llama-3.1-70b,300,2.1033333333333335,2.1990000000000003,2.0,0.5164,0.552875,0.874625,0.87595,300,1.0,1.0,222,72,0.8779166666666667,0.8787962962962963,78,28,0.8596428571428572,0.8692857142857143,0,0,,,300,100,0.874625,0.87595
default_5shot,cross-encoder_nli-deberta-v3-large,svamp,meta-llama_Llama-3.1-8B-Instruct,43,squad_token_f1,300,2.1133333333333333,2.2896666666666667,2.0,0.54555,0.60945,0.872025,0.88855,300,1.0,1.0,221,68,0.871683967704729,0.8814878892733564,79,32,0.8819813829787234,0.9125664893617021,0,0,,,300,100,0.872025,0.88855
default_5shot,cross-encoder_nli-deberta-v3-large,svamp,meta-llama_Llama-3.1-8B-Instruct,43,llm_qwen2.5-72b,300,2.1133333333333333,2.2896666666666667,2.0,0.5206837606837607,0.5893040293040293,0.8726984126984128,0.8875946275946276,300,1.0,1.0,221,73,0.871945575712699,0.8810162902628657,79,32,0.8819813829787234,0.9125664893617021,0,0,,,300,105,0.8726984126984128,0.8875946275946276
default_5shot,cross-encoder_nli-deberta-v3-large,svamp,meta-llama_Llama-3.1-8B-Instruct,43,llm_llama-3.1-70b,300,2.1133333333333333,2.2896666666666667,2.0,0.533725,0.5998,0.87995,0.8961,300,1.0,1.0,221,69,0.875429061784897,0.8850591151792525,79,31,0.9008736559139785,0.9321236559139785,0,0,,,300,100,0.87995,0.8961
default_5shot,cross-encoder_nli-deberta-v3-large,svamp,meta-llama_Llama-3.1-8B-Instruct,44,squad_token_f1,300,2.1133333333333333,2.2796666666666665,2.0,0.53705,0.595725,0.88025,0.88495,300,1.0,1.0,221,70,0.8729422894985809,0.878240302743614,79,30,0.8989795918367347,0.9081632653061225,0,0,,,300,100,0.88025,0.88495
default_5shot,cross-encoder_nli-deberta-v3-large,svamp,meta-llama_Llama-3.1-8B-Instruct,44,llm_qwen2.5-72b,300,2.1133333333333333,2.2796666666666665,2.0,0.5123809523809524,0.5803663003663003,0.8809279609279609,0.8842002442002442,300,1.0,1.0,221,75,0.8753881278538813,0.8787671232876713,79,30,0.8989795918367347,0.9081632653061225,0,0,,,300,105,0.8809279609279609,0.8842002442002442
default_5shot,cross-encoder_nli-deberta-v3-large,svamp,meta-llama_Llama-3.1-8B-Instruct,44,llm_llama-3.1-70b,300,2.1133333333333333,2.2796666666666665,2.0,0.525225,0.585875,0.886675,0.89135,300,1.0,1.0,221,71,0.8752112676056338,0.88037558685446,79,29,0.9186206896551724,0.9279310344827586,0,0,,,300,100,0.886675,0.89135
default_5shot,cross-encoder_nli-deberta-v3-large,svamp,mistralai_Mistral-7B-Instruct-v0.3,42,squad_token_f1,300,3.296666666666667,6.494,2.0,0.5990275088919904,0.6174418081130971,0.8398991490702805,0.8586060960785197,300,0.9660000000000001,1.0,190,78,0.8266941391941391,0.8511332417582418,110,55,0.8560330578512396,0.8791735537190083,0,0,,,300,133,0.8398991490702805,0.8586060960785197
default_5shot,cross-encoder_nli-deberta-v3-large,svamp,mistralai_Mistral-7B-Instruct-v0.3,42,llm_qwen2.5-72b,300,3.296666666666667,6.494,2.0,0.5886868686868687,0.6173288439955107,0.8397081930415263,0.8583838383838384,300,0.9660000000000001,1.0,190,80,0.8273863636363636,0.8518181818181818,110,55,0.8560330578512396,0.8791735537190083,0,0,,,300,135,0.8397081930415263,0.8583838383838384
default_5shot,cross-encoder_nli-deberta-v3-large,svamp,mistralai_Mistral-7B-Instruct-v0.3,42,llm_llama-3.1-70b,300,3.296666666666667,6.494,2.0,0.5873891315114133,0.6087974427085678,0.8374228985637747,0.8564675160956283,300,0.9660000000000001,1.0,190,79,0.8273463336754476,0.8518075037062379,110,54,0.8536706349206349,0.87880291005291,0,0,,,300,133,0.8374228985637747,0.8564675160956283
default_5shot,cross-encoder_nli-deberta-v3-large,svamp,mistralai_Mistral-7B-Instruct-v0.3,43,squad_token_f1,300,3.58,5.918,2.0,0.6046778623204718,0.5978569177434604,0.8392688307595335,0.8491738327855567,300,0.9606666666666668,1.0,184,73,0.8142663211156362,0.8345674441564852,116,60,0.8742559523809523,0.8708333333333333,0,0,,,300,133,0.8392688307595335,0.8491738327855567
default_5shot,cross-encoder_nli-deberta-v3-large,svamp,mistralai_Mistral-7B-Instruct-v0.3,43,llm_qwen2.5-72b,300,3.58,5.918,2.0,0.5942312008978675,0.6040628507295174,0.8391245791245792,0.8488215488215488,300,0.9606666666666668,1.0,184,75,0.8152905198776759,0.8355351681957186,116,60,0.8742559523809523,0.8708333333333333,0,0,,,300,135,0.8391245791245792,0.8488215488215488
default_5shot,cross-encoder_nli-deberta-v3-large,svamp,mistralai_Mistral-7B-Instruct-v0.3,43,llm_llama-3.1-70b,300,3.58,5.918,2.0,0.5930394849398947,0.5966413038584485,0.8365674665706182,0.8459997298635811,300,0.9606666666666668,1.0,184,74,0.8188574938574938,0.8372235872235873,116,59,0.8639607493309545,0.8636633957775796,0,0,,,300,133,0.8365674665706182,0.8459997298635811
default_5shot,cross-encoder_nli-deberta-v3-large,svamp,mistralai_Mistral-7B-Instruct-v0.3,44,squad_token_f1,300,3.566666666666667,5.737,2.0,0.601257014590348,0.6510437710437711,0.8512906846240179,0.8617732884399552,300,0.9596666666666666,1.0,188,77,0.8411138411138411,0.8488943488943489,112,58,0.8623882503192848,0.8812260536398467,0,0,,,300,135,0.8512906846240179,0.8617732884399552
default_5shot,cross-encoder_nli-deberta-v3-large,svamp,mistralai_Mistral-7B-Instruct-v0.3,44,llm_qwen2.5-72b,300,3.566666666666667,5.737,2.0,0.5909721911244459,0.6454256414849313,0.8509695042765663,0.8613810398101294,300,0.9596666666666666,1.0,188,79,0.841307629775868,0.8493787016606665,112,58,0.8623882503192848,0.8812260536398467,0,0,,,300,137,0.8509695042765663,0.8613810398101294
default_5shot,cross-encoder_nli-deberta-v3-large,svamp,mistralai_Mistral-7B-Instruct-v0.3,44,llm_llama-3.1-70b,300,3.566666666666667,5.737,2.0,0.5848768207156986,0.6420607804351736,0.8507462686567164,0.8579841755080022,300,0.9596666666666666,1.0,188,78,0.8449300699300699,0.8510489510489511,112,56,0.8598533163265306,0.8748405612244898,0,0,,,300,134,0.8507462686567164,0.8579841755080022
default_5shot,cross-encoder_nli-deberta-v3-large,triviaqa,meta-llama_Llama-3.1-70B-Instruct,42,squad_token_f1,378,9.206349206349206,9.28095238095238,9.0,0.5444644060184145,0.5581181226139681,0.6970132494947227,0.74455423310128,378,0.9711640211640212,1.0,225,37,0.6414606095457159,0.6772570442783209,153,36,0.7475071225071225,0.8054368471035138,0,0,,,378,73,0.6970132494947227,0.74455423310128
default_5shot,cross-encoder_nli-deberta-v3-large,triviaqa,meta-llama_Llama-3.1-70B-Instruct,42,llm_qwen2.5-72b,378,9.206349206349206,9.28095238095238,9.0,0.5981638856150363,0.6234724892996713,0.8080143911668011,0.8088518082004839,378,0.9711640211640212,1.0,225,21,0.724906629318394,0.7218720821661998,153,28,0.8622857142857143,0.8657142857142858,0,0,,,378,49,0.8080143911668011,0.8088518082004839
default_5shot,cross-encoder_nli-deberta-v3-large,triviaqa,meta-llama_Llama-3.1-70B-Instruct,42,llm_llama-3.1-70b,378,9.206349206349206,9.28095238095238,9.0,0.5999560825647782,0.6324110671936759,0.8927975406236276,0.9115942028985508,378,0.9711640211640212,1.0,225,13,0.8327285921625545,0.8677431059506531,153,20,0.9259398496240602,0.9343984962406015,0,0,,,378,33,0.8927975406236276,0.9115942028985508
default_5shot,cross-encoder_nli-deberta-v3-large,triviaqa,meta-llama_Llama-3.1-70B-Instruct,43,squad_token_f1,378,9.28042328042328,9.414285714285715,9.0,0.5502533783783784,0.6040851706970128,0.708525960170697,0.7516002844950214,378,0.9746031746031746,1.0,225,37,0.6470672800460034,0.70299022426682,153,37,0.7657269338303822,0.7922879776328052,0,0,,,378,74,0.708525960170697,0.7516002844950214
default_5shot,cross-encoder_nli-deberta-v3-large,triviaqa,meta-llama_Llama-3.1-70B-Instruct,43,llm_qwen2.5-72b,378,9.28042328042328,9.414285714285715,9.0,0.6052134146341464,0.6691768292682927,0.8298475609756097,0.8123170731707318,378,0.9746031746031746,1.0,225,21,0.7669234360410832,0.7426470588235294,153,29,0.8662402669632926,0.8542825361512792,0,0,,,378,50,0.8298475609756097,0.8123170731707318
default_5shot,cross-encoder_nli-deberta-v3-large,triviaqa,meta-llama_Llama-3.1-70B-Instruct,43,llm_llama-3.1-70b,378,9.28042328042328,9.414285714285715,9.0,0.6106361149110807,0.6946819425444597,0.9285653214774282,0.9068057455540356,378,0.9746031746031746,1.0,225,13,0.8945936139332366,0.8642960812772134,153,21,0.9384920634920635,0.9226190476190477,0,0,,,378,34,0.9285653214774282,0.9068057455540356
default_5shot,cross-encoder_nli-deberta-v3-large,triviaqa,meta-llama_Llama-3.1-70B-Instruct,44,squad_token_f1,378,9.26984126984127,9.293915343915344,9.0,0.5536413641364136,0.5777117711771177,0.7242244224422443,0.7433003300330033,378,0.9748677248677249,1.0,225,37,0.6702127659574468,0.6721535365152387,153,38,0.7741418764302059,0.8062929061784897,0,0,,,378,75,0.7242244224422443,0.7433003300330033
default_5shot,cross-encoder_nli-deberta-v3-large,triviaqa,meta-llama_Llama-3.1-70B-Instruct,44,llm_qwen2.5-72b,378,9.26984126984127,9.293915343915344,9.0,0.6087425796006476,0.6305690471907417,0.8199016609701985,0.8035617916891528,378,0.9748677248677249,1.0,225,21,0.7344771241830066,0.6947945845004668,153,30,0.8737127371273713,0.8707317073170732,0,0,,,378,51,0.8199016609701985,0.8035617916891528
default_5shot,cross-encoder_nli-deberta-v3-large,triviaqa,meta-llama_Llama-3.1-70B-Instruct,44,llm_llama-3.1-70b,378,9.26984126984127,9.293915343915344,9.0,0.6011456908344733,0.6471015731874145,0.9052240082079344,0.8908601231190151,378,0.9748677248677249,1.0,225,13,0.8637518142235123,0.8316400580551524,153,21,0.922979797979798,0.9157647907647908,0,0,,,378,34,0.9052240082079344,0.8908601231190151
default_5shot,cross-encoder_nli-deberta-v3-large,triviaqa,meta-llama_Llama-3.1-8B-Instruct,42,squad_token_f1,378,8.894179894179894,9.646031746031746,8.0,0.4593287387582285,0.536004573971629,0.7920851747689835,0.8115554594060018,378,1.0,1.0,202,76,0.7923976608187134,0.8175647451963242,176,55,0.8108940646130729,0.8304282494365139,0,0,,,378,131,0.7920851747689835,0.8115554594060018
default_5shot,cross-encoder_nli-deberta-v3-large,triviaqa,meta-llama_Llama-3.1-8B-Instruct,42,llm_qwen2.5-72b,378,8.894179894179894,9.646031746031746,8.0,0.49187286127928403,0.5713181100289549,0.8696038431166097,0.8526256909713082,378,1.0,1.0,202,64,0.8653192934782609,0.8471467391304348,176,52,0.885545905707196,0.8760856079404467,0,0,,,378,116,0.8696038431166097,0.8526256909713082
default_5shot,cross-encoder_nli-deberta-v3-large,triviaqa,meta-llama_Llama-3.1-8B-Instruct,42,llm_llama-3.1-70b,378,8.894179894179894,9.646031746031746,8.0,0.4702685421994885,0.5663363171355499,0.8922279056550156,0.8754617789144643,378,1.0,1.0,202,58,0.8976293103448276,0.8852370689655172,176,44,0.9024621212121212,0.8884297520661157,0,0,,,378,102,0.8922279056550156,0.8754617789144643
default_5shot,cross-encoder_nli-deberta-v3-large,triviaqa,meta-llama_Llama-3.1-8B-Instruct,43,squad_token_f1,378,8.817460317460318,9.899206349206349,8.0,0.4570263003368668,0.5348919862780851,0.7719658806440647,0.7808665821924159,378,1.0,1.0,205,78,0.7771047849788008,0.7956793862305673,173,53,0.7808962264150944,0.7848270440251572,0,0,,,378,131,0.7719658806440647,0.7808665821924159
default_5shot,cross-encoder_nli-deberta-v3-large,triviaqa,meta-llama_Llama-3.1-8B-Instruct,43,llm_qwen2.5-72b,378,8.817460317460318,9.899206349206349,8.0,0.4833316959753741,0.5602056521596751,0.8494613092314242,0.8393260634639945,378,1.0,1.0,205,67,0.8490157906121566,0.8314947004109885,173,50,0.8582926829268293,0.863739837398374,0,0,,,378,117,0.8494613092314242,0.8393260634639945
default_5shot,cross-encoder_nli-deberta-v3-large,triviaqa,meta-llama_Llama-3.1-8B-Instruct,43,llm_llama-3.1-70b,378,8.817460317460318,9.899206349206349,8.0,0.460864960282436,0.5542100617828774,0.8619240953221535,0.8497263901147396,378,1.0,1.0,205,61,0.8697062841530054,0.8506944444444444,173,42,0.8673209741912032,0.8697746274082152,0,0,,,378,103,0.8619240953221535,0.8497263901147396
default_5shot,cross-encoder_nli-deberta-v3-large,triviaqa,meta-llama_Llama-3.1-8B-Instruct,44,squad_token_f1,378,8.878306878306878,9.677513227513229,8.0,0.4684921346231109,0.524677813147078,0.7716568285069692,0.7794449423617764,378,1.0,1.0,203,75,0.7708333333333334,0.7868229166666667,175,56,0.7907412965186075,0.7979441776710684,0,0,,,378,131,0.7716568285069692,0.7794449423617764
default_5shot,cross-encoder_nli-deberta-v3-large,triviaqa,meta-llama_Llama-3.1-8B-Instruct,44,llm_qwen2.5-72b,378,8.878306878306878,9.677513227513229,8.0,0.4903757567780995,0.5636845222426955,0.8403198210055278,0.8343972097920506,378,1.0,1.0,203,64,0.8414455935251799,0.8372302158273381,175,52,0.850609756097561,0.850609756097561,0,0,,,378,116,0.8403198210055278,0.8343972097920506
default_5shot,cross-encoder_nli-deberta-v3-large,triviaqa,meta-llama_Llama-3.1-8B-Instruct,44,llm_llama-3.1-70b,378,8.878306878306878,9.677513227513229,8.0,0.4686700767263427,0.5532289002557544,0.8686949417448139,0.8560315430520035,378,1.0,1.0,203,58,0.8690844233055885,0.863614744351962,175,44,0.88705759888966,0.8739590562109646,0,0,,,378,102,0.8686949417448139,0.8560315430520035
default_5shot,cross-encoder_nli-deberta-v3-large,triviaqa,mistralai_Mistral-7B-Instruct-v0.3,42,squad_token_f1,378,9.296296296296296,9.588359788359789,8.0,0.5109940872135994,0.5324741315594974,0.7328467602857847,0.7473361665434837,378,1.0,1.0,194,66,0.6666074810606061,0.6970288825757576,184,66,0.8001412429378532,0.8018746789933231,0,0,,,378,132,0.7328467602857847,0.7473361665434837
default_5shot,cross-encoder_nli-deberta-v3-large,triviaqa,mistralai_Mistral-7B-Instruct-v0.3,42,llm_qwen2.5-72b,378,9.296296296296296,9.588359788359789,8.0,0.5618790279269602,0.5631041890440387,0.7953980934479055,0.7892555048335124,378,1.0,1.0,194,51,0.7065679418620595,0.7150006855889209,184,61,0.8673197387711582,0.8503931760629082,0,0,,,378,112,0.7953980934479055,0.7892555048335124
default_5shot,cross-encoder_nli-deberta-v3-large,triviaqa,mistralai_Mistral-7B-Instruct-v0.3,42,llm_llama-3.1-70b,378,9.296296296296296,9.588359788359789,8.0,0.5718656095000181,0.5854965424857898,0.8117374461460483,0.8008399406248868,378,1.0,1.0,194,43,0.7357153858000924,0.7397196981364547,184,56,0.8671875,0.8449358258928571,0,0,,,378,99,0.8117374461460483,0.8008399406248868
default_5shot,cross-encoder_nli-deberta-v3-large,triviaqa,mistralai_Mistral-7B-Instruct-v0.3,43,squad_token_f1,378,9.304232804232804,9.739153439153439,8.0,0.5239515406249035,0.5353401118768736,0.7315418611119696,0.7447692925796582,378,1.0,1.0,193,63,0.6503663003663004,0.6727716727716728,185,68,0.8054927099044746,0.8154851684263449,0,0,,,378,131,0.7315418611119696,0.7447692925796582
default_5shot,cross-encoder_nli-deberta-v3-large,triviaqa,mistralai_Mistral-7B-Instruct-v0.3,43,llm_qwen2.5-72b,378,9.304232804232804,9.739153439153439,8.0,0.5758511320309073,0.5594527111381044,0.7775078449235753,0.7840705874413739,378,1.0,1.0,193,48,0.6813218390804597,0.6894396551724138,185,63,0.8462789487379652,0.8562971636742128,0,0,,,378,111,0.7775078449235753,0.7840705874413739
default_5shot,cross-encoder_nli-deberta-v3-large,triviaqa,mistralai_Mistral-7B-Instruct-v0.3,43,llm_llama-3.1-70b,378,9.304232804232804,9.739153439153439,8.0,0.5850423744359247,0.5815019994863705,0.7995010456029644,0.80294970099424,378,1.0,1.0,193,40,0.7227941176470588,0.7395424836601308,185,57,0.8504660087719298,0.8462171052631579,0,0,,,378,97,0.7995010456029644,0.80294970099424
default_5shot,cross-encoder_nli-deberta-v3-large,triviaqa,mistralai_Mistral-7B-Instruct-v0.3,44,squad_token_f1,378,9.28042328042328,9.536243386243386,8.0,0.5150057594719966,0.54335170137916,0.7384888390772392,0.7448086921328726,378,1.0,1.0,194,65,0.665891472868217,0.6867620751341682,184,64,0.815234375,0.8109375,0,0,,,378,129,0.7384888390772392,0.7448086921328726
default_5shot,cross-encoder_nli-deberta-v3-large,triviaqa,mistralai_Mistral-7B-Instruct-v0.3,44,llm_qwen2.5-72b,378,9.28042328042328,9.536243386243386,8.0,0.5724938421567635,0.572814387421129,0.7929952424334447,0.7969261396227688,378,1.0,1.0,194,50,0.7097222222222223,0.7101388888888889,184,61,0.8626549380247901,0.8697854191656671,0,0,,,378,111,0.7929952424334447,0.7969261396227688
default_5shot,cross-encoder_nli-deberta-v3-large,triviaqa,mistralai_Mistral-7B-Instruct-v0.3,44,llm_llama-3.1-70b,378,9.28042328042328,9.536243386243386,8.0,0.5814102799280919,0.6031294713284661,0.8111310855926918,0.8162857247679495,378,1.0,1.0,194,42,0.7456923558897243,0.7569705513784462,184,55,0.8609584214235377,0.8611698379140239,0,0,,,378,97,0.8111310855926918,0.8162857247679495
default_5shot,microsoft_deberta-v2-xlarge-mnli,nqopen,meta-llama_Llama-3.1-70B-Instruct,42,squad_token_f1,400,28.1425,21.028500000000005,13.0,0.5227517198248905,0.589068167604753,0.7193996247654785,0.7365978736710445,400,0.25375,0.895,222,103,0.6453047238312801,0.6898914905768132,178,92,0.8081395348837209,0.7997977755308392,42,19,0.7036613272311213,0.6567505720823799,358,176,0.7225899100899101,0.7455513236763237
default_5shot,microsoft_deberta-v2-xlarge-mnli,nqopen,meta-llama_Llama-3.1-70B-Instruct,42,llm_qwen2.5-72b,400,28.1425,21.028500000000005,13.0,0.5444900924371853,0.6205691525338811,0.7396603121320674,0.7391843483053183,400,0.25375,0.895,222,99,0.6717992937505133,0.6856779173852344,178,92,0.8144590495449949,0.7976491405460061,42,17,0.6211764705882353,0.5964705882352941,358,174,0.751358695652174,0.7536388055972014
default_5shot,microsoft_deberta-v2-xlarge-mnli,nqopen,meta-llama_Llama-3.1-70B-Instruct,42,llm_llama-3.1-70b,400,28.1425,21.028500000000005,13.0,0.5301203253722809,0.5734166688323501,0.6860105512097507,0.6830089139530653,400,0.25375,0.895,222,83,0.6426714050446389,0.6422380168154633,178,78,0.7278205128205129,0.7185897435897436,42,15,0.6308641975308642,0.6024691358024692,358,146,0.6912800465236495,0.6912962005686224
default_5shot,microsoft_deberta-v2-xlarge-mnli,nqopen,meta-llama_Llama-3.1-70B-Instruct,43,squad_token_f1,400,25.21,20.835500000000003,13.0,0.5213258286429018,0.584490306441526,0.7109443402126329,0.7364727954971857,400,0.24975000000000003,0.92,223,104,0.6649159663865546,0.7084276018099548,177,91,0.7616279069767442,0.7812420138001533,32,12,0.44166666666666665,0.5333333333333333,368,183,0.7258012110471127,0.750391374981539
default_5shot,microsoft_deberta-v2-xlarge-mnli,nqopen,meta-llama_Llama-3.1-70B-Instruct,43,llm_qwen2.5-72b,400,25.21,20.835500000000003,13.0,0.526592943654555,0.5942099852052458,0.7251184834123223,0.727952054966273,400,0.24975000000000003,0.92,223,101,0.7064599902613212,0.7166856029865282,177,88,0.743488253319714,0.7438712972420838,32,11,0.6861471861471862,0.6861471861471862,368,178,0.7227232406859846,0.728474275576582
default_5shot,microsoft_deberta-v2-xlarge-mnli,nqopen,meta-llama_Llama-3.1-70B-Instruct,43,llm_llama-3.1-70b,400,25.21,20.835500000000003,13.0,0.5094886110455821,0.5716626038635947,0.678776440984509,0.6842284605908102,400,0.24975000000000003,0.92,223,84,0.6850805070229531,0.6786142514559781,177,73,0.6690595363540569,0.6918466807165438,32,10,0.6295454545454545,0.6295454545454545,368,147,0.6805029704189368,0.6880290577769569
default_5shot,microsoft_deberta-v2-xlarge-mnli,nqopen,meta-llama_Llama-3.1-70B-Instruct,44,squad_token_f1,400,26.6925,20.652749999999997,13.0,0.5238898889888989,0.6305255525552556,0.7429117911791179,0.7584758475847585,400,0.2585,0.915,222,105,0.7018722018722019,0.7354090354090355,178,93,0.7968374446552815,0.7976597090449082,34,15,0.7298245614035088,0.7596491228070176,366,183,0.7431693989071039,0.7624145241721162
default_5shot,microsoft_deberta-v2-xlarge-mnli,nqopen,meta-llama_Llama-3.1-70B-Instruct,44,llm_qwen2.5-72b,400,26.6925,20.652749999999997,13.0,0.5312883589268268,0.6378165785716075,0.7324457025476591,0.7301285102332222,400,0.2585,0.915,222,101,0.7012928565583831,0.7087799689059815,178,90,0.7738636363636363,0.7633838383838384,34,13,0.7271062271062271,0.7380952380952381,366,178,0.7291865885727946,0.7277671527611762
default_5shot,microsoft_deberta-v2-xlarge-mnli,nqopen,meta-llama_Llama-3.1-70B-Instruct,44,llm_llama-3.1-70b,400,26.6925,20.652749999999997,13.0,0.5068895326078446,0.599728594169994,0.6840862235444558,0.6789843158746314,400,0.2585,0.915,222,85,0.6739802490339202,0.6687419493344783,178,74,0.6959459459459459,0.6961408523908524,34,13,0.7271062271062271,0.7380952380952381,366,146,0.6801214196762142,0.6766189290161893
default_5shot,microsoft_deberta-v2-xlarge-mnli,nqopen,meta-llama_Llama-3.1-8B-Instruct,42,squad_token_f1,400,17.2625,22.94675,12.0,0.5079925984939991,0.6145305954614376,0.7575107296137339,0.7624193672740356,400,0.9997499999999999,1.0,221,128,0.7142977150537635,0.7313088037634409,179,105,0.8095238095238095,0.805984555984556,0,0,,,400,233,0.7575107296137339,0.7624193672740356
default_5shot,microsoft_deberta-v2-xlarge-mnli,nqopen,meta-llama_Llama-3.1-8B-Instruct,42,llm_qwen2.5-72b,400,17.2625,22.94675,12.0,0.4911259225210041,0.5967849025766746,0.7544498071963023,0.7437753773078986,400,0.9997499999999999,1.0,221,128,0.7301327284946236,0.7221522177419355,179,101,0.7863036303630363,0.7797664381822798,0,0,,,400,229,0.7544498071963023,0.7437753773078986
default_5shot,microsoft_deberta-v2-xlarge-mnli,nqopen,meta-llama_Llama-3.1-8B-Instruct,42,llm_llama-3.1-70b,400,17.2625,22.94675,12.0,0.486140350877193,0.581328320802005,0.7375563909774436,0.7240726817042606,400,0.9997499999999999,1.0,221,118,0.7295951949975317,0.7174592726674346,179,92,0.750999500249875,0.7420039980009995,0,0,,,400,210,0.7375563909774436,0.7240726817042606
default_5shot,microsoft_deberta-v2-xlarge-mnli,nqopen,meta-llama_Llama-3.1-8B-Instruct,43,squad_token_f1,400,19.1325,22.95475,12.0,0.5143165024630542,0.6328253284072249,0.7807496921182266,0.7840465927750411,400,1.0,1.0,216,123,0.7525133315849287,0.7680741323542267,184,109,0.8090519877675841,0.8079510703363915,0,0,,,400,232,0.7807496921182266,0.7840465927750411
default_5shot,microsoft_deberta-v2-xlarge-mnli,nqopen,meta-llama_Llama-3.1-8B-Instruct,43,llm_qwen2.5-72b,400,19.1325,22.95475,12.0,0.5049312728119904,0.6219745800005178,0.7964717454893738,0.7896507985814502,400,1.0,1.0,216,128,0.7831143465909091,0.7772549715909091,184,109,0.8127217125382263,0.8120489296636085,0,0,,,400,237,0.7964717454893738,0.7896507985814502
default_5shot,microsoft_deberta-v2-xlarge-mnli,nqopen,meta-llama_Llama-3.1-8B-Instruct,43,llm_llama-3.1-70b,400,19.1325,22.95475,12.0,0.49386541549578483,0.5839522280208751,0.754127358490566,0.7391986150140506,400,1.0,1.0,216,115,0.7706414119672836,0.7548859233749462,184,97,0.731662519255836,0.7241379310344828,0,0,,,400,212,0.754127358490566,0.7391986150140506
default_5shot,microsoft_deberta-v2-xlarge-mnli,nqopen,meta-llama_Llama-3.1-8B-Instruct,44,squad_token_f1,400,19.92,23.74,12.0,0.5033097290640394,0.6614070197044335,0.7639829638752053,0.7780300697865353,400,1.0,1.0,218,126,0.7462042788129745,0.7669082125603864,182,106,0.7880461767626614,0.8033763654419066,0,0,,,400,232,0.7639829638752053,0.7780300697865353
default_5shot,microsoft_deberta-v2-xlarge-mnli,nqopen,meta-llama_Llama-3.1-8B-Instruct,44,llm_qwen2.5-72b,400,19.92,23.74,12.0,0.5020364251133482,0.6516944593867671,0.7846640538948231,0.7824995517303209,400,1.0,1.0,218,127,0.7739465259150299,0.7695336159903089,182,104,0.8007889546351085,0.8084935897435898,0,0,,,400,231,0.7846640538948231,0.7824995517303209
default_5shot,microsoft_deberta-v2-xlarge-mnli,nqopen,meta-llama_Llama-3.1-8B-Instruct,44,llm_llama-3.1-70b,400,19.92,23.74,12.0,0.48220319891867536,0.6263172386173061,0.7513328827814072,0.7416209857074917,400,1.0,1.0,218,116,0.7741294793779581,0.7622549019607843,182,91,0.7321579519381717,0.7308899891317474,0,0,,,400,207,0.7513328827814072,0.7416209857074917
default_5shot,microsoft_deberta-v2-xlarge-mnli,nqopen,mistralai_Mistral-7B-Instruct-v0.3,42,squad_token_f1,400,20.48,20.68625,13.0,0.50536,0.55568,0.7536133333333334,0.7465333333333334,400,1.0,1.0,227,138,0.7135645660315909,0.7233349617326168,173,112,0.8002781030444965,0.7767125292740047,0,0,,,400,250,0.7536133333333334,0.7465333333333334
default_5shot,microsoft_deberta-v2-xlarge-mnli,nqopen,mistralai_Mistral-7B-Instruct-v0.3,42,llm_qwen2.5-72b,400,20.48,20.68625,13.0,0.5192697768762677,0.6004056795131846,0.7752535496957403,0.7635294117647059,400,1.0,1.0,227,140,0.7656814449917898,0.7617816091954023,173,115,0.7834332833583209,0.7679160419790105,0,0,,,400,255,0.7752535496957403,0.7635294117647059
default_5shot,microsoft_deberta-v2-xlarge-mnli,nqopen,mistralai_Mistral-7B-Instruct-v0.3,42,llm_llama-3.1-70b,400,20.48,20.68625,13.0,0.4937882630190322,0.5490919337073183,0.7345987345987346,0.719498450267681,400,1.0,1.0,227,130,0.7585249801744647,0.7521808088818398,173,101,0.70503300330033,0.6841996699669967,0,0,,,400,231,0.7345987345987346,0.719498450267681
default_5shot,microsoft_deberta-v2-xlarge-mnli,nqopen,mistralai_Mistral-7B-Instruct-v0.3,43,squad_token_f1,400,18.68,20.555,12.0,0.5085714285714286,0.5630678077682686,0.7438973008558262,0.7382225148123766,400,0.9995,1.0,202,126,0.7088032581453634,0.7028508771929824,198,119,0.7813530475481332,0.7801829592596532,0,0,,,400,245,0.7438973008558262,0.7382225148123766
default_5shot,microsoft_deberta-v2-xlarge-mnli,nqopen,mistralai_Mistral-7B-Instruct-v0.3,43,llm_qwen2.5-72b,400,18.68,20.555,12.0,0.51608,0.5772133333333334,0.7489733333333334,0.7395066666666666,400,0.9995,1.0,202,128,0.7516891891891891,0.751002956081081,198,122,0.7476811906816221,0.7353321829163072,0,0,,,400,250,0.7489733333333334,0.7395066666666666
default_5shot,microsoft_deberta-v2-xlarge-mnli,nqopen,mistralai_Mistral-7B-Instruct-v0.3,43,llm_llama-3.1-70b,400,18.68,20.555,12.0,0.47857777777777777,0.5324698412698413,0.7054730158730159,0.6889650793650793,400,0.9995,1.0,202,120,0.7543191056910569,0.7553861788617886,198,105,0.6656426011264721,0.6377880184331797,0,0,,,400,225,0.7054730158730159,0.6889650793650793
default_5shot,microsoft_deberta-v2-xlarge-mnli,nqopen,mistralai_Mistral-7B-Instruct-v0.3,44,squad_token_f1,400,19.905,21.39575,12.0,0.4945225053584187,0.5585324548172845,0.7582493186208357,0.7473340213278293,400,0.9995,1.0,203,128,0.73203125,0.7163020833333333,197,119,0.7868455074337427,0.7805968541262659,0,0,,,400,247,0.7582493186208357,0.7473340213278293
default_5shot,microsoft_deberta-v2-xlarge-mnli,nqopen,mistralai_Mistral-7B-Instruct-v0.3,44,llm_qwen2.5-72b,400,19.905,21.39575,12.0,0.515581726761851,0.5751929230190099,0.7612056680379662,0.7509209217283751,400,0.9995,1.0,203,128,0.7611458333333333,0.7458333333333333,197,125,0.7614444444444445,0.7566666666666667,0,0,,,400,253,0.7612056680379662,0.7509209217283751
default_5shot,microsoft_deberta-v2-xlarge-mnli,nqopen,mistralai_Mistral-7B-Instruct-v0.3,44,llm_llama-3.1-70b,400,19.905,21.39575,12.0,0.4812711670189198,0.5310152529856638,0.7236510402077869,0.7051131878485396,400,0.9995,1.0,203,119,0.763155262104842,0.7439975990396158,197,108,0.688358302122347,0.670672076570953,0,0,,,400,227,0.7236510402077869,0.7051131878485396
default_5shot,microsoft_deberta-v2-xlarge-mnli,svamp,meta-llama_Llama-3.1-70B-Instruct,42,squad_token_f1,300,2.42,3.141333333333333,2.0,0.6208918178705922,0.6077541937692571,0.8432043820609381,0.8583960972269771,300,0.2896666666666667,0.9066666666666666,224,30,0.8592783505154639,0.8601374570446736,76,16,0.7958333333333333,0.84375,28,7,0.6598639455782312,0.7380952380952381,272,39,0.8733905579399142,0.8779024980741719
default_5shot,microsoft_deberta-v2-xlarge-mnli,svamp,meta-llama_Llama-3.1-70B-Instruct,42,llm_qwen2.5-72b,300,2.42,3.141333333333333,2.0,0.5754132231404959,0.6038401253918495,0.8077087489313195,0.8183599316044458,300,0.2896666666666667,0.9066666666666666,224,40,0.8270380434782608,0.8264945652173913,76,18,0.75,0.7940613026819924,28,9,0.5964912280701754,0.6578947368421053,272,49,0.8416308227326805,0.8437814587718495
default_5shot,microsoft_deberta-v2-xlarge-mnli,svamp,meta-llama_Llama-3.1-70B-Instruct,42,llm_llama-3.1-70b,300,2.42,3.141333333333333,2.0,0.5888907577159196,0.6053317635186275,0.8344125809435707,0.8451349760322934,300,0.2896666666666667,0.9066666666666666,224,33,0.8571315246707917,0.8569728700618753,76,14,0.7672811059907834,0.8110599078341014,28,7,0.5578231292517006,0.6258503401360545,272,40,0.8766163793103449,0.8785021551724138
default_5shot,microsoft_deberta-v2-xlarge-mnli,svamp,meta-llama_Llama-3.1-70B-Instruct,43,squad_token_f1,300,2.4833333333333334,3.2556666666666665,2.0,0.6228249289772727,0.6052024147727273,0.84765625,0.8624822443181818,300,0.28,0.89,224,28,0.8635204081632653,0.8646137026239067,76,16,0.8026041666666667,0.8416666666666667,33,6,0.9074074074074074,0.9691358024691358,267,38,0.8400942312112158,0.8435417145483797
default_5shot,microsoft_deberta-v2-xlarge-mnli,svamp,meta-llama_Llama-3.1-70B-Instruct,43,llm_qwen2.5-72b,300,2.4833333333333334,3.2556666666666665,2.0,0.5753439695550351,0.583101580796253,0.81067037470726,0.8200746487119438,300,0.28,0.89,224,38,0.8293718166383701,0.8283814374646293,76,18,0.7562260536398467,0.7911877394636015,33,8,0.79,0.835,267,48,0.8150209284627092,0.8160197869101978
default_5shot,microsoft_deberta-v2-xlarge-mnli,svamp,meta-llama_Llama-3.1-70B-Instruct,43,llm_llama-3.1-70b,300,2.4833333333333334,3.2556666666666665,2.0,0.5895424836601307,0.5823093681917212,0.8377777777777777,0.847755991285403,300,0.28,0.89,224,31,0.8593514959050643,0.8583486545211433,76,14,0.7759216589861752,0.8122119815668203,33,7,0.8406593406593407,0.8928571428571429,267,38,0.8396345667662606,0.8378533670420593
default_5shot,microsoft_deberta-v2-xlarge-mnli,svamp,meta-llama_Llama-3.1-70B-Instruct,44,squad_token_f1,300,2.473333333333333,3.118333333333333,2.0,0.6105010893246188,0.5822222222222222,0.8265795206971678,0.8516339869281045,300,0.2773333333333333,0.8866666666666667,224,30,0.8609965635738832,0.8609965635738832,76,15,0.7426229508196721,0.8262295081967214,34,8,0.6682692307692307,0.8197115384615384,266,37,0.8479287147409418,0.8491679452378142
default_5shot,microsoft_deberta-v2-xlarge-mnli,svamp,meta-llama_Llama-3.1-70B-Instruct,44,llm_qwen2.5-72b,300,2.473333333333333,3.118333333333333,2.0,0.565988015305754,0.5708613096527326,0.7840228142372392,0.809400043318172,300,0.2773333333333333,0.8866666666666667,224,40,0.8148777173913043,0.8260869565217391,76,17,0.7003988035892323,0.7716849451645065,34,9,0.6333333333333333,0.8155555555555556,266,48,0.801605504587156,0.8000286697247706
default_5shot,microsoft_deberta-v2-xlarge-mnli,svamp,meta-llama_Llama-3.1-70B-Instruct,44,llm_llama-3.1-70b,300,2.473333333333333,3.118333333333333,2.0,0.588554368850391,0.5703893701118493,0.826044907913548,0.8460179968043058,300,0.2773333333333333,0.8866666666666667,224,33,0.8607012533714105,0.8582421069332065,76,14,0.7350230414746544,0.8225806451612904,34,8,0.6682692307692307,0.8197115384615384,266,39,0.845589065853383,0.8428216423811138
default_5shot,microsoft_deberta-v2-xlarge-mnli,svamp,meta-llama_Llama-3.1-8B-Instruct,42,squad_token_f1,300,2.1033333333333335,2.1990000000000003,2.0,0.528275,0.563225,0.853325,0.869775,300,1.0,1.0,222,71,0.8611603395205671,0.8768771569816248,78,29,0.8272343420126671,0.8494018296973962,0,0,,,300,100,0.853325,0.869775
default_5shot,microsoft_deberta-v2-xlarge-mnli,svamp,meta-llama_Llama-3.1-8B-Instruct,42,llm_qwen2.5-72b,300,2.1033333333333335,2.1990000000000003,2.0,0.5038095238095238,0.5511843711843711,0.8532356532356532,0.867985347985348,300,1.0,1.0,222,76,0.8618871665465032,0.8764870223503965,78,29,0.8272343420126671,0.8494018296973962,0,0,,,300,105,0.8532356532356532,0.867985347985348
default_5shot,microsoft_deberta-v2-xlarge-mnli,svamp,meta-llama_Llama-3.1-8B-Instruct,42,llm_llama-3.1-70b,300,2.1033333333333335,2.1990000000000003,2.0,0.5164,0.552875,0.859925,0.87595,300,1.0,1.0,222,72,0.8636111111111111,0.8787962962962963,78,28,0.8464285714285714,0.8692857142857143,0,0,,,300,100,0.859925,0.87595
default_5shot,microsoft_deberta-v2-xlarge-mnli,svamp,meta-llama_Llama-3.1-8B-Instruct,43,squad_token_f1,300,2.1133333333333333,2.2896666666666667,2.0,0.54555,0.60945,0.872875,0.88855,300,1.0,1.0,221,68,0.8618319876970396,0.8814878892733564,79,32,0.9012632978723404,0.9125664893617021,0,0,,,300,100,0.872875,0.88855
default_5shot,microsoft_deberta-v2-xlarge-mnli,svamp,meta-llama_Llama-3.1-8B-Instruct,43,llm_qwen2.5-72b,300,2.1133333333333333,2.2896666666666667,2.0,0.5206837606837607,0.5893040293040293,0.8740903540903541,0.8875946275946276,300,1.0,1.0,221,73,0.8632450944094779,0.8810162902628657,79,32,0.9012632978723404,0.9125664893617021,0,0,,,300,105,0.8740903540903541,0.8875946275946276
default_5shot,microsoft_deberta-v2-xlarge-mnli,svamp,meta-llama_Llama-3.1-8B-Instruct,43,llm_llama-3.1-70b,300,2.1133333333333333,2.2896666666666667,2.0,0.533725,0.5998,0.880025,0.8961,300,1.0,1.0,221,69,0.8649885583524027,0.8850591151792525,79,31,0.9193548387096774,0.9321236559139785,0,0,,,300,100,0.880025,0.8961
default_5shot,microsoft_deberta-v2-xlarge-mnli,svamp,meta-llama_Llama-3.1-8B-Instruct,44,squad_token_f1,300,2.1133333333333333,2.2796666666666665,2.0,0.53705,0.595725,0.865525,0.88495,300,1.0,1.0,221,70,0.8565752128666035,0.878240302743614,79,30,0.8857142857142857,0.9081632653061225,0,0,,,300,100,0.865525,0.88495
default_5shot,microsoft_deberta-v2-xlarge-mnli,svamp,meta-llama_Llama-3.1-8B-Instruct,44,llm_qwen2.5-72b,300,2.1133333333333333,2.2796666666666665,2.0,0.5123809523809524,0.5803663003663003,0.8683272283272283,0.8842002442002442,300,1.0,1.0,221,75,0.8615068493150685,0.8787671232876713,79,30,0.8857142857142857,0.9081632653061225,0,0,,,300,105,0.8683272283272283,0.8842002442002442
default_5shot,microsoft_deberta-v2-xlarge-mnli,svamp,meta-llama_Llama-3.1-8B-Instruct,44,llm_llama-3.1-70b,300,2.1133333333333333,2.2796666666666665,2.0,0.525225,0.585875,0.87245,0.89135,300,1.0,1.0,221,71,0.8594835680751174,0.88037558685446,79,29,0.9051724137931034,0.9279310344827586,0,0,,,300,100,0.87245,0.89135
default_5shot,microsoft_deberta-v2-xlarge-mnli,svamp,mistralai_Mistral-7B-Instruct-v0.3,42,squad_token_f1,300,3.296666666666667,6.494,2.0,0.5990275088919904,0.6174418081130971,0.8516500832920625,0.8586060960785197,300,0.9660000000000001,1.0,190,78,0.8450091575091575,0.8511332417582418,110,55,0.8563636363636363,0.8791735537190083,0,0,,,300,133,0.8516500832920625,0.8586060960785197
default_5shot,microsoft_deberta-v2-xlarge-mnli,svamp,mistralai_Mistral-7B-Instruct-v0.3,42,llm_qwen2.5-72b,300,3.296666666666667,6.494,2.0,0.5886868686868687,0.6173288439955107,0.8521661054994388,0.8583838383838384,300,0.9660000000000001,1.0,190,80,0.8458522727272727,0.8518181818181818,110,55,0.8563636363636363,0.8791735537190083,0,0,,,300,135,0.8521661054994388,0.8583838383838384
default_5shot,microsoft_deberta-v2-xlarge-mnli,svamp,mistralai_Mistral-7B-Instruct-v0.3,42,llm_llama-3.1-70b,300,3.296666666666667,6.494,2.0,0.5873891315114133,0.6087974427085678,0.848430957633605,0.8564675160956283,300,0.9660000000000001,1.0,190,79,0.8457634850039913,0.8518075037062379,110,54,0.8498677248677249,0.87880291005291,0,0,,,300,133,0.848430957633605,0.8564675160956283
default_5shot,microsoft_deberta-v2-xlarge-mnli,svamp,mistralai_Mistral-7B-Instruct-v0.3,43,squad_token_f1,300,3.58,5.918,2.0,0.6046778623204718,0.5978569177434604,0.8357120345774616,0.8491738327855567,300,0.9606666666666668,1.0,184,73,0.825743551770949,0.8345674441564852,116,60,0.8471726190476191,0.8708333333333333,0,0,,,300,133,0.8357120345774616,0.8491738327855567
default_5shot,microsoft_deberta-v2-xlarge-mnli,svamp,mistralai_Mistral-7B-Instruct-v0.3,43,llm_qwen2.5-72b,300,3.58,5.918,2.0,0.5942312008978675,0.6040628507295174,0.8339842873176206,0.8488215488215488,300,0.9606666666666668,1.0,184,75,0.8241590214067278,0.8355351681957186,116,60,0.8471726190476191,0.8708333333333333,0,0,,,300,135,0.8339842873176206,0.8488215488215488
default_5shot,microsoft_deberta-v2-xlarge-mnli,svamp,mistralai_Mistral-7B-Instruct-v0.3,43,llm_llama-3.1-70b,300,3.58,5.918,2.0,0.5930394849398947,0.5966413038584485,0.8334383863851245,0.8459997298635811,300,0.9606666666666668,1.0,184,74,0.82997542997543,0.8372235872235873,116,59,0.8392804044008326,0.8636633957775796,0,0,,,300,133,0.8334383863851245,0.8459997298635811
default_5shot,microsoft_deberta-v2-xlarge-mnli,svamp,mistralai_Mistral-7B-Instruct-v0.3,44,squad_token_f1,300,3.566666666666667,5.737,2.0,0.601257014590348,0.6510437710437711,0.8517620650953984,0.8617732884399552,300,0.9596666666666666,1.0,188,77,0.8447993447993448,0.8488943488943489,112,58,0.8542464878671775,0.8812260536398467,0,0,,,300,135,0.8517620650953984,0.8617732884399552
default_5shot,microsoft_deberta-v2-xlarge-mnli,svamp,mistralai_Mistral-7B-Instruct-v0.3,44,llm_qwen2.5-72b,300,3.566666666666667,5.737,2.0,0.5909721911244459,0.6454256414849313,0.8498947651247145,0.8613810398101294,300,0.9596666666666666,1.0,188,79,0.8425270003483916,0.8493787016606665,112,58,0.8542464878671775,0.8812260536398467,0,0,,,300,137,0.8498947651247145,0.8613810398101294
default_5shot,microsoft_deberta-v2-xlarge-mnli,svamp,mistralai_Mistral-7B-Instruct-v0.3,44,llm_llama-3.1-70b,300,3.566666666666667,5.737,2.0,0.5848768207156986,0.6420607804351736,0.8492402445603309,0.8579841755080022,300,0.9596666666666666,1.0,188,78,0.8470862470862471,0.8510489510489511,112,56,0.8483737244897959,0.8748405612244898,0,0,,,300,134,0.8492402445603309,0.8579841755080022
default_5shot,microsoft_deberta-v2-xlarge-mnli,triviaqa,meta-llama_Llama-3.1-70B-Instruct,42,squad_token_f1,378,9.206349206349206,9.28095238095238,9.0,0.5444644060184145,0.5581181226139681,0.7092746463058612,0.74455423310128,378,0.9711640211640212,1.0,225,37,0.6451983898792409,0.6772570442783209,153,36,0.7680436847103513,0.8054368471035138,0,0,,,378,73,0.7092746463058612,0.74455423310128
default_5shot,microsoft_deberta-v2-xlarge-mnli,triviaqa,meta-llama_Llama-3.1-70B-Instruct,42,llm_qwen2.5-72b,378,9.206349206349206,9.28095238095238,9.0,0.5981638856150363,0.6234724892996713,0.8335711184169716,0.8088518082004839,378,0.9711640211640212,1.0,225,21,0.7684407096171803,0.7218720821661998,153,28,0.8735714285714286,0.8657142857142858,0,0,,,378,49,0.8335711184169716,0.8088518082004839
default_5shot,microsoft_deberta-v2-xlarge-mnli,triviaqa,meta-llama_Llama-3.1-70B-Instruct,42,llm_llama-3.1-70b,378,9.206349206349206,9.28095238095238,9.0,0.5999560825647782,0.6324110671936759,0.9323671497584541,0.9115942028985508,378,0.9711640211640212,1.0,225,13,0.9049346879535559,0.8677431059506531,153,20,0.943796992481203,0.9343984962406015,0,0,,,378,33,0.9323671497584541,0.9115942028985508
default_5shot,microsoft_deberta-v2-xlarge-mnli,triviaqa,meta-llama_Llama-3.1-70B-Instruct,43,squad_token_f1,378,9.28042328042328,9.414285714285715,9.0,0.5502533783783784,0.6040851706970128,0.7173052987197724,0.7516002844950214,378,0.9746031746031746,1.0,225,37,0.6547584818861415,0.70299022426682,153,37,0.7748136067101584,0.7922879776328052,0,0,,,378,74,0.7173052987197724,0.7516002844950214
default_5shot,microsoft_deberta-v2-xlarge-mnli,triviaqa,meta-llama_Llama-3.1-70B-Instruct,43,llm_qwen2.5-72b,378,9.28042328042328,9.414285714285715,9.0,0.6052134146341464,0.6691768292682927,0.8253658536585365,0.8123170731707318,378,0.9746031746031746,1.0,225,21,0.7615546218487395,0.7426470588235294,153,29,0.8609566184649611,0.8542825361512792,0,0,,,378,50,0.8253658536585365,0.8123170731707318
default_5shot,microsoft_deberta-v2-xlarge-mnli,triviaqa,meta-llama_Llama-3.1-70B-Instruct,43,llm_llama-3.1-70b,378,9.28042328042328,9.414285714285715,9.0,0.6106361149110807,0.6946819425444597,0.926171340629275,0.9068057455540356,378,0.9746031746031746,1.0,225,13,0.8933236574746009,0.8642960812772134,153,21,0.9336219336219336,0.9226190476190477,0,0,,,378,34,0.926171340629275,0.9068057455540356
default_5shot,microsoft_deberta-v2-xlarge-mnli,triviaqa,meta-llama_Llama-3.1-70B-Instruct,44,squad_token_f1,378,9.26984126984127,9.293915343915344,9.0,0.5536413641364136,0.5777117711771177,0.7166996699669967,0.7433003300330033,378,0.9748677248677249,1.0,225,37,0.6434732604945371,0.6721535365152387,153,38,0.7854691075514875,0.8062929061784897,0,0,,,378,75,0.7166996699669967,0.7433003300330033
default_5shot,microsoft_deberta-v2-xlarge-mnli,triviaqa,meta-llama_Llama-3.1-70B-Instruct,44,llm_qwen2.5-72b,378,9.26984126984127,9.293915343915344,9.0,0.6087425796006476,0.6305690471907417,0.81855249745158,0.8035617916891528,378,0.9748677248677249,1.0,225,21,0.7333099906629318,0.6947945845004668,153,30,0.870460704607046,0.8707317073170732,0,0,,,378,51,0.81855249745158,0.8035617916891528
default_5shot,microsoft_deberta-v2-xlarge-mnli,triviaqa,meta-llama_Llama-3.1-70B-Instruct,44,llm_llama-3.1-70b,378,9.26984126984127,9.293915343915344,9.0,0.6011456908344733,0.6471015731874145,0.9058225034199726,0.8908601231190151,378,0.9748677248677249,1.0,225,13,0.8661103047895501,0.8316400580551524,153,21,0.9213564213564214,0.9157647907647908,0,0,,,378,34,0.9058225034199726,0.8908601231190151
default_5shot,microsoft_deberta-v2-xlarge-mnli,triviaqa,meta-llama_Llama-3.1-8B-Instruct,42,squad_token_f1,378,8.894179894179894,9.646031746031746,8.0,0.4593287387582285,0.536004573971629,0.7911734709645517,0.8115554594060018,378,1.0,1.0,202,76,0.7927109440267335,0.8175647451963242,176,55,0.8084898572501878,0.8304282494365139,0,0,,,378,131,0.7911734709645517,0.8115554594060018
default_5shot,microsoft_deberta-v2-xlarge-mnli,triviaqa,meta-llama_Llama-3.1-8B-Instruct,42,llm_qwen2.5-72b,378,8.894179894179894,9.646031746031746,8.0,0.49187286127928403,0.5713181100289549,0.86465188207423,0.8526256909713082,378,1.0,1.0,202,64,0.8596014492753623,0.8471467391304348,176,52,0.8825217121588089,0.8760856079404467,0,0,,,378,116,0.86465188207423,0.8526256909713082
default_5shot,microsoft_deberta-v2-xlarge-mnli,triviaqa,meta-llama_Llama-3.1-8B-Instruct,42,llm_llama-3.1-70b,378,8.894179894179894,9.646031746031746,8.0,0.4702685421994885,0.5663363171355499,0.8902564649048025,0.8754617789144643,378,1.0,1.0,202,58,0.8941570881226054,0.8852370689655172,176,44,0.9034090909090909,0.8884297520661157,0,0,,,378,102,0.8902564649048025,0.8754617789144643
default_5shot,microsoft_deberta-v2-xlarge-mnli,triviaqa,meta-llama_Llama-3.1-8B-Instruct,43,squad_token_f1,378,8.817460317460318,9.899206349206349,8.0,0.4570263003368668,0.5348919862780851,0.7632815155916803,0.7808665821924159,378,1.0,1.0,205,78,0.7694326670704623,0.7956793862305673,173,53,0.7718553459119497,0.7848270440251572,0,0,,,378,131,0.7632815155916803,0.7808665821924159
default_5shot,microsoft_deberta-v2-xlarge-mnli,triviaqa,meta-llama_Llama-3.1-8B-Instruct,43,llm_qwen2.5-72b,378,8.817460317460318,9.899206349206349,8.0,0.4833316959753741,0.5602056521596751,0.8408815535252316,0.8393260634639945,378,1.0,1.0,205,67,0.8384166125892277,0.8314947004109885,173,50,0.8528455284552846,0.863739837398374,0,0,,,378,117,0.8408815535252316,0.8393260634639945
default_5shot,microsoft_deberta-v2-xlarge-mnli,triviaqa,meta-llama_Llama-3.1-8B-Instruct,43,llm_llama-3.1-70b,378,8.817460317460318,9.899206349206349,8.0,0.460864960282436,0.5542100617828774,0.8555163283318623,0.8497263901147396,378,1.0,1.0,205,61,0.858948087431694,0.8506944444444444,173,42,0.8674118502362778,0.8697746274082152,0,0,,,378,103,0.8555163283318623,0.8497263901147396
default_5shot,microsoft_deberta-v2-xlarge-mnli,triviaqa,meta-llama_Llama-3.1-8B-Instruct,44,squad_token_f1,378,8.878306878306878,9.677513227513229,8.0,0.4684921346231109,0.524677813147078,0.7604845937509658,0.7794449423617764,378,1.0,1.0,203,75,0.7670833333333333,0.7868229166666667,175,56,0.7727340936374549,0.7979441776710684,0,0,,,378,131,0.7604845937509658,0.7794449423617764
default_5shot,microsoft_deberta-v2-xlarge-mnli,triviaqa,meta-llama_Llama-3.1-8B-Instruct,44,llm_qwen2.5-72b,378,8.878306878306878,9.677513227513229,8.0,0.4903757567780995,0.5636845222426955,0.8328507501974204,0.8343972097920506,378,1.0,1.0,203,64,0.83869154676259,0.8372302158273381,175,52,0.8392745465916197,0.850609756097561,0,0,,,378,116,0.8328507501974204,0.8343972097920506
default_5shot,microsoft_deberta-v2-xlarge-mnli,triviaqa,meta-llama_Llama-3.1-8B-Instruct,44,llm_llama-3.1-70b,378,8.878306878306878,9.677513227513229,8.0,0.4686700767263427,0.5532289002557544,0.8619281045751634,0.8560315430520035,378,1.0,1.0,203,58,0.8667063020214031,0.863614744351962,175,44,0.8779493407356003,0.8739590562109646,0,0,,,378,102,0.8619281045751634,0.8560315430520035
default_5shot,microsoft_deberta-v2-xlarge-mnli,triviaqa,mistralai_Mistral-7B-Instruct-v0.3,42,squad_token_f1,378,9.296296296296296,9.588359788359789,8.0,0.5109940872135994,0.5324741315594974,0.739929785661493,0.7473361665434837,378,1.0,1.0,194,66,0.6761955492424242,0.6970288825757576,184,66,0.8066897791474062,0.8018746789933231,0,0,,,378,132,0.739929785661493,0.7473361665434837
default_5shot,microsoft_deberta-v2-xlarge-mnli,triviaqa,mistralai_Mistral-7B-Instruct-v0.3,42,llm_qwen2.5-72b,378,9.296296296296296,9.588359788359789,8.0,0.5618790279269602,0.5631041890440387,0.7968414339419978,0.7892555048335124,378,1.0,1.0,194,51,0.7136295077471548,0.7150006855889209,184,61,0.8662534986005598,0.8503931760629082,0,0,,,378,112,0.7968414339419978,0.7892555048335124
default_5shot,microsoft_deberta-v2-xlarge-mnli,triviaqa,mistralai_Mistral-7B-Instruct-v0.3,42,llm_llama-3.1-70b,378,9.296296296296296,9.588359788359789,8.0,0.5718656095000181,0.5854965424857898,0.8072119039860975,0.8008399406248868,378,1.0,1.0,194,43,0.7334822116125058,0.7397196981364547,184,56,0.8622349330357143,0.8449358258928571,0,0,,,378,99,0.8072119039860975,0.8008399406248868
default_5shot,microsoft_deberta-v2-xlarge-mnli,triviaqa,mistralai_Mistral-7B-Instruct-v0.3,43,squad_token_f1,378,9.304232804232804,9.739153439153439,8.0,0.5239515406249035,0.5353401118768736,0.7427295484748277,0.7447692925796582,378,1.0,1.0,193,63,0.6622100122100122,0.6727716727716728,185,68,0.8163650075414781,0.8154851684263449,0,0,,,378,131,0.7427295484748277,0.7447692925796582
default_5shot,microsoft_deberta-v2-xlarge-mnli,triviaqa,mistralai_Mistral-7B-Instruct-v0.3,43,llm_qwen2.5-72b,378,9.304232804232804,9.739153439153439,8.0,0.5758511320309073,0.5594527111381044,0.7883557715018389,0.7840705874413739,378,1.0,1.0,193,48,0.6900862068965518,0.6894396551724138,185,63,0.8600702576112412,0.8562971636742128,0,0,,,378,111,0.7883557715018389,0.7840705874413739
default_5shot,microsoft_deberta-v2-xlarge-mnli,triviaqa,mistralai_Mistral-7B-Instruct-v0.3,43,llm_llama-3.1-70b,378,9.304232804232804,9.739153439153439,8.0,0.5850423744359247,0.5815019994863705,0.809406757897054,0.80294970099424,378,1.0,1.0,193,40,0.7359477124183007,0.7395424836601308,185,57,0.8591694078947368,0.8462171052631579,0,0,,,378,97,0.809406757897054,0.80294970099424
default_5shot,microsoft_deberta-v2-xlarge-mnli,triviaqa,mistralai_Mistral-7B-Instruct-v0.3,44,squad_token_f1,378,9.28042328042328,9.536243386243386,8.0,0.5150057594719966,0.54335170137916,0.7429096229880764,0.7448086921328726,378,1.0,1.0,194,65,0.6815146094215861,0.6867620751341682,184,64,0.8106119791666667,0.8109375,0,0,,,378,129,0.7429096229880764,0.7448086921328726
default_5shot,microsoft_deberta-v2-xlarge-mnli,triviaqa,mistralai_Mistral-7B-Instruct-v0.3,44,llm_qwen2.5-72b,378,9.28042328042328,9.536243386243386,8.0,0.5724938421567635,0.572814387421129,0.8051253500691703,0.7969261396227688,378,1.0,1.0,194,50,0.7281944444444445,0.7101388888888889,184,61,0.8679861388777822,0.8697854191656671,0,0,,,378,111,0.8051253500691703,0.7969261396227688
default_5shot,microsoft_deberta-v2-xlarge-mnli,triviaqa,mistralai_Mistral-7B-Instruct-v0.3,44,llm_llama-3.1-70b,378,9.28042328042328,9.536243386243386,8.0,0.5814102799280919,0.6031294713284661,0.8236783211652052,0.8162857247679495,378,1.0,1.0,194,42,0.7698934837092731,0.7569705513784462,184,55,0.8639182522903454,0.8611698379140239,0,0,,,378,97,0.8236783211652052,0.8162857247679495
chat_5shot,microsoft_deberta-v2-xlarge-mnli,nqopen,meta-llama_Llama-3.1-70B-Instruct,42,squad_token_f1,400,29.14,22.416999999999998,13.0,0.5494924492449245,0.6185118511851185,0.7304730473047305,0.7581758175817582,400,0.3295,0.955,214,98,0.6651565798733287,0.7037737508796622,186,104,0.7889305816135085,0.8103306754221389,18,5,0.7076923076923077,0.6923076923076923,382,197,0.7251063245987104,0.7541912470846481
chat_5shot,microsoft_deberta-v2-xlarge-mnli,nqopen,meta-llama_Llama-3.1-70B-Instruct,42,llm_qwen2.5-72b,400,29.14,22.416999999999998,13.0,0.5501239017796801,0.6258917173537584,0.7480788966483943,0.7414708017321219,400,0.3295,0.955,214,96,0.6997263418079096,0.6991966807909604,186,97,0.7964786285184756,0.7860535155797521,18,6,0.625,0.6041666666666666,382,187,0.748018648018648,0.7410119292472234
chat_5shot,microsoft_deberta-v2-xlarge-mnli,nqopen,meta-llama_Llama-3.1-70B-Instruct,42,llm_llama-3.1-70b,400,29.14,22.416999999999998,13.0,0.5126077953395717,0.5673901077298105,0.6886189090718461,0.6732588922964011,400,0.3295,0.955,214,80,0.6689365671641792,0.6515858208955224,186,77,0.706362444894555,0.6918265221017514,18,4,0.6071428571428571,0.5803571428571429,382,153,0.6865599223677826,0.6707195250734937
chat_5shot,microsoft_deberta-v2-xlarge-mnli,nqopen,meta-llama_Llama-3.1-70B-Instruct,43,squad_token_f1,400,28.8325,22.73175,13.0,0.5460261506537664,0.6129653241331033,0.7452686317157929,0.7602190054751369,400,0.315,0.96,216,97,0.6874296110196656,0.7119033180282422,184,102,0.7997967479674797,0.8094213295074127,16,3,0.5641025641025641,0.6282051282051282,384,196,0.7457663916630481,0.7593899261832393
chat_5shot,microsoft_deberta-v2-xlarge-mnli,nqopen,meta-llama_Llama-3.1-70B-Instruct,43,llm_qwen2.5-72b,400,28.8325,22.73175,13.0,0.538722434982854,0.6237265650421767,0.7506695702235238,0.7414082250757178,400,0.315,0.96,216,97,0.7012041930174131,0.7135060209650871,184,96,0.7975260416666666,0.7690577651515151,16,5,0.6,0.6181818181818182,384,188,0.7542743161094225,0.742279092488059
chat_5shot,microsoft_deberta-v2-xlarge-mnli,nqopen,meta-llama_Llama-3.1-70B-Instruct,43,llm_llama-3.1-70b,400,28.8325,22.73175,13.0,0.5208984375,0.5875390625,0.7028645833333333,0.6997786458333334,400,0.315,0.96,216,80,0.677297794117647,0.67421875,184,80,0.7197115384615385,0.7219350961538461,16,3,0.5641025641025641,0.6282051282051282,384,157,0.7025730239344539,0.6970874603664525
chat_5shot,microsoft_deberta-v2-xlarge-mnli,nqopen,meta-llama_Llama-3.1-70B-Instruct,44,squad_token_f1,400,30.525,22.969250000000002,13.0,0.5433885847146178,0.5959523988099702,0.7380059501487537,0.7703442586064652,400,0.31125,0.9575,214,99,0.675494071146245,0.7127799736495388,186,102,0.8125,0.837593370681606,17,3,0.7380952380952381,0.6904761904761905,383,198,0.7325825825825826,0.765956865956866
chat_5shot,microsoft_deberta-v2-xlarge-mnli,nqopen,meta-llama_Llama-3.1-70B-Instruct,44,llm_qwen2.5-72b,400,30.525,22.969250000000002,13.0,0.5474085022169894,0.5994513890628522,0.7412009318870714,0.7361281595230341,400,0.31125,0.9575,214,94,0.6934397163120567,0.687322695035461,186,97,0.7921348314606742,0.7835630719332792,17,5,0.6083333333333333,0.6083333333333333,383,186,0.7429725451667485,0.7365591397849462
chat_5shot,microsoft_deberta-v2-xlarge-mnli,nqopen,meta-llama_Llama-3.1-70B-Instruct,44,llm_llama-3.1-70b,400,30.525,22.969250000000002,13.0,0.5345836245502317,0.5669022287799953,0.7102327146592116,0.7140767777173772,400,0.31125,0.9575,214,79,0.6651664322550398,0.6728082512892639,186,84,0.7492997198879552,0.7470238095238095,17,3,0.4523809523809524,0.42857142857142855,383,160,0.7117853139013453,0.7149803811659193
chat_5shot,microsoft_deberta-v2-xlarge-mnli,nqopen,meta-llama_Llama-3.1-8B-Instruct,42,squad_token_f1,400,20.6975,24.091000000000005,12.0,0.5303286457132611,0.6330208253285177,0.758523527754297,0.7706140013832321,400,1.0,1.0,211,119,0.7440628425283157,0.7478991596638656,189,112,0.7743506493506493,0.8010204081632653,0,0,,,400,231,0.758523527754297,0.7706140013832321
chat_5shot,microsoft_deberta-v2-xlarge-mnli,nqopen,meta-llama_Llama-3.1-8B-Instruct,42,llm_qwen2.5-72b,400,20.6975,24.091000000000005,12.0,0.5166131170950632,0.6330069359445124,0.7658481232150143,0.7564514483884129,400,1.0,1.0,211,121,0.7584481175390266,0.7421028466483012,189,107,0.7762138135400045,0.7784362890357875,0,0,,,400,228,0.7658481232150143,0.7564514483884129
chat_5shot,microsoft_deberta-v2-xlarge-mnli,nqopen,meta-llama_Llama-3.1-8B-Instruct,42,llm_llama-3.1-70b,400,20.6975,24.091000000000005,12.0,0.49326182618261827,0.6042229222922292,0.7253225322532253,0.7151840184018402,400,1.0,1.0,211,109,0.7499550278827127,0.733405288720993,189,93,0.7023409498207885,0.7047491039426523,0,0,,,400,202,0.7253225322532253,0.7151840184018402
chat_5shot,microsoft_deberta-v2-xlarge-mnli,nqopen,meta-llama_Llama-3.1-8B-Instruct,43,squad_token_f1,400,19.735,24.851750000000003,12.0,0.5282609811165846,0.6382132594417077,0.7455870279146142,0.7601985837438424,400,0.9997499999999999,1.0,208,119,0.7244358417524314,0.736852044188462,192,113,0.7759045592024196,0.7945558418281617,0,0,,,400,232,0.7455870279146142,0.7601985837438424
chat_5shot,microsoft_deberta-v2-xlarge-mnli,nqopen,meta-llama_Llama-3.1-8B-Instruct,43,llm_qwen2.5-72b,400,19.735,24.851750000000003,12.0,0.5172757220562323,0.6411042161444368,0.7783012845067545,0.7610638678209352,400,0.9997499999999999,1.0,208,119,0.7636200547634784,0.7538003965631196,192,110,0.7987804878048781,0.7737804878048781,0,0,,,400,229,0.7783012845067545,0.7610638678209352
chat_5shot,microsoft_deberta-v2-xlarge-mnli,nqopen,meta-llama_Llama-3.1-8B-Instruct,43,llm_llama-3.1-70b,400,19.735,24.851750000000003,12.0,0.4971724552096887,0.6148658792913623,0.7473601241117005,0.7317210489440497,400,0.9997499999999999,1.0,208,109,0.7607728662774534,0.7532666110647762,192,97,0.7395008138903961,0.7182854042322301,0,0,,,400,206,0.7473601241117005,0.7317210489440497
chat_5shot,microsoft_deberta-v2-xlarge-mnli,nqopen,meta-llama_Llama-3.1-8B-Instruct,44,squad_token_f1,400,19.1125,24.824750000000005,12.0,0.5242600679281902,0.626931229091652,0.7579866697310963,0.7696698077070405,400,1.0,1.0,209,117,0.7486993682645856,0.7677907840951319,191,112,0.7678006329113924,0.7843580470162749,0,0,,,400,229,0.7579866697310963,0.7696698077070405
chat_5shot,microsoft_deberta-v2-xlarge-mnli,nqopen,meta-llama_Llama-3.1-8B-Instruct,44,llm_qwen2.5-72b,400,19.1125,24.824750000000005,12.0,0.5076754385964912,0.6182935536515708,0.7890274377804978,0.7791590167278661,400,1.0,1.0,209,120,0.7833333333333333,0.7851591760299625,191,108,0.7989736724676484,0.7888219544846051,0,0,,,400,228,0.7890274377804978,0.7791590167278661
chat_5shot,microsoft_deberta-v2-xlarge-mnli,nqopen,meta-llama_Llama-3.1-8B-Instruct,44,llm_llama-3.1-70b,400,19.1125,24.824750000000005,12.0,0.5058888249856217,0.6094121177264885,0.7584081418319122,0.7479557900527619,400,1.0,1.0,209,106,0.7686847407950174,0.766623923795567,191,97,0.7500548365869708,0.7422132046501426,0,0,,,400,203,0.7584081418319122,0.7479557900527619
chat_5shot,microsoft_deberta-v2-xlarge-mnli,nqopen,mistralai_Mistral-7B-Instruct-v0.3,42,squad_token_f1,400,17.25,18.698249999999998,12.5,0.4945887445887446,0.5391722099039172,0.7724897054165347,0.7600306197867174,400,1.0,1.0,200,125,0.7477333333333334,0.7411733333333334,200,121,0.7973114342504446,0.7829793911497018,0,0,,,400,246,0.7724897054165347,0.7600306197867174
chat_5shot,microsoft_deberta-v2-xlarge-mnli,nqopen,mistralai_Mistral-7B-Instruct-v0.3,42,llm_qwen2.5-72b,400,17.25,18.698249999999998,12.5,0.5189024226291307,0.5665618025866473,0.7812373961442285,0.7741254604608642,400,1.0,1.0,200,126,0.7842127842127842,0.7690905190905191,200,127,0.7790421745227052,0.7803904648905188,0,0,,,400,253,0.7812373961442285,0.7741254604608642
chat_5shot,microsoft_deberta-v2-xlarge-mnli,nqopen,mistralai_Mistral-7B-Instruct-v0.3,42,llm_llama-3.1-70b,400,17.25,18.698249999999998,12.5,0.48647619047619045,0.517384126984127,0.7349079365079365,0.7139174603174603,400,1.0,1.0,200,116,0.7663690476190477,0.7554392446633826,200,109,0.7105554995463252,0.6819739893134389,0,0,,,400,225,0.7349079365079365,0.7139174603174603
chat_5shot,microsoft_deberta-v2-xlarge-mnli,nqopen,mistralai_Mistral-7B-Instruct-v0.3,43,squad_token_f1,400,16.665,18.00025,12.0,0.48247531270572747,0.5184726793943384,0.738749177090191,0.7186965108624095,400,1.0,1.0,203,128,0.713125,0.7098958333333333,197,117,0.7664529914529915,0.7384081196581197,0,0,,,400,245,0.738749177090191,0.7186965108624095
chat_5shot,microsoft_deberta-v2-xlarge-mnli,nqopen,mistralai_Mistral-7B-Instruct-v0.3,43,llm_qwen2.5-72b,400,16.665,18.00025,12.0,0.49694666666666665,0.54256,0.7457333333333334,0.727,400,1.0,1.0,203,131,0.769667090754877,0.771257421543681,197,119,0.7252747252747253,0.6937082525317819,0,0,,,400,250,0.7457333333333334,0.727
chat_5shot,microsoft_deberta-v2-xlarge-mnli,nqopen,mistralai_Mistral-7B-Instruct-v0.3,43,llm_llama-3.1-70b,400,16.665,18.00025,12.0,0.47000558035714285,0.5045023336038961,0.7039240056818182,0.6810318587662337,400,1.0,1.0,203,121,0.753073977020762,0.758113283612175,197,103,0.6617434414377195,0.6193968188390828,0,0,,,400,224,0.7039240056818182,0.6810318587662337
chat_5shot,microsoft_deberta-v2-xlarge-mnli,nqopen,mistralai_Mistral-7B-Instruct-v0.3,44,squad_token_f1,400,18.5575,18.30875,13.0,0.4905501003061979,0.5335893781015733,0.7451034737620104,0.7321956498785767,400,1.0,1.0,227,139,0.709941137998692,0.6990680183126227,173,107,0.7880911922967998,0.7800906258850184,0,0,,,400,246,0.7451034737620104,0.7321956498785767
chat_5shot,microsoft_deberta-v2-xlarge-mnli,nqopen,mistralai_Mistral-7B-Instruct-v0.3,44,llm_qwen2.5-72b,400,18.5575,18.30875,13.0,0.5100681038181039,0.5665620978120978,0.7424254611754612,0.7328936078936079,400,1.0,1.0,227,142,0.7588235294117647,0.7504142502071252,173,110,0.7178932178932179,0.7127705627705627,0,0,,,400,252,0.7424254611754612,0.7328936078936079
chat_5shot,microsoft_deberta-v2-xlarge-mnli,nqopen,mistralai_Mistral-7B-Instruct-v0.3,44,llm_llama-3.1-70b,400,18.5575,18.30875,13.0,0.4864840809683654,0.5264978130403825,0.7062862374122674,0.692948326721595,400,1.0,1.0,227,131,0.7443145674300254,0.7382315521628499,173,95,0.6609311740890689,0.6445344129554655,0,0,,,400,226,0.7062862374122674,0.692948326721595
chat_5shot,microsoft_deberta-v2-xlarge-mnli,svamp,meta-llama_Llama-3.1-70B-Instruct,42,squad_token_f1,300,2.42,2.9486666666666665,2.0,0.6187707641196013,0.6396271686969361,0.8554817275747508,0.8812292358803987,300,0.26166666666666666,0.89,226,28,0.8908730158730159,0.8876262626262627,74,14,0.7696428571428572,0.8583333333333333,33,4,0.771551724137931,0.9525862068965517,267,38,0.8669271431854746,0.8780740059756378
chat_5shot,microsoft_deberta-v2-xlarge-mnli,svamp,meta-llama_Llama-3.1-70B-Instruct,42,llm_qwen2.5-72b,300,2.42,2.9486666666666665,2.0,0.571213489912677,0.6009108702198133,0.8040123456790124,0.8334462511291779,300,0.26166666666666666,0.89,226,38,0.8336366181410975,0.8466545352743561,74,16,0.7203663793103449,0.7974137931034483,33,5,0.6821428571428572,0.8285714285714286,267,49,0.8190413780190976,0.8387006178618236
chat_5shot,microsoft_deberta-v2-xlarge-mnli,svamp,meta-llama_Llama-3.1-70B-Instruct,42,llm_llama-3.1-70b,300,2.42,2.9486666666666665,2.0,0.5844719934847525,0.6147859922178989,0.8429553886526107,0.8663016921545561,300,0.26166666666666666,0.89,226,31,0.8844499586435071,0.880479735318445,74,12,0.7237903225806451,0.8306451612903226,33,3,0.6833333333333333,0.9277777777777778,267,40,0.8600220264317181,0.8691629955947137
chat_5shot,microsoft_deberta-v2-xlarge-mnli,svamp,meta-llama_Llama-3.1-70B-Instruct,43,squad_token_f1,300,2.466666666666667,2.8413333333333335,2.0,0.6231543004798819,0.5966685123661868,0.8546973052787006,0.8794296788482835,300,0.26733333333333337,0.87,226,28,0.8906024531024531,0.8914141414141414,74,14,0.7660714285714286,0.8404761904761905,39,8,0.8104838709677419,0.9395161290322581,261,34,0.8633065561026173,0.8650557139155222
chat_5shot,microsoft_deberta-v2-xlarge-mnli,svamp,meta-llama_Llama-3.1-70B-Instruct,43,llm_qwen2.5-72b,300,2.466666666666667,2.8413333333333335,2.0,0.581038961038961,0.5704638218923933,0.8174397031539888,0.843821892393321,300,0.26733333333333337,0.87,226,38,0.8339165733482643,0.848124300111982,74,17,0.7667698658410733,0.8214654282765738,39,9,0.762962962962963,0.8740740740740741,261,46,0.8268958543983822,0.8387259858442871
chat_5shot,microsoft_deberta-v2-xlarge-mnli,svamp,meta-llama_Llama-3.1-70B-Instruct,43,llm_llama-3.1-70b,300,2.466666666666667,2.8413333333333335,2.0,0.5886797574880102,0.5744728983802371,0.8448556691702108,0.8661207130576418,300,0.26733333333333337,0.87,226,31,0.8856079404466501,0.8856906534325889,74,12,0.7278225806451613,0.8098118279569892,39,8,0.8064516129032258,0.9193548387096774,261,35,0.852338811630847,0.8530341340075853
chat_5shot,microsoft_deberta-v2-xlarge-mnli,svamp,meta-llama_Llama-3.1-70B-Instruct,44,squad_token_f1,300,2.41,2.8473333333333333,2.0,0.6261097301136364,0.6122159090909091,0.8530717329545454,0.8762428977272727,300,0.26566666666666666,0.8766666666666667,226,29,0.865219674426746,0.8806231402065464,74,15,0.8158192090395481,0.8581920903954803,37,9,0.8690476190476191,0.9543650793650794,263,35,0.8526942355889724,0.8558270676691729
chat_5shot,microsoft_deberta-v2-xlarge-mnli,svamp,meta-llama_Llama-3.1-70B-Instruct,44,llm_qwen2.5-72b,300,2.41,2.8473333333333333,2.0,0.5786372950819673,0.5626097775175644,0.7834821428571429,0.8097555620608899,300,0.26566666666666666,0.8766666666666667,226,39,0.7867132867132867,0.8111888111888111,74,17,0.7657378740970072,0.8013415892672858,37,12,0.76,0.8116666666666666,263,44,0.7923931091739311,0.8065068493150684
chat_5shot,microsoft_deberta-v2-xlarge-mnli,svamp,meta-llama_Llama-3.1-70B-Instruct,44,llm_llama-3.1-70b,300,2.41,2.8473333333333333,2.0,0.5928104575163399,0.6074509803921568,0.8454466230936819,0.8638344226579521,300,0.26566666666666666,0.8766666666666667,226,32,0.8638047680412371,0.8758054123711341,74,13,0.7957124842370744,0.8366960907944514,37,9,0.7936507936507936,0.8670634920634921,263,36,0.8588472834067548,0.8594591287322565
chat_5shot,microsoft_deberta-v2-xlarge-mnli,svamp,meta-llama_Llama-3.1-8B-Instruct,42,squad_token_f1,300,2.1866666666666665,2.4040000000000004,2.0,0.5630684959043168,0.6278707472737324,0.8770792502135786,0.8905472636815921,300,1.0,1.0,219,66,0.8721033868092691,0.8821548821548821,81,33,0.8876262626262627,0.9125631313131313,0,0,,,300,99,0.8770792502135786,0.8905472636815921
chat_5shot,microsoft_deberta-v2-xlarge-mnli,svamp,meta-llama_Llama-3.1-8B-Instruct,42,llm_qwen2.5-72b,300,2.1866666666666665,2.4040000000000004,2.0,0.5372841444270016,0.6186224489795918,0.8797095761381476,0.8917533359497645,300,1.0,1.0,219,71,0.8763323182337267,0.8859440426341835,81,33,0.8876262626262627,0.9125631313131313,0,0,,,300,104,0.8797095761381476,0.8917533359497645
chat_5shot,microsoft_deberta-v2-xlarge-mnli,svamp,meta-llama_Llama-3.1-8B-Instruct,42,llm_llama-3.1-70b,300,2.1866666666666665,2.4040000000000004,2.0,0.5511583496658123,0.6166892808683854,0.8845921905623398,0.8979596964671591,300,1.0,1.0,219,67,0.8754418695993715,0.8855557737627652,81,32,0.9056122448979592,0.9314413265306123,0,0,,,300,99,0.8845921905623398,0.8979596964671591
chat_5shot,microsoft_deberta-v2-xlarge-mnli,svamp,meta-llama_Llama-3.1-8B-Instruct,43,squad_token_f1,300,2.1866666666666665,2.3609999999999998,2.0,0.55599486521181,0.5746598202824134,0.8655455712451862,0.882824133504493,300,1.0,1.0,218,63,0.8647209421402969,0.8752176139272914,82,32,0.8678125,0.895,0,0,,,300,95,0.8655455712451862,0.882824133504493
chat_5shot,microsoft_deberta-v2-xlarge-mnli,svamp,meta-llama_Llama-3.1-8B-Instruct,43,llm_qwen2.5-72b,300,2.1866666666666665,2.3609999999999998,2.0,0.5350017588823559,0.5605558068244635,0.8623548922056384,0.8773556460123624,300,1.0,1.0,218,67,0.8596421864188989,0.8685381041810813,82,32,0.8678125,0.895,0,0,,,300,99,0.8623548922056384,0.8773556460123624
chat_5shot,microsoft_deberta-v2-xlarge-mnli,svamp,meta-llama_Llama-3.1-8B-Instruct,43,llm_llama-3.1-70b,300,2.1866666666666665,2.3609999999999998,2.0,0.5438510911424904,0.5635686777920411,0.8724775353016688,0.8894223363286264,300,1.0,1.0,218,64,0.867288961038961,0.8770799512987013,82,31,0.8855154965211891,0.9142947501581278,0,0,,,300,95,0.8724775353016688,0.8894223363286264
chat_5shot,microsoft_deberta-v2-xlarge-mnli,svamp,meta-llama_Llama-3.1-8B-Instruct,44,squad_token_f1,300,2.1933333333333334,2.4023333333333334,2.0,0.5583568677792041,0.593607188703466,0.8236713735558409,0.8518613607188703,300,1.0,1.0,218,63,0.8169482846902202,0.8354838709677419,82,32,0.8375,0.889375,0,0,,,300,95,0.8236713735558409,0.8518613607188703
chat_5shot,microsoft_deberta-v2-xlarge-mnli,svamp,meta-llama_Llama-3.1-8B-Instruct,44,llm_qwen2.5-72b,300,2.1933333333333334,2.4023333333333334,2.0,0.53195,0.57825,0.827025,0.85395,300,1.0,1.0,218,68,0.8217156862745097,0.8401960784313726,82,32,0.8375,0.889375,0,0,,,300,100,0.827025,0.85395
chat_5shot,microsoft_deberta-v2-xlarge-mnli,svamp,meta-llama_Llama-3.1-8B-Instruct,44,llm_llama-3.1-70b,300,2.1933333333333334,2.4023333333333334,2.0,0.5461617458279846,0.5823620025673941,0.8316816431322208,0.8600770218228498,300,1.0,1.0,218,64,0.821580762987013,0.8404017857142857,82,31,0.8538899430740038,0.907337128399747,0,0,,,300,95,0.8316816431322208,0.8600770218228498
chat_5shot,microsoft_deberta-v2-xlarge-mnli,svamp,mistralai_Mistral-7B-Instruct-v0.3,42,squad_token_f1,300,3.34,4.892333333333332,2.0,0.5835724533715926,0.6222650645624104,0.8357245337159254,0.8583213773314203,300,0.9040000000000001,1.0,187,78,0.8149258997882851,0.8266878381557281,113,58,0.8672413793103448,0.9064263322884013,0,0,,,300,136,0.8357245337159254,0.8583213773314203
chat_5shot,microsoft_deberta-v2-xlarge-mnli,svamp,mistralai_Mistral-7B-Instruct-v0.3,42,llm_qwen2.5-72b,300,3.34,4.892333333333332,2.0,0.5681442423700791,0.607667902944725,0.8340855266097681,0.8575003351356182,300,0.9040000000000001,1.0,187,81,0.8139412997903563,0.8278010715117633,113,58,0.8672413793103448,0.9064263322884013,0,0,,,300,139,0.8340855266097681,0.8575003351356182
chat_5shot,microsoft_deberta-v2-xlarge-mnli,svamp,mistralai_Mistral-7B-Instruct-v0.3,42,llm_llama-3.1-70b,300,3.34,4.892333333333332,2.0,0.5681563745465944,0.615332945233084,0.83507232098876,0.8562088576418432,300,0.9040000000000001,1.0,187,80,0.820677570093458,0.8318341121495327,113,57,0.8610588972431078,0.8978696741854637,0,0,,,300,137,0.83507232098876,0.8562088576418432
chat_5shot,microsoft_deberta-v2-xlarge-mnli,svamp,mistralai_Mistral-7B-Instruct-v0.3,43,squad_token_f1,300,3.296666666666667,4.995666666666667,2.0,0.5764332633272264,0.6295857723758881,0.8225121765941285,0.8484069886947585,300,0.915,1.0,187,81,0.8053808525506638,0.8182506405776846,113,58,0.8551724137931035,0.8989028213166145,0,0,,,300,139,0.8225121765941285,0.8484069886947585
chat_5shot,microsoft_deberta-v2-xlarge-mnli,svamp,mistralai_Mistral-7B-Instruct-v0.3,43,llm_qwen2.5-72b,300,3.296666666666667,4.995666666666667,2.0,0.5662607609616843,0.6230206521254293,0.8214906998528034,0.8478745706766582,300,0.915,1.0,187,83,0.804854031510658,0.8189295644114921,113,58,0.8551724137931035,0.8989028213166145,0,0,,,300,141,0.8214906998528034,0.8478745706766582
chat_5shot,microsoft_deberta-v2-xlarge-mnli,svamp,mistralai_Mistral-7B-Instruct-v0.3,43,llm_llama-3.1-70b,300,3.296666666666667,4.995666666666667,2.0,0.5611830357142857,0.6137276785714286,0.8190625,0.8438839285714286,300,0.915,1.0,187,83,0.8091404077849861,0.821883688600556,113,57,0.8461779448621554,0.8895676691729323,0,0,,,300,140,0.8190625,0.8438839285714286
chat_5shot,microsoft_deberta-v2-xlarge-mnli,svamp,mistralai_Mistral-7B-Instruct-v0.3,44,squad_token_f1,300,3.236666666666667,4.818333333333333,2.0,0.588855421686747,0.6292258586585147,0.8267847509440748,0.8463181082539112,300,0.8983333333333333,1.0,188,76,0.8089755639097744,0.814438439849624,112,58,0.8467432950191571,0.888250319284802,0,0,,,300,134,0.8267847509440748,0.8463181082539112
chat_5shot,microsoft_deberta-v2-xlarge-mnli,svamp,mistralai_Mistral-7B-Instruct-v0.3,44,llm_qwen2.5-72b,300,3.236666666666667,4.818333333333333,2.0,0.5734628991088622,0.6123326317674981,0.8212574448076665,0.8401773319600555,300,0.8983333333333333,1.0,188,79,0.801068400882592,0.8062362094994774,112,58,0.8467432950191571,0.888250319284802,0,0,,,300,137,0.8212574448076665,0.8401773319600555
chat_5shot,microsoft_deberta-v2-xlarge-mnli,svamp,mistralai_Mistral-7B-Instruct-v0.3,44,llm_llama-3.1-70b,300,3.236666666666667,4.818333333333333,2.0,0.5785605106995145,0.6276299226757778,0.8284256428699874,0.8450818198165797,300,0.8983333333333333,1.0,188,77,0.8139698139698139,0.8187083187083187,112,57,0.8462519936204147,0.8826156299840511,0,0,,,300,134,0.8284256428699874,0.8450818198165797
chat_5shot,microsoft_deberta-v2-xlarge-mnli,triviaqa,meta-llama_Llama-3.1-70B-Instruct,42,squad_token_f1,378,9.476190476190476,9.431216931216932,9.0,0.5796662600209133,0.5802544440571628,0.71843412338794,0.762112234227954,378,0.966931216931217,1.0,221,35,0.6264976958525346,0.6810291858678955,157,41,0.7951009251471826,0.8249579478553406,0,0,,,378,76,0.71843412338794,0.762112234227954
chat_5shot,microsoft_deberta-v2-xlarge-mnli,triviaqa,meta-llama_Llama-3.1-70B-Instruct,42,llm_qwen2.5-72b,378,9.476190476190476,9.431216931216932,9.0,0.6441768292682927,0.6388719512195122,0.8215548780487805,0.8082317073170732,378,0.966931216931217,1.0,221,18,0.7319376026272578,0.6833607006020799,157,32,0.86675,0.86825,0,0,,,378,50,0.8215548780487805,0.8082317073170732
chat_5shot,microsoft_deberta-v2-xlarge-mnli,triviaqa,meta-llama_Llama-3.1-70B-Instruct,42,llm_llama-3.1-70b,378,9.476190476190476,9.431216931216932,9.0,0.6410738714090287,0.6465030779753762,0.9088577291381669,0.9048392612859097,378,0.966931216931217,1.0,221,11,0.8590909090909091,0.8326839826839827,157,23,0.9265087605451006,0.9279688513951979,0,0,,,378,34,0.9088577291381669,0.9048392612859097
chat_5shot,microsoft_deberta-v2-xlarge-mnli,triviaqa,meta-llama_Llama-3.1-70B-Instruct,43,squad_token_f1,378,9.375661375661375,9.337037037037037,9.0,0.5806380638063806,0.5936413641364137,0.7264026402640265,0.7673707370737074,378,0.966931216931217,1.0,222,34,0.6286764705882353,0.6772528160200251,156,41,0.8071049840933192,0.8346765641569459,0,0,,,378,75,0.7264026402640265,0.7673707370737074
chat_5shot,microsoft_deberta-v2-xlarge-mnli,triviaqa,meta-llama_Llama-3.1-70B-Instruct,43,llm_qwen2.5-72b,378,9.375661375661375,9.337037037037037,9.0,0.6403448917560945,0.6561317536132995,0.8165126232863966,0.8151479436759507,378,0.966931216931217,1.0,222,17,0.7140602582496414,0.6776183644189383,156,32,0.8674395161290323,0.8847026209677419,0,0,,,378,49,0.8165126232863966,0.8151479436759507
chat_5shot,microsoft_deberta-v2-xlarge-mnli,triviaqa,meta-llama_Llama-3.1-70B-Instruct,43,llm_llama-3.1-70b,378,9.375661375661375,9.337037037037037,9.0,0.6497471098265896,0.6704750722543352,0.9048500722543352,0.8970827312138728,378,0.966931216931217,1.0,222,9,0.823943661971831,0.7902973395931142,156,23,0.9292252370055574,0.931350114416476,0,0,,,378,32,0.9048500722543352,0.8970827312138728
chat_5shot,microsoft_deberta-v2-xlarge-mnli,triviaqa,meta-llama_Llama-3.1-70B-Instruct,44,squad_token_f1,378,9.431216931216932,9.371164021164022,9.0,0.5771238728049359,0.5894421193424516,0.7366570306769642,0.7582517150623463,378,0.9642857142857143,1.0,221,35,0.628110599078341,0.659447004608295,157,42,0.8240165631469979,0.8380952380952381,0,0,,,378,77,0.7366570306769642,0.7582517150623463
chat_5shot,microsoft_deberta-v2-xlarge-mnli,triviaqa,meta-llama_Llama-3.1-70B-Instruct,44,llm_qwen2.5-72b,378,9.431216931216932,9.371164021164022,9.0,0.6388139353600768,0.6660370570246448,0.8164238172333154,0.8038616058044012,378,0.9642857142857143,1.0,221,18,0.7033388067870826,0.6592775041050903,157,33,0.8715786901270772,0.874266862170088,0,0,,,378,51,0.8164238172333154,0.8038616058044012
chat_5shot,microsoft_deberta-v2-xlarge-mnli,triviaqa,meta-llama_Llama-3.1-70B-Instruct,44,llm_llama-3.1-70b,378,9.431216931216932,9.371164021164022,9.0,0.6531861724281549,0.6915868388171595,0.9291545189504373,0.9204498125780924,378,0.9642857142857143,1.0,221,10,0.8848341232227488,0.8488151658767773,157,25,0.9404545454545454,0.9398484848484848,0,0,,,378,35,0.9291545189504373,0.9204498125780924
chat_5shot,microsoft_deberta-v2-xlarge-mnli,triviaqa,meta-llama_Llama-3.1-8B-Instruct,42,squad_token_f1,378,8.96031746031746,9.791534391534391,8.0,0.47652749018759466,0.5298389838365732,0.7723985536359984,0.7966436937911425,378,1.0,1.0,201,73,0.7741331335616438,0.794574058219178,177,58,0.7820921472037091,0.816212691973341,0,0,,,378,131,0.7723985536359984,0.7966436937911425
chat_5shot,microsoft_deberta-v2-xlarge-mnli,triviaqa,meta-llama_Llama-3.1-8B-Instruct,42,llm_qwen2.5-72b,378,8.96031746031746,9.791534391534391,8.0,0.510642112125163,0.5678617992177314,0.8517275097783572,0.8511734028683181,378,1.0,1.0,201,62,0.8374912972847528,0.8280343467161755,177,56,0.8730814639905549,0.887396694214876,0,0,,,378,118,0.8517275097783572,0.8511734028683181
chat_5shot,microsoft_deberta-v2-xlarge-mnli,triviaqa,meta-llama_Llama-3.1-8B-Instruct,42,llm_llama-3.1-70b,378,8.96031746031746,9.791534391534391,8.0,0.49198133071308253,0.5628684727681078,0.8788426445816957,0.8712450870297586,378,1.0,1.0,201,56,0.8666256157635468,0.8639162561576355,177,48,0.9032622739018088,0.895671834625323,0,0,,,378,104,0.8788426445816957,0.8712450870297586
chat_5shot,microsoft_deberta-v2-xlarge-mnli,triviaqa,meta-llama_Llama-3.1-8B-Instruct,43,squad_token_f1,378,8.965608465608465,9.71984126984127,8.0,0.4675134647115594,0.5329223872233119,0.778353724977429,0.8006755704990505,378,1.0,1.0,202,74,0.7891680743243243,0.8112331081081081,176,55,0.7831705484598046,0.8093163035311796,0,0,,,378,129,0.778353724977429,0.8006755704990505
chat_5shot,microsoft_deberta-v2-xlarge-mnli,triviaqa,meta-llama_Llama-3.1-8B-Instruct,43,llm_qwen2.5-72b,378,8.965608465608465,9.71984126984127,8.0,0.501445374800638,0.5609881711855396,0.8488503455608719,0.8450126262626263,378,1.0,1.0,202,61,0.849377979304732,0.8386815486571328,176,53,0.8567264917932198,0.8620954134069643,0,0,,,378,114,0.8488503455608719,0.8450126262626263
chat_5shot,microsoft_deberta-v2-xlarge-mnli,triviaqa,meta-llama_Llama-3.1-8B-Instruct,43,llm_llama-3.1-70b,378,8.965608465608465,9.71984126984127,8.0,0.47972557112342057,0.5611491256652547,0.8681257014590348,0.8642337352014772,378,1.0,1.0,202,55,0.87291280148423,0.8688311688311688,176,44,0.8783574380165289,0.8772382920110193,0,0,,,378,99,0.8681257014590348,0.8642337352014772
chat_5shot,microsoft_deberta-v2-xlarge-mnli,triviaqa,meta-llama_Llama-3.1-8B-Instruct,44,squad_token_f1,378,8.899470899470899,9.654761904761905,8.0,0.48944299524321006,0.5521558999539665,0.7759551941077183,0.8023783949670094,378,1.0,1.0,202,73,0.7942550706169693,0.8204842306467027,176,60,0.7631465517241379,0.7961925287356322,0,0,,,378,133,0.7759551941077183,0.8023783949670094
chat_5shot,microsoft_deberta-v2-xlarge-mnli,triviaqa,meta-llama_Llama-3.1-8B-Instruct,44,llm_qwen2.5-72b,378,8.899470899470899,9.654761904761905,8.0,0.5068605298490356,0.5847496479680387,0.8537839342437044,0.856780299309035,378,1.0,1.0,202,63,0.854230900993491,0.8631380609797876,176,54,0.8595931997571342,0.8617941712204007,0,0,,,378,117,0.8537839342437044,0.856780299309035
chat_5shot,microsoft_deberta-v2-xlarge-mnli,triviaqa,meta-llama_Llama-3.1-8B-Instruct,44,llm_llama-3.1-70b,378,8.899470899470899,9.654761904761905,8.0,0.48741394527802295,0.5753221535745807,0.8750220653133275,0.8753045013239188,378,1.0,1.0,202,57,0.8817301875378101,0.8954627949183304,176,46,0.8801003344481605,0.8686454849498327,0,0,,,378,103,0.8750220653133275,0.8753045013239188
chat_5shot,microsoft_deberta-v2-xlarge-mnli,triviaqa,mistralai_Mistral-7B-Instruct-v0.3,42,squad_token_f1,378,9.296296296296296,9.597619047619046,8.0,0.5261171497584541,0.5447614734299517,0.7665458937198067,0.7806763285024154,378,1.0,1.0,197,69,0.7103147644927537,0.7223731884057971,181,69,0.8251811594202898,0.8442675983436853,0,0,,,378,138,0.7665458937198067,0.7806763285024154
chat_5shot,microsoft_deberta-v2-xlarge-mnli,triviaqa,mistralai_Mistral-7B-Instruct-v0.3,42,llm_qwen2.5-72b,378,9.296296296296296,9.597619047619046,8.0,0.5700093035619351,0.5755083732057417,0.798744019138756,0.7906698564593302,378,1.0,1.0,197,53,0.7126572327044025,0.7030267295597484,181,61,0.8746584699453552,0.8687841530054645,0,0,,,378,114,0.798744019138756,0.7906698564593302
chat_5shot,microsoft_deberta-v2-xlarge-mnli,triviaqa,mistralai_Mistral-7B-Instruct-v0.3,42,llm_llama-3.1-70b,378,9.296296296296296,9.597619047619046,8.0,0.5901258992805756,0.6032913669064748,0.8296223021582734,0.8173920863309353,378,1.0,1.0,197,43,0.7563424947145877,0.740410752038659,181,57,0.8856112054329371,0.8760611205432938,0,0,,,378,100,0.8296223021582734,0.8173920863309353
chat_5shot,microsoft_deberta-v2-xlarge-mnli,triviaqa,mistralai_Mistral-7B-Instruct-v0.3,43,squad_token_f1,378,9.30952380952381,9.491798941798944,8.0,0.5248590153939948,0.5165371132449321,0.7534064929126657,0.7542752629172382,378,1.0,1.0,194,66,0.6840080492424242,0.6849550189393939,184,69,0.819533711405167,0.8233144297416509,0,0,,,378,135,0.7534064929126657,0.7542752629172382
chat_5shot,microsoft_deberta-v2-xlarge-mnli,triviaqa,mistralai_Mistral-7B-Instruct-v0.3,43,llm_qwen2.5-72b,378,9.30952380952381,9.491798941798944,8.0,0.5683436245233998,0.5505955393595843,0.7810001012248203,0.7721766710530755,378,1.0,1.0,194,50,0.6940972222222223,0.6884027777777778,184,61,0.8517926162868186,0.8414634146341463,0,0,,,378,111,0.7810001012248203,0.7721766710530755
chat_5shot,microsoft_deberta-v2-xlarge-mnli,triviaqa,mistralai_Mistral-7B-Instruct-v0.3,43,llm_llama-3.1-70b,378,9.30952380952381,9.491798941798944,8.0,0.5845863309352518,0.5704496402877698,0.806978417266187,0.8019604316546762,378,1.0,1.0,194,42,0.7374686716791979,0.7384085213032582,184,58,0.8562534209085934,0.8464696223316913,0,0,,,378,100,0.806978417266187,0.8019604316546762
chat_5shot,microsoft_deberta-v2-xlarge-mnli,triviaqa,mistralai_Mistral-7B-Instruct-v0.3,44,squad_token_f1,378,9.275132275132275,9.517989417989419,8.0,0.5352769679300291,0.5447445143470923,0.7702010127359215,0.7782261776891207,378,1.0,1.0,194,63,0.6692717799588028,0.6871440688234581,184,70,0.8620300751879699,0.862593984962406,0,0,,,378,133,0.7702010127359215,0.7782261776891207
chat_5shot,microsoft_deberta-v2-xlarge-mnli,triviaqa,mistralai_Mistral-7B-Instruct-v0.3,44,llm_qwen2.5-72b,378,9.275132275132275,9.517989417989419,8.0,0.5693012211668929,0.5610244233378562,0.8164518317503392,0.8042401628222524,378,1.0,1.0,194,49,0.7040816326530612,0.7071076706544687,184,61,0.9078368652538984,0.8851792616286819,0,0,,,378,110,0.8164518317503392,0.8042401628222524
chat_5shot,microsoft_deberta-v2-xlarge-mnli,triviaqa,mistralai_Mistral-7B-Instruct-v0.3,44,llm_llama-3.1-70b,378,9.275132275132275,9.517989417989419,8.0,0.590688775510204,0.5815051020408163,0.8348032069970845,0.820298833819242,378,1.0,1.0,194,40,0.734172077922078,0.734172077922078,184,58,0.904488232074439,0.8799945265462507,0,0,,,378,98,0.8348032069970845,0.820298833819242
default_0shot,microsoft_deberta-v2-xlarge-mnli,nqopen,meta-llama_Llama-3.1-70B-Instruct,42,squad_token_f1,400,48.4125,46.7875,17.0,0.7461640923179385,0.7555393324624093,0.7903890980814058,0.813148390071467,400,0.09725000000000002,0.3975,204,78,0.6599002849002849,0.6769434269434269,196,153,0.8378932968536251,0.8344733242134063,241,118,0.7378737770428552,0.7743557944054017,159,113,0.8283955367449019,0.8434013081954598
default_0shot,microsoft_deberta-v2-xlarge-mnli,nqopen,meta-llama_Llama-3.1-70B-Instruct,42,llm_qwen2.5-72b,400,48.4125,46.7875,17.0,0.6113618696557085,0.641879184533213,0.6978484916873543,0.6957546578399659,400,0.09725000000000002,0.3975,204,76,0.6457134046052632,0.6649362664473685,196,113,0.685467533852223,0.6421793368162917,241,95,0.6361571737563085,0.6680605623648161,159,94,0.7216039279869068,0.6745499181669394
default_0shot,microsoft_deberta-v2-xlarge-mnli,nqopen,meta-llama_Llama-3.1-70B-Instruct,42,llm_llama-3.1-70b,400,48.4125,46.7875,17.0,0.580063845124086,0.6210354237462671,0.6824091236741839,0.6766424673051179,400,0.09725000000000002,0.3975,204,70,0.6393923240938166,0.6473347547974414,196,96,0.6840104166666666,0.6513020833333333,241,83,0.631729449443343,0.6667683391795028,159,83,0.6904724159797083,0.6295973367152822
default_0shot,microsoft_deberta-v2-xlarge-mnli,nqopen,meta-llama_Llama-3.1-70B-Instruct,43,squad_token_f1,400,47.705,47.6605,17.0,0.7521394978283776,0.7507774151268279,0.7576135283081905,0.7969468787746395,400,0.09425,0.405,202,77,0.6160519480519481,0.6601558441558442,198,156,0.7876221001221001,0.8134920634920635,238,121,0.7357844176025994,0.7837465564738292,162,112,0.7425,0.7951785714285714
default_0shot,microsoft_deberta-v2-xlarge-mnli,nqopen,meta-llama_Llama-3.1-70B-Instruct,43,llm_qwen2.5-72b,400,47.705,47.6605,17.0,0.6070478723404256,0.6480580088317944,0.6903226615816941,0.6868727418707347,400,0.09425,0.405,202,75,0.6458267716535433,0.6619422572178477,198,113,0.6598646538261322,0.6275897969807392,238,98,0.6657434402332362,0.6614431486880467,162,90,0.6823302469135802,0.6754629629629629
default_0shot,microsoft_deberta-v2-xlarge-mnli,nqopen,meta-llama_Llama-3.1-70B-Instruct,43,llm_llama-3.1-70b,400,47.705,47.6605,17.0,0.5725079806405108,0.6372541447842652,0.6803624755431984,0.678315827412213,400,0.09425,0.405,202,70,0.647077922077922,0.6600108225108225,198,96,0.6692708333333334,0.650531045751634,238,86,0.6529605263157895,0.6580859853121175,162,80,0.6764481707317073,0.6586890243902439
default_0shot,microsoft_deberta-v2-xlarge-mnli,nqopen,meta-llama_Llama-3.1-70B-Instruct,44,squad_token_f1,400,47.265,46.7275,17.0,0.7569225646148723,0.7705755782678859,0.7535541381695228,0.8013012628397244,400,0.09125,0.395,205,77,0.615716314935065,0.6529525162337663,195,154,0.8080456129236617,0.8340196388976877,242,122,0.7102459016393443,0.7759904371584699,158,109,0.7895525182550084,0.8092117580977345
default_0shot,microsoft_deberta-v2-xlarge-mnli,nqopen,meta-llama_Llama-3.1-70B-Instruct,44,llm_qwen2.5-72b,400,47.265,46.7275,17.0,0.6172045437448281,0.6811228967627072,0.6937862032648763,0.7007949045863738,400,0.09125,0.395,205,75,0.6418974358974359,0.6438461538461538,195,114,0.6841022308858566,0.6666666666666666,242,98,0.6546910430839002,0.6783234126984127,158,91,0.7141216991963261,0.6827128095784812
default_0shot,microsoft_deberta-v2-xlarge-mnli,nqopen,meta-llama_Llama-3.1-70B-Instruct,44,llm_llama-3.1-70b,400,47.265,46.7275,17.0,0.5833333333333334,0.6559806034482759,0.6692964901477833,0.6772244458128078,400,0.09125,0.395,205,70,0.6461904761904762,0.6403174603174603,195,98,0.6523774458236903,0.6509046917736167,242,88,0.6433736717827627,0.6730740850059032,158,80,0.6665064102564102,0.6366185897435898
default_0shot,microsoft_deberta-v2-xlarge-mnli,nqopen,meta-llama_Llama-3.1-8B-Instruct,42,squad_token_f1,400,291.81,84.53150000000001,16.0,0.797601880877743,0.7580094043887148,0.7984326018808777,0.8231974921630094,400,0.9880000000000001,1.0,204,109,0.6802510864316755,0.6998068565910188,196,181,0.8802946593001841,0.8738489871086557,0,0,,,400,290,0.7984326018808777,0.8231974921630094
default_0shot,microsoft_deberta-v2-xlarge-mnli,nqopen,meta-llama_Llama-3.1-8B-Instruct,42,llm_qwen2.5-72b,400,291.81,84.53150000000001,16.0,0.58560239210394,0.5914900373104708,0.7049826678309651,0.6827948453335451,400,0.9880000000000001,1.0,204,110,0.6991779497098646,0.7162959381044487,196,137,0.6434492144005939,0.5594457503402203,0,0,,,400,247,0.7049826678309651,0.6827948453335451
default_0shot,microsoft_deberta-v2-xlarge-mnli,nqopen,meta-llama_Llama-3.1-8B-Instruct,42,llm_llama-3.1-70b,400,291.81,84.53150000000001,16.0,0.545,0.5471085858585859,0.6748484848484848,0.6480429292929293,400,0.9880000000000001,1.0,204,103,0.6763914255503221,0.6903777756416418,196,117,0.6511954992967651,0.5744347073460998,0,0,,,400,220,0.6748484848484848,0.6480429292929293
default_0shot,microsoft_deberta-v2-xlarge-mnli,nqopen,meta-llama_Llama-3.1-8B-Instruct,43,squad_token_f1,400,293.055,83.42049999999999,16.0,0.7917017363384146,0.7236198135852115,0.7965647308207862,0.8076467470931139,400,0.9895,1.0,206,109,0.7020240234559728,0.7009363472997258,194,180,0.8634920634920635,0.7934523809523809,0,0,,,400,289,0.7965647308207862,0.8076467470931139
default_0shot,microsoft_deberta-v2-xlarge-mnli,nqopen,meta-llama_Llama-3.1-8B-Instruct,43,llm_qwen2.5-72b,400,293.055,83.42049999999999,16.0,0.5439620292561469,0.5509129577757029,0.6872341529204274,0.6558641975308642,400,0.9895,1.0,206,110,0.701751893939394,0.6848484848484848,194,128,0.6357125946969697,0.5675307765151515,0,0,,,400,238,0.6872341529204274,0.6558641975308642
default_0shot,microsoft_deberta-v2-xlarge-mnli,nqopen,meta-llama_Llama-3.1-8B-Instruct,43,llm_llama-3.1-70b,400,293.055,83.42049999999999,16.0,0.5230833270264134,0.5274981709932137,0.6747016826862433,0.6356366205000126,400,0.9895,1.0,206,103,0.6937977189178999,0.6737204260533509,194,116,0.6301392572944297,0.5536582670203359,0,0,,,400,219,0.6747016826862433,0.6356366205000126
default_0shot,microsoft_deberta-v2-xlarge-mnli,nqopen,meta-llama_Llama-3.1-8B-Instruct,44,squad_token_f1,400,292.2575,80.621,16.0,0.7966724425619305,0.7856340649467334,0.8287767937363625,0.8469227313566936,400,0.98775,1.0,204,111,0.7494429913784753,0.7564177080306113,196,183,0.8707440100882724,0.8888188314417823,0,0,,,400,294,0.8287767937363625,0.8469227313566936
default_0shot,microsoft_deberta-v2-xlarge-mnli,nqopen,meta-llama_Llama-3.1-8B-Instruct,44,llm_qwen2.5-72b,400,292.2575,80.621,16.0,0.5592072186499432,0.6043105501309836,0.7143632081712578,0.6926913815458707,400,0.98775,1.0,204,111,0.7301172139881817,0.7315702799573768,196,136,0.6511642156862745,0.5829044117647059,0,0,,,400,247,0.7143632081712578,0.6926913815458707
default_0shot,microsoft_deberta-v2-xlarge-mnli,nqopen,meta-llama_Llama-3.1-8B-Instruct,44,llm_llama-3.1-70b,400,292.2575,80.621,16.0,0.5279238095238096,0.5727492063492063,0.6768380952380952,0.6574222222222222,400,0.98775,1.0,204,105,0.7096200096200096,0.7167869167869168,196,120,0.6184758771929825,0.5606359649122807,0,0,,,400,225,0.6768380952380952,0.6574222222222222
default_0shot,microsoft_deberta-v2-xlarge-mnli,nqopen,mistralai_Mistral-7B-Instruct-v0.3,42,squad_token_f1,400,83.365,80.44800000000001,60.5,0.8801684051778308,0.8385698127434963,0.8422981860835324,0.826609693770684,400,0.60125,1.0,200,129,0.7554864068129709,0.7046074899006441,200,198,0.7234848484848485,0.8232323232323232,0,0,,,400,327,0.8422981860835324,0.826609693770684
default_0shot,microsoft_deberta-v2-xlarge-mnli,nqopen,mistralai_Mistral-7B-Instruct-v0.3,42,llm_qwen2.5-72b,400,83.365,80.44800000000001,60.5,0.6611432861432861,0.6689457314457314,0.7765578078078078,0.7186159373659373,400,0.60125,1.0,200,104,0.7481470352564102,0.6923577724358975,200,148,0.7562370062370062,0.6588487525987526,0,0,,,400,252,0.7765578078078078,0.7186159373659373
default_0shot,microsoft_deberta-v2-xlarge-mnli,nqopen,mistralai_Mistral-7B-Instruct-v0.3,42,llm_llama-3.1-70b,400,83.365,80.44800000000001,60.5,0.6209542230818826,0.6305996131528047,0.7459832366215345,0.6810444874274661,400,0.60125,1.0,200,99,0.7478247824782478,0.6835183518351835,200,136,0.6997931985294118,0.6044921875,0,0,,,400,235,0.7459832366215345,0.6810444874274661
default_0shot,microsoft_deberta-v2-xlarge-mnli,nqopen,mistralai_Mistral-7B-Instruct-v0.3,43,squad_token_f1,400,85.6275,79.89775,60.5,0.8811282051282051,0.856574358974359,0.8391179487179488,0.8444512820512821,400,0.6104999999999999,1.0,200,127,0.7288857728400389,0.7258116708014238,200,198,0.8434343434343434,0.7941919191919192,0,0,,,400,325,0.8391179487179488,0.8444512820512821
default_0shot,microsoft_deberta-v2-xlarge-mnli,nqopen,mistralai_Mistral-7B-Instruct-v0.3,43,llm_qwen2.5-72b,400,85.6275,79.89775,60.5,0.68256,0.6973333333333334,0.7706266666666667,0.7201333333333333,400,0.6104999999999999,1.0,200,101,0.7282728272827282,0.6843184318431843,200,149,0.7672720094749309,0.6670614554546651,0,0,,,400,250,0.7706266666666667,0.7201333333333333
default_0shot,microsoft_deberta-v2-xlarge-mnli,nqopen,mistralai_Mistral-7B-Instruct-v0.3,43,llm_llama-3.1-70b,400,85.6275,79.89775,60.5,0.606626996236395,0.6281405757298342,0.7010222764723832,0.6535957684874377,400,0.6104999999999999,1.0,200,97,0.7253528175357822,0.6736562906615954,200,129,0.6342395458019434,0.5654001528551151,0,0,,,400,226,0.7010222764723832,0.6535957684874377
default_0shot,microsoft_deberta-v2-xlarge-mnli,nqopen,mistralai_Mistral-7B-Instruct-v0.3,44,squad_token_f1,400,88.0,79.4935,61.5,0.8854886682585564,0.8579657324787399,0.8349671149093042,0.84190021364836,400,0.613,1.0,200,129,0.741511081995851,0.7043345343378098,200,198,0.7676767676767676,0.821969696969697,0,0,,,400,327,0.8349671149093042,0.84190021364836
default_0shot,microsoft_deberta-v2-xlarge-mnli,nqopen,mistralai_Mistral-7B-Instruct-v0.3,44,llm_qwen2.5-72b,400,88.0,79.4935,61.5,0.6567833611177264,0.6621153184620677,0.7667698658410733,0.7065438861104496,400,0.613,1.0,200,106,0.7746888799678844,0.7108089120835006,200,141,0.7330808991465321,0.6515807188363986,0,0,,,400,247,0.7667698658410733,0.7065438861104496
default_0shot,microsoft_deberta-v2-xlarge-mnli,nqopen,mistralai_Mistral-7B-Instruct-v0.3,44,llm_llama-3.1-70b,400,88.0,79.4935,61.5,0.6067570673408412,0.6127454735820629,0.7233075410505886,0.6669348042595572,400,0.613,1.0,200,102,0.7766606642657062,0.7008803521408563,200,127,0.6609858699169453,0.6064070758278503,0,0,,,400,229,0.7233075410505886,0.6669348042595572
default_0shot,microsoft_deberta-v2-xlarge-mnli,svamp,meta-llama_Llama-3.1-70B-Instruct,42,squad_token_f1,300,7.88,18.712333333333337,4.0,0.6429326923076923,0.6993269230769231,0.8789423076923077,0.9231730769230769,300,0.3326666666666667,0.93,160,12,0.8634572072072072,0.9017454954954955,140,28,0.8718112244897959,0.9162946428571429,21,0,,,279,40,0.8803870292887029,0.9237970711297071
default_0shot,microsoft_deberta-v2-xlarge-mnli,svamp,meta-llama_Llama-3.1-70B-Instruct,42,llm_qwen2.5-72b,300,7.88,18.712333333333337,4.0,0.6369399165288605,0.711433971178833,0.8403811323726278,0.8699897629734625,300,0.3326666666666667,0.93,160,17,0.7577128753599341,0.8081036610448376,140,34,0.8733351831298557,0.8863762486126526,21,2,0.618421052631579,0.6052631578947368,279,49,0.8522182786157941,0.8820319432120675
default_0shot,microsoft_deberta-v2-xlarge-mnli,svamp,meta-llama_Llama-3.1-70B-Instruct,42,llm_llama-3.1-70b,300,7.88,18.712333333333337,4.0,0.6458173076923077,0.7047596153846154,0.9008653846153846,0.9127403846153846,300,0.3326666666666667,0.93,160,12,0.8634572072072072,0.9017454954954955,140,28,0.9051339285714286,0.8977997448979592,21,0,,,279,40,0.9024581589958159,0.9133891213389121
default_0shot,microsoft_deberta-v2-xlarge-mnli,svamp,meta-llama_Llama-3.1-70B-Instruct,43,squad_token_f1,300,8.96,17.868333333333332,4.0,0.6463941341904379,0.6791884290879872,0.8928284451586983,0.9149256729610286,300,0.3306666666666666,0.9033333333333333,156,11,0.8736677115987461,0.9053291536050156,144,27,0.8925292814181703,0.9083570750237417,29,2,1.0,1.0,271,36,0.883628841607565,0.9077423167848699
default_0shot,microsoft_deberta-v2-xlarge-mnli,svamp,meta-llama_Llama-3.1-70B-Instruct,43,llm_qwen2.5-72b,300,8.96,17.868333333333332,4.0,0.6341352513227513,0.6743551587301587,0.8432953042328042,0.847635582010582,300,0.3306666666666666,0.9033333333333333,156,16,0.7892857142857143,0.8020089285714286,144,32,0.8659319196428571,0.8623046875,29,2,1.0,1.0,271,46,0.8322222222222222,0.8363768115942029
default_0shot,microsoft_deberta-v2-xlarge-mnli,svamp,meta-llama_Llama-3.1-70B-Instruct,43,llm_llama-3.1-70b,300,8.96,17.868333333333332,4.0,0.6380783966990864,0.684693977797426,0.8994007269869339,0.908193339227822,300,0.3306666666666666,0.9033333333333333,156,12,0.8885995370370371,0.9160879629629629,144,27,0.8956948401392846,0.8903133903133903,29,2,1.0,1.0,271,37,0.8909101409101409,0.9002079002079002
default_0shot,microsoft_deberta-v2-xlarge-mnli,svamp,meta-llama_Llama-3.1-70B-Instruct,44,squad_token_f1,300,8.88,19.711666666666666,4.0,0.6221374045801527,0.7475893933306549,0.8898654077942949,0.9035757332261952,300,0.33433333333333337,0.9166666666666666,152,12,0.8696428571428572,0.8988095238095238,148,26,0.8912358133669609,0.8841424968474149,25,1,0.9166666666666666,0.9583333333333334,275,37,0.8861571655689303,0.9001816942993414
default_0shot,microsoft_deberta-v2-xlarge-mnli,svamp,meta-llama_Llama-3.1-70B-Instruct,44,llm_qwen2.5-72b,300,8.88,19.711666666666666,4.0,0.6255386616798113,0.7517277827465647,0.856207821774128,0.8499064964631271,300,0.33433333333333337,0.9166666666666666,152,16,0.7938878676470589,0.8244485294117647,148,33,0.8831357048748353,0.8403162055335969,25,1,0.9166666666666666,0.9583333333333334,275,48,0.8509544787077826,0.8442088839941263
default_0shot,microsoft_deberta-v2-xlarge-mnli,svamp,meta-llama_Llama-3.1-70B-Instruct,44,llm_llama-3.1-70b,300,8.88,19.711666666666666,4.0,0.629419445560466,0.7661711530735235,0.9075431900361591,0.8990558457211731,300,0.33433333333333337,0.9166666666666666,152,12,0.8696428571428572,0.8988095238095238,148,26,0.9180327868852459,0.8764186633039092,25,1,0.9166666666666666,0.9583333333333334,275,37,0.9044401544401545,0.8952986600045424
default_0shot,microsoft_deberta-v2-xlarge-mnli,svamp,meta-llama_Llama-3.1-8B-Instruct,42,squad_token_f1,300,21.133333333333333,53.48533333333334,2.0,0.5421340629274966,0.666155950752394,0.7899316005471956,0.8736525307797538,300,0.9990000000000001,1.0,158,44,0.7909688995215312,0.8765948963317385,142,41,0.7867664815262014,0.8730982854382999,0,0,,,300,85,0.7899316005471956,0.8736525307797538
default_0shot,microsoft_deberta-v2-xlarge-mnli,svamp,meta-llama_Llama-3.1-8B-Instruct,42,llm_qwen2.5-72b,300,21.133333333333333,53.48533333333334,2.0,0.515336279887108,0.6675275573779221,0.7777304435805954,0.8776026412482028,300,0.9990000000000001,1.0,158,48,0.7711174242424242,0.8869318181818182,142,41,0.7844723496739918,0.8749094421637286,0,0,,,300,89,0.7777304435805954,0.8776026412482028
default_0shot,microsoft_deberta-v2-xlarge-mnli,svamp,meta-llama_Llama-3.1-8B-Instruct,42,llm_llama-3.1-70b,300,21.133333333333333,53.48533333333334,2.0,0.5307034589972794,0.6648992282494032,0.7882405196824163,0.8752984287379935,300,0.9990000000000001,1.0,158,44,0.7909688995215312,0.8765948963317385,142,39,0.7851630570077172,0.8787652476972865,0,0,,,300,83,0.7882405196824163,0.8752984287379935
default_0shot,microsoft_deberta-v2-xlarge-mnli,svamp,meta-llama_Llama-3.1-8B-Instruct,43,squad_token_f1,300,16.383333333333333,53.27,2.0,0.5318741450068399,0.588563611491108,0.7756497948016415,0.8656361149110807,300,0.9990000000000001,1.0,158,45,0.7570304818092428,0.8511307767944936,142,40,0.8041666666666667,0.8910539215686275,0,0,,,300,85,0.7756497948016415,0.8656361149110807
default_0shot,microsoft_deberta-v2-xlarge-mnli,svamp,meta-llama_Llama-3.1-8B-Instruct,43,llm_qwen2.5-72b,300,16.383333333333333,53.27,2.0,0.5131746031746032,0.5835185185185185,0.7751322751322751,0.8545238095238096,300,0.9990000000000001,1.0,158,49,0.7563190413780191,0.826530612244898,142,41,0.8091040811398214,0.8996619174112533,0,0,,,300,90,0.7751322751322751,0.8545238095238096
default_0shot,microsoft_deberta-v2-xlarge-mnli,svamp,meta-llama_Llama-3.1-8B-Instruct,43,llm_llama-3.1-70b,300,16.383333333333333,53.27,2.0,0.5278328924162258,0.5906911375661376,0.7817184744268078,0.8689925044091711,300,0.9990000000000001,1.0,158,45,0.7570304818092428,0.8511307767944936,142,39,0.8203883495145631,0.9016679113766493,0,0,,,300,84,0.7817184744268078,0.8689925044091711
default_0shot,microsoft_deberta-v2-xlarge-mnli,svamp,meta-llama_Llama-3.1-8B-Instruct,44,squad_token_f1,300,19.75,50.288333333333334,2.0,0.5534391534391534,0.6554761904761904,0.8070899470899471,0.8835978835978836,300,0.9986666666666667,1.0,161,47,0.8023516237402015,0.8859649122807017,139,43,0.8140746124031008,0.8857800387596899,0,0,,,300,90,0.8070899470899471,0.8835978835978836
default_0shot,microsoft_deberta-v2-xlarge-mnli,svamp,meta-llama_Llama-3.1-8B-Instruct,44,llm_qwen2.5-72b,300,19.75,50.288333333333334,2.0,0.5331411355254273,0.6653940055062074,0.8105033504753,0.8827593371772895,300,0.9986666666666667,1.0,161,50,0.810900900900901,0.8934234234234234,139,43,0.8137112403100775,0.8791182170542635,0,0,,,300,93,0.8105033504753,0.8827593371772895
default_0shot,microsoft_deberta-v2-xlarge-mnli,svamp,meta-llama_Llama-3.1-8B-Instruct,44,llm_llama-3.1-70b,300,19.75,50.288333333333334,2.0,0.5348605040202903,0.6439749608763693,0.8038152285359668,0.8826291079812206,300,0.9986666666666667,1.0,161,47,0.8023516237402015,0.8859649122807017,139,40,0.8108585858585858,0.8880050505050505,0,0,,,300,87,0.8038152285359668,0.8826291079812206
default_0shot,microsoft_deberta-v2-xlarge-mnli,svamp,mistralai_Mistral-7B-Instruct-v0.3,42,squad_token_f1,300,17.446666666666665,24.251,11.0,0.5759637704246506,0.6641026808065177,0.8520777388375586,0.8510536616448956,300,0.5806666666666667,1.0,162,60,0.8503267973856209,0.840359477124183,138,67,0.8471725877653984,0.8530586504099222,0,0,,,300,127,0.8520777388375586,0.8510536616448956
default_0shot,microsoft_deberta-v2-xlarge-mnli,svamp,mistralai_Mistral-7B-Instruct-v0.3,42,llm_qwen2.5-72b,300,17.446666666666665,24.251,11.0,0.5773529411764706,0.6764705882352942,0.8504298642533936,0.848868778280543,300,0.5806666666666667,1.0,162,61,0.8419899366985879,0.8314397013471839,138,69,0.8515017853392145,0.8554925435832809,0,0,,,300,130,0.8504298642533936,0.848868778280543
default_0shot,microsoft_deberta-v2-xlarge-mnli,svamp,mistralai_Mistral-7B-Instruct-v0.3,42,llm_llama-3.1-70b,300,17.446666666666665,24.251,11.0,0.5589316062652152,0.6503605714023242,0.8451839603141794,0.8507647788342291,300,0.5806666666666667,1.0,162,60,0.8503267973856209,0.840359477124183,138,63,0.8348148148148148,0.8568253968253968,0,0,,,300,123,0.8451839603141794,0.8507647788342291
default_0shot,microsoft_deberta-v2-xlarge-mnli,svamp,mistralai_Mistral-7B-Instruct-v0.3,43,squad_token_f1,300,17.59,24.442666666666664,10.0,0.5497828571428571,0.6401828571428572,0.8181942857142858,0.8545142857142857,300,0.5906666666666667,0.9966666666666667,153,59,0.8430400288496214,0.8690046880634692,147,66,0.796389824167602,0.8433408155630377,1,0,,,299,125,0.8211724137931035,0.8561609195402299
default_0shot,microsoft_deberta-v2-xlarge-mnli,svamp,mistralai_Mistral-7B-Instruct-v0.3,43,llm_qwen2.5-72b,300,17.59,24.442666666666664,10.0,0.5515988372093024,0.6418059593023255,0.8173146802325582,0.8535610465116279,300,0.5906666666666667,0.9966666666666667,153,60,0.8343189964157706,0.8597670250896058,147,68,0.8009121370067014,0.8479151154132539,1,0,,,299,128,0.8203810307017544,0.8552631578947368
default_0shot,microsoft_deberta-v2-xlarge-mnli,svamp,mistralai_Mistral-7B-Instruct-v0.3,43,llm_llama-3.1-70b,300,17.59,24.442666666666664,10.0,0.5282407407407408,0.6229166666666667,0.8184259259259259,0.8552777777777778,300,0.5906666666666667,0.9966666666666667,153,59,0.8430400288496214,0.8690046880634692,147,61,0.799561570720549,0.8497903164315669,1,0,,,299,120,0.8212988826815643,0.8568202979515829
default_0shot,microsoft_deberta-v2-xlarge-mnli,svamp,mistralai_Mistral-7B-Instruct-v0.3,44,squad_token_f1,300,16.36,23.476,10.0,0.5806222507331378,0.6255040322580645,0.818571297653959,0.8380681818181818,300,0.6010000000000001,1.0,153,55,0.8426716141001855,0.8696660482374768,147,69,0.7894834633965069,0.8039762170196952,0,0,,,300,124,0.818571297653959,0.8380681818181818
default_0shot,microsoft_deberta-v2-xlarge-mnli,svamp,mistralai_Mistral-7B-Instruct-v0.3,44,llm_qwen2.5-72b,300,16.36,23.476,10.0,0.5790686006203247,0.632685641306331,0.8178024083196497,0.8374384236453202,300,0.6010000000000001,1.0,153,56,0.832658321060383,0.8599963181148749,147,70,0.796660482374768,0.8114100185528756,0,0,,,300,126,0.8178024083196497,0.8374384236453202
default_0shot,microsoft_deberta-v2-xlarge-mnli,svamp,mistralai_Mistral-7B-Instruct-v0.3,44,llm_llama-3.1-70b,300,16.36,23.476,10.0,0.5569212962962963,0.6112037037037037,0.8228935185185186,0.8475462962962963,300,0.6010000000000001,1.0,153,55,0.8426716141001855,0.8696660482374768,147,65,0.7987804878048781,0.8237335834896811,0,0,,,300,120,0.8228935185185186,0.8475462962962963
default_0shot,microsoft_deberta-v2-xlarge-mnli,triviaqa,meta-llama_Llama-3.1-70B-Instruct,42,squad_token_f1,378,11.626984126984127,14.593915343915343,9.0,0.6162313195885017,0.6695101816180518,0.74277126285932,0.7502857626688116,378,0.03862433862433863,0.2275132275132275,190,29,0.6533518954808311,0.6581709145427287,188,50,0.7889130434782609,0.7930434782608695,292,58,0.7238063660477454,0.734490126731506,86,21,0.8025641025641026,0.8043956043956044
default_0shot,microsoft_deberta-v2-xlarge-mnli,triviaqa,meta-llama_Llama-3.1-70B-Instruct,42,llm_qwen2.5-72b,378,11.626984126984127,14.593915343915343,9.0,0.5704208998548621,0.6627285921625544,0.8020609579100145,0.7834542815674891,378,0.03862433862433863,0.2275132275132275,190,22,0.7433712121212122,0.7589285714285714,188,31,0.8384014793507294,0.7901171152660776,292,41,0.784277524050141,0.7663978233407832,86,12,0.9149774774774775,0.8947072072072072
default_0shot,microsoft_deberta-v2-xlarge-mnli,triviaqa,meta-llama_Llama-3.1-70B-Instruct,42,llm_llama-3.1-70b,378,11.626984126984127,14.593915343915343,9.0,0.5584925101054133,0.712689228818261,0.8694222081318855,0.8340730760085598,378,0.03862433862433863,0.2275132275132275,190,15,0.8422857142857143,0.8259047619047619,188,22,0.8837623220153341,0.8299561883899234,292,28,0.862892316017316,0.8241341991341992,86,9,0.9343434343434344,0.8896103896103896
default_0shot,microsoft_deberta-v2-xlarge-mnli,triviaqa,meta-llama_Llama-3.1-70B-Instruct,43,squad_token_f1,378,11.695767195767196,14.557671957671959,9.0,0.6388161449889845,0.675562206426404,0.7232822047636862,0.7635823253107203,378,0.04285714285714286,0.2724867724867725,191,28,0.6397896581945661,0.6617002629272568,187,53,0.7652773866516475,0.811391157420445,275,53,0.6911014788373279,0.7304096549379568,103,28,0.7819047619047619,0.8428571428571429
default_0shot,microsoft_deberta-v2-xlarge-mnli,triviaqa,meta-llama_Llama-3.1-70B-Instruct,43,llm_qwen2.5-72b,378,11.695767195767196,14.557671957671959,9.0,0.5817602642756017,0.6737553091080698,0.8135618216139688,0.7986078338839075,378,0.04285714285714286,0.2724867724867725,191,21,0.7298319327731092,0.7641456582633053,187,31,0.8673490488006617,0.815550041356493,275,30,0.7707482993197279,0.7562585034013606,103,22,0.8672839506172839,0.8501683501683501
default_0shot,microsoft_deberta-v2-xlarge-mnli,triviaqa,meta-llama_Llama-3.1-70B-Instruct,43,llm_llama-3.1-70b,378,11.695767195767196,14.557671957671959,9.0,0.5780539311241065,0.7333089668615984,0.8700454840805718,0.8396686159844055,378,0.04285714285714286,0.2724867724867725,191,14,0.8472558514931396,0.8414043583535109,187,22,0.8792011019283746,0.8351239669421487,275,17,0.841313269493844,0.780437756497948,103,19,0.8765664160401002,0.8706140350877193
default_0shot,microsoft_deberta-v2-xlarge-mnli,triviaqa,meta-llama_Llama-3.1-70B-Instruct,44,squad_token_f1,378,11.592592592592593,15.085185185185187,10.0,0.6232692307692308,0.6820512820512821,0.7447222222222222,0.7687820512820512,378,0.04920634920634921,0.30158730158730157,225,34,0.6758546350477364,0.6684631967970435,153,44,0.7870100083402836,0.8295454545454546,264,46,0.6936577582768249,0.7199840446749103,114,32,0.8147865853658537,0.8473704268292683
default_0shot,microsoft_deberta-v2-xlarge-mnli,triviaqa,meta-llama_Llama-3.1-70B-Instruct,44,llm_qwen2.5-72b,378,11.592592592592593,15.085185185185187,10.0,0.5847982538933459,0.6816304860783389,0.805627654554035,0.7953043888626711,378,0.04920634920634921,0.30158730158730157,225,23,0.7657124408092983,0.7764743865690917,153,29,0.8195216907675195,0.7819799777530589,264,31,0.7811158798283262,0.7858922885227745,114,21,0.84152585765489,0.8020993343573989
default_0shot,microsoft_deberta-v2-xlarge-mnli,triviaqa,meta-llama_Llama-3.1-70B-Instruct,44,llm_llama-3.1-70b,378,11.592592592592593,15.085185185185187,10.0,0.5780959752321981,0.7351780185758514,0.875,0.8436532507739938,378,0.04920634920634921,0.30158730158730157,225,17,0.873868778280543,0.8530825791855203,153,21,0.8611111111111112,0.8152958152958153,264,20,0.9080942622950819,0.8742827868852459,114,18,0.8148148148148148,0.7740162037037037
default_0shot,microsoft_deberta-v2-xlarge-mnli,triviaqa,meta-llama_Llama-3.1-8B-Instruct,42,squad_token_f1,378,131.42857142857142,43.00185185185185,10.0,0.6709944022742592,0.6807830954544123,0.8048415931537762,0.829840860467161,378,0.9941798941798942,1.0,210,61,0.7759929585212895,0.7911211354384421,168,88,0.8021306818181818,0.8364346590909091,0,0,,,378,149,0.8048415931537762,0.829840860467161
default_0shot,microsoft_deberta-v2-xlarge-mnli,triviaqa,meta-llama_Llama-3.1-8B-Instruct,42,llm_qwen2.5-72b,378,131.42857142857142,43.00185185185185,10.0,0.559724580267874,0.6073759667987172,0.8250518770043388,0.8272024146387474,378,0.9941798941798942,1.0,210,44,0.8040799561883899,0.8148274917853231,168,49,0.84093637454982,0.8373349339735895,0,0,,,378,93,0.8250518770043388,0.8272024146387474
default_0shot,microsoft_deberta-v2-xlarge-mnli,triviaqa,meta-llama_Llama-3.1-8B-Instruct,42,llm_llama-3.1-70b,378,131.42857142857142,43.00185185185185,10.0,0.5108944211934245,0.5738231867799974,0.8484920395219399,0.8378996418863528,378,0.9941798941798942,1.0,210,39,0.8404558404558404,0.8383565751986805,168,38,0.8698380566801619,0.8521255060728745,0,0,,,378,77,0.8484920395219399,0.8378996418863528
default_0shot,microsoft_deberta-v2-xlarge-mnli,triviaqa,meta-llama_Llama-3.1-8B-Instruct,43,squad_token_f1,378,120.2936507936508,43.721164021164014,10.0,0.6439094237128011,0.6921941426547,0.7804676428908833,0.8107729097779878,378,0.9915343915343916,1.0,213,65,0.7368503118503118,0.7741164241164241,165,81,0.800191064079953,0.8261316872427984,0,0,,,378,146,0.7804676428908833,0.8107729097779878
default_0shot,microsoft_deberta-v2-xlarge-mnli,triviaqa,meta-llama_Llama-3.1-8B-Instruct,43,llm_qwen2.5-72b,378,120.2936507936508,43.721164021164014,10.0,0.5711376894008878,0.6472465788604762,0.8015555637084052,0.8087280331657922,378,0.9915343915343916,1.0,213,47,0.8085747244296334,0.8211356062548064,165,50,0.7897391304347826,0.7870434782608695,0,0,,,378,97,0.8015555637084052,0.8087280331657922
default_0shot,microsoft_deberta-v2-xlarge-mnli,triviaqa,meta-llama_Llama-3.1-8B-Instruct,43,llm_llama-3.1-70b,378,120.2936507936508,43.721164021164014,10.0,0.5316207976268952,0.6267303889255109,0.823314930784443,0.8153427818061965,378,0.9915343915343916,1.0,213,42,0.834307992202729,0.8472570314675578,165,40,0.8233,0.7838,0,0,,,378,82,0.823314930784443,0.8153427818061965
default_0shot,microsoft_deberta-v2-xlarge-mnli,triviaqa,meta-llama_Llama-3.1-8B-Instruct,44,squad_token_f1,378,122.19576719576719,43.301587301587304,10.0,0.670005875440658,0.7267479435957697,0.7890716803760282,0.8135428907168037,378,0.9910052910052911,1.0,211,62,0.7423684780255466,0.7770621346611821,167,86,0.8033304622451909,0.8145277060005742,0,0,,,378,148,0.7890716803760282,0.8135428907168037
default_0shot,microsoft_deberta-v2-xlarge-mnli,triviaqa,meta-llama_Llama-3.1-8B-Instruct,44,llm_qwen2.5-72b,378,122.19576719576719,43.301587301587304,10.0,0.5754284869976359,0.6812943262411347,0.8399453309692672,0.8417553191489362,378,0.9910052910052911,1.0,211,45,0.8289825970548862,0.8339357429718876,167,51,0.8415314401622718,0.8466024340770791,0,0,,,378,96,0.8399453309692672,0.8417553191489362
default_0shot,microsoft_deberta-v2-xlarge-mnli,triviaqa,meta-llama_Llama-3.1-8B-Instruct,44,llm_llama-3.1-70b,378,122.19576719576719,43.301587301587304,10.0,0.5331585570469799,0.6746434563758389,0.8683515100671141,0.8525796979865772,378,0.9910052910052911,1.0,211,40,0.8690058479532163,0.8677631578947368,167,40,0.8724409448818897,0.8454724409448819,0,0,,,378,80,0.8683515100671141,0.8525796979865772
default_0shot,microsoft_deberta-v2-xlarge-mnli,triviaqa,mistralai_Mistral-7B-Instruct-v0.3,42,squad_token_f1,378,21.256613756613756,24.689947089947086,11.0,0.6717171717171717,0.7082781164413817,0.7889684012132991,0.798156492034043,378,0.6682539682539683,1.0,207,63,0.7314814814814815,0.7193011463844797,171,84,0.8234811165845649,0.8410645867542419,0,0,,,378,147,0.7889684012132991,0.798156492034043
default_0shot,microsoft_deberta-v2-xlarge-mnli,triviaqa,mistralai_Mistral-7B-Instruct-v0.3,42,llm_qwen2.5-72b,378,21.256613756613756,24.689947089947086,11.0,0.6059427394146064,0.6748188405797102,0.8331734867860188,0.7913824950269963,378,0.6682539682539683,1.0,207,46,0.7906427221172023,0.7625573859033217,171,56,0.8642857142857143,0.8062111801242235,0,0,,,378,102,0.8331734867860188,0.7913824950269963
default_0shot,microsoft_deberta-v2-xlarge-mnli,triviaqa,mistralai_Mistral-7B-Instruct-v0.3,42,llm_llama-3.1-70b,378,21.256613756613756,24.689947089947086,11.0,0.6123406210514224,0.6725313014511621,0.8603208638051844,0.8112149174866945,378,0.6682539682539683,1.0,207,40,0.8460329341317365,0.8049401197604791,171,51,0.8651960784313726,0.803186274509804,0,0,,,378,91,0.8603208638051844,0.8112149174866945
default_0shot,microsoft_deberta-v2-xlarge-mnli,triviaqa,mistralai_Mistral-7B-Instruct-v0.3,43,squad_token_f1,378,21.021164021164022,24.64920634920635,11.0,0.6821192052980133,0.7028182162966421,0.8141027511159086,0.8051025468973364,378,0.6703703703703704,1.0,204,63,0.7703478554542385,0.7127659574468085,174,88,0.8407108879492601,0.8606633192389006,0,0,,,378,151,0.8141027511159086,0.8051025468973364
default_0shot,microsoft_deberta-v2-xlarge-mnli,triviaqa,mistralai_Mistral-7B-Instruct-v0.3,43,llm_qwen2.5-72b,378,21.021164021164022,24.64920634920635,11.0,0.6050191815856778,0.6375035521454959,0.8326584256891162,0.7755932082978119,378,0.6703703703703704,1.0,204,45,0.8172606568832984,0.73340321453529,174,57,0.8460788723946618,0.7995201679412206,0,0,,,378,102,0.8326584256891162,0.7755932082978119
default_0shot,microsoft_deberta-v2-xlarge-mnli,triviaqa,mistralai_Mistral-7B-Instruct-v0.3,43,llm_llama-3.1-70b,378,21.021164021164022,24.64920634920635,11.0,0.6128277683455952,0.6348802112808904,0.8557253348424826,0.7896623278626674,378,0.6703703703703704,1.0,204,40,0.8470274390243903,0.7608231707317074,174,53,0.8612193980976143,0.8038359582098862,0,0,,,378,93,0.8557253348424826,0.7896623278626674
default_0shot,microsoft_deberta-v2-xlarge-mnli,triviaqa,mistralai_Mistral-7B-Instruct-v0.3,44,squad_token_f1,378,21.650793650793652,24.600264550264555,11.0,0.6749423811885521,0.7027744551740234,0.7962336260466202,0.8089243516060332,378,0.6703703703703703,1.0,202,63,0.7358113509192646,0.71120246659815,176,88,0.8335485537190083,0.8756456611570248,0,0,,,378,151,0.7962336260466202,0.8089243516060332
default_0shot,microsoft_deberta-v2-xlarge-mnli,triviaqa,mistralai_Mistral-7B-Instruct-v0.3,44,llm_qwen2.5-72b,378,21.650793650793652,24.600264550264555,11.0,0.6014298323036187,0.6623124448367167,0.8314739629302736,0.7854192409532216,378,0.6703703703703703,1.0,202,46,0.7785674470457079,0.7342530657748049,176,57,0.8788146837682441,0.8261831048208758,0,0,,,378,103,0.8314739629302736,0.7854192409532216
default_0shot,microsoft_deberta-v2-xlarge-mnli,triviaqa,mistralai_Mistral-7B-Instruct-v0.3,44,llm_llama-3.1-70b,378,21.650793650793652,24.600264550264555,11.0,0.6085626330191548,0.6605351170568562,0.8583155974460323,0.800832319854059,378,0.6703703703703703,1.0,202,40,0.8193672839506173,0.7654320987654321,176,52,0.8901209677419355,0.8232785359801489,0,0,,,378,92,0.8583155974460323,0.800832319854059
